geno	ID	AC_GxE	AC_noGE	COV_GxE	COV_noGE	CUR_GxE	CUR_noGE	DTS_GxE	DTS_noGE	SC_GxE	SC_noGE	SOL_GxE	SOL_noGE	TBN_GxE	TBN_noGE	TP_GxE	TP_noGE	TPF_GxE	TPF_noGE	GER_GxE	GER_noGE	DTP_GxE	DTP_noGE	EH_GxE	EH_noGE	PH_GxE	PH_noGE	FLH_GxE	FLH_noGE	TE_GxE	TE_noGE	TIL_GxE	TIL_noGE	LA_GxE	LA_noGE	EL_GxE	EL_noGE	EW_GxE	EW_noGE	SL_GxE	SL_noGE
13B-587-68A	13B-587-68A	1.983081504	2.869855526	0.831982186	0.831371791	23.03409071	12.11968906	68.13534582	74.94068319	1.979951412	2.930777641	0.933075712	0.906824681	9.97368732	-0.599058257	96.08640364	49.41981821	0.893345971	0.93313591	54.62891499	36.74273618	63.64837188	58.91039776	37.59438017	32.44776182	152.4038408	132.2352929	111.007018	96.84461745	41.45600816	34.80348249	2.111606544	-0.094170032	44.49348867	45.00744898	119.4642164	141.7045369	37.0562254	38.93112159	36.61077857	95.7078705
14H-588-68B	14H-588-68B	1.983081528	2.564551596	0.827121907	0.826170997	30.54322422	18.45728113	68.86946856	69.80069252	1.646359726	2.455672875	0.940344376	0.923130146	9.022118521	1.148986562	75.7728675	59.78427123	0.90092755	0.851629363	14.02686234	24.67310168	61.63364821	56.60297018	46.23066807	41.01271325	188.282839	169.3377836	145.6445039	129.9205141	42.39399945	37.18787121	1.365476631	0.058123012	46.10151572	51.02101962	122.8252099	144.5710224	37.38759979	39.31256622	163.1107782	106.6552015
176	176	1.983082192	2.564551883	0.837754151	0.837967767	19.94236542	14.42541004	56.31145104	59.35005974	-0.022736554	1.211987369	0.940239833	0.924320347	5.676953341	-3.684104444	119.2395897	70.33110731	0.907919513	0.896567358	78.39335404	74.14521	43.15699482	46.2287017	39.67885357	28.76476886	166.9033303	108.104498	122.1302431	77.94703285	44.39458498	29.39394608	0.539720901	-0.99578666	35.3595856	31.53161155	150.5325826	142.7802571	40.84928624	39.51673175	105.7245832	98.58958399
197A-381-68A	197A-381-68A	-0.016918205	0.869855609	0.819488917	0.823302665	15.76929631	11.85461584	63.05716965	67.7594154	-0.01676157	0.931294417	0.946809548	0.917363725	10.33613141	1.516161656	109.4007237	58.82608351	0.873500684	0.87292757	52.9646828	51.15533331	59.69167603	54.40328781	25.64081378	34.36944516	163.9887438	155.8868319	124.4936077	122.4365386	39.49654291	33.4000497	0.207759842	-1.16013842	54.12318102	48.86464395	154.987116	145.4005606	40.49992807	38.97849706	122.2774456	101.8324943
2	2	1.974622037	1.770999202	0.830220522	0.827321713	10.97298965	6.181474991	70.83296956	72.25493718	1.964480474	2.762654283	0.927009263	0.917557129	7.672186802	-0.378093333	73.04232521	46.91921726	0.893232616	0.900255602	26.22017561	33.96914999	68.19167603	60.463078	46.64081378	36.55241978	143.4887438	119.3998405	115.4936077	97.02058653	27.49654291	21.37108289	1.707759842	-0.039947755	35.62318102	37.98760443	101.1590385	142.1751544	28.77774439	38.33113823	51.25000177	96.17147191
21-396-68B	21-396-68B	0.002274679	0.899270252	0.868126359	0.854223373	9.179704307	5.948852785	67.28433224	66.78711345	-0.013406656	0.945328196	0.940164268	0.932133379	7.061668824	0.638779097	71.90256	59.41062673	0.936279146	0.92774111	31.6692902	44.81421312	58.07890691	53.74510057	44.89611181	36.16065368	183.6228691	162.6470998	144.2840403	124.2973285	39.4219567	36.92724919	1.077481351	0.167856563	42.12831171	42.66934985	105.4792907	143.8739325	30.30510486	38.87697371	161.2357783	105.4036789
226	226	1.983081846	2.411899658	0.829279598	0.824436017	17.69450206	9.390602308	53.415267	61.15604802	-0.015669903	1.355818097	0.939543241	0.916778042	5.426430453	-2.531800677	102.5484248	57.97480596	0.928263327	0.914393992	70.38914798	52.72683853	43.01514592	47.08512041	32.29171469	24.35351491	169.0894224	104.8469544	127.5907527	78.6174648	41.38298212	25.43020643	0.62711121	-0.388394629	40.35984503	37.60419764	149.9352263	142.9547853	40.50315616	39.24741305	104.8010383	98.81597757
245	245	0.002274845	0.899270271	0.867175076	0.84165209	11.65641273	8.034607745	71.03098425	72.95992914	-0.008295191	0.945318725	0.946974066	0.918907002	9.318907358	1.526916634	70.8199391	36.88720276	0.835675405	0.847642121	16.77035876	17.1497574	70.19095676	57.75872279	46.11962573	38.98931592	159.8791848	153.2380849	117.9818928	116.9069727	41.58606303	35.88809321	3.611342861	1.593126066	31.27836846	31.36854089	150.4157103	142.8594034	39.59439892	38.34494231	72.86077867	103.4111521
257A9	257A9	1.98308171	2.411899728	0.79410267	0.807347113	18.16592248	8.576694443	63.18146311	64.94166717	1.978032902	2.929558499	0.915106476	0.904949028	4.794112269	-2.778184363	83.30461941	52.25307769	0.912930835	0.890241234	22.21164413	32.69775674	51.40390804	51.52348192	50.26279456	43.60047925	192.2458634	138.6804379	152.6175197	111.7768884	39.21252461	25.52498588	0.54047338	-1.198618366	64.86052385	61.57547979	149.9840943	142.3623871	39.83616307	38.77935527	107.5304378	100.2034886
34f	34f	-0.016918359	0.869855721	0.819480902	0.820208114	13.14277628	7.084135856	68.8282808	72.87225598	-0.019708009	0.930844418	0.939830534	0.921034634	9.841350027	2.019858649	73.35860754	35.77844938	0.851424079	0.840083369	56.91925769	56.88129048	68.57890691	60.4072751	37.39611181	28.55719507	138.6228691	113.6871284	104.2840403	90.01720157	33.9219567	23.6029647	1.077481351	0.372198892	41.12831171	35.28679621	141.9792907	143.4530933	30.80510486	38.61192503	135.4441132	100.7408044
442A-431-68D	442A-431-68D	1.983081481	2.717203545	0.834193737	0.833634277	20.20029659	13.99661178	66.7504535	71.44998972	1.646388474	2.695961323	0.923367157	0.910903868	6.981446554	0.288521923	100.3245731	79.72948077	0.913355798	0.922218087	32.40368128	46.71269688	63.57890691	56.70727722	59.39611181	43.56351364	195.6228691	170.9580899	161.7840403	141.3232644	33.9219567	29.19123975	0.577481351	-1.232168746	54.62831171	52.23331425	98.47929065	142.7638151	31.80510486	38.93488444	111.7357794	103.4544654
469	469	1.983081257	2.259247195	0.843317869	0.848451542	14.10452953	6.624422582	53.76471296	59.07176065	0.311916403	1.405012818	0.947411748	0.936905863	6.987633635	-0.537815771	77.57754319	49.00322824	0.912942541	0.916865402	55.42224688	60.52597627	52.64837188	46.43881433	22.09438017	31.76953717	119.4038408	129.059347	81.50701804	98.23204896	37.45600816	30.68063787	2.611606544	-0.115329223	39.99348867	38.03450133	131.9642164	146.1744008	34.0562254	39.07551763	50.3607797	98.46109511
471_U6	471_U6	1.983081574	2.717203538	0.823184189	0.84134102	14.8517381	7.33526414	69.75174726	71.57859209	-0.023007738	1.211363437	0.934248292	0.927109795	6.982562498	-0.08973957	82.1507455	46.20938834	0.957697654	0.931473437	43.30738895	51.69373493	62.07890691	57.96166622	51.39611181	39.77449635	166.1228691	148.5468896	126.7840403	112.4320172	38.9219567	35.1603604	2.077481351	0.611846154	19.12831171	24.35722082	101.4792907	143.0154956	28.80510486	38.82108646	63.36077814	98.93772864
592	592	1.983081723	2.307961289	0.868481473	0.861833315	10.09140695	5.279368241	58.73210752	61.75220266	1.644510792	2.364701931	0.952072751	0.935379901	9.349361635	0.14872281	65.96954239	32.70360569	0.95635897	0.953636882	85.2968071	67.81288463	58.14837188	48.784358	25.09438017	31.33670275	139.9038408	133.6964124	103.507018	102.1560607	35.45600816	30.52077696	2.611606544	0.83078488	69.99348867	62.15573153	134.9642164	146.269968	28.5562254	38.53146086	104.3100955	97.3302796
789	789	-0.016918203	0.869855609	0.847846101	0.852895874	16.10177052	12.12401594	56.24102317	59.81725321	-0.019709039	0.930155555	0.939574976	0.917820339	6.725026233	-2.942638183	87.72974208	41.29289383	0.899684798	0.894345138	50.5887968	43.49219432	51.76264707	46.76450569	23.67017823	23.24937666	117.2745308	101.5401405	86.12812687	76.47978544	30.92425009	24.27896071	1.837564628	-0.046725142	46.71459735	42.0532744	127.8350735	147.0525867	31.48523669	38.96782676	113.8607791	99.55497079
81-1	81-1	5.75E-07	0.912738336	0.88411162	0.88905791	9.351017869	3.607029303	78.62264735	87.40279937	0.002552494	0.935427913	0.920612158	0.903476986	16.41060453	8.314759799	46.36120536	8.471092269	0.970485363	0.962784283	28.22092023	25.31682636	66.81766912	72.78167168	78.06715867	66.79311804	232.465014	173.6300923	181.9217988	135.6302478	50.13538728	36.77441751	1.090849292	-0.67959749	38.19338607	31.94797887	151.3187142	144.195909	38.83011805	37.74878182	108.0312522	100.7115867
83610b	83610b	1.649748274	2.536522335	0.807221612	0.786499842	11.24913098	9.88055841	62.18625342	65.98471641	1.975021177	2.786369356	0.944533431	0.915988201	11.40433536	3.119009043	68.89252403	35.91149729	0.95035509	0.949743577	50.39010413	43.14984802	60.00793588	53.44004391	29.36674736	33.37919034	165.3370822	148.2741474	126.1495211	112.8575863	38.99424952	33.33629847	-0.052323435	-1.059282689	50.03689537	44.17884878	144.8032556	146.6115827	34.59761256	38.93590299	32.98577979	97.17456806
83612b	83612b	1.983081964	2.869855949	0.853027962	0.852843214	12.47215278	5.770608533	62.48652508	66.95099525	1.98090257	2.930712418	0.961663148	0.94545732	6.653145642	-0.572640073	90.66888812	55.71849413	0.941319626	0.93482258	67.48131557	69.67271081	58.70461924	53.83601959	26.26003252	30.31362512	147.5686259	133.4996941	112.2790231	107.6023016	34.82170663	25.62417876	0.495281418	-1.069536749	34.69293206	32.46993608	108.001245	143.7802275	31.5950921	39.15743812	85.98577911	99.20830536
908	908	-0.016918242	0.869855776	0.846154892	0.833428363	13.14084336	10.83423637	56.46767834	61.27895807	-0.02459984	0.928659296	0.944014432	0.921220211	7.873677629	-1.168610748	77.19426731	50.00716914	0.947834031	0.905378932	59.54828622	55.59017114	64.07890691	50.96990555	15.39611181	33.90571175	120.1228691	129.741304	84.28404028	98.23865608	35.9219567	30.4599376	5.077481351	0.799571388	49.12831171	45.50549281	154.270272	146.986981	39.98868256	38.92375969	67.98577846	99.23121228
A10579	A10579	-0.016918271	0.869856015	0.803692325	0.829316661	12.79450874	11.82723926	71.60769362	69.21193511	-0.023598554	1.071615407	0.900045701	0.908994496	11.44933677	6.372551678	53.80071166	43.9922122	0.788019682	0.834530909	8.939686662	26.03912593	57.57890691	54.89867988	51.89611181	32.41007078	161.6228691	110.8736126	129.7840403	86.10943995	31.4219567	23.2863735	1.077481351	-0.691537906	49.62831171	57.37521922	116.9792907	144.2268812	28.30510486	38.95035669	71.61077948	102.799324
A15	A15	1.31641462	1.745232845	0.832263908	0.834895336	16.92500656	11.83290473	57.09798166	59.84445944	1.979061533	2.225411021	0.942842922	0.924179664	4.409752285	-5.213856454	114.5092811	82.38027133	0.933690988	0.918225301	83.47991907	76.7721249	55.57890691	47.7810945	45.39611181	43.65337414	162.6228691	138.1585762	130.7840403	112.2608249	30.9219567	24.69944211	0.077481351	-1.333970442	40.62831171	40.31404099	102.4792907	145.0634768	32.80510486	39.42009652	132.1107804	101.1165919
A632_sh2sh2	A632_sh2sh2	-0.0169181	0.86985582	0.772237562	0.780322863	15.25420234	9.272098537	68.11232165	70.66464898	-0.018051701	0.930990133	0.917208953	0.893525058	6.592054038	-1.993948408	76.38546144	47.01513729	0.900120898	0.899157122	17.22878043	17.03512445	55.93370364	56.82036774	44.00908869	35.53734716	179.4174131	119.5014483	139.9640332	94.93230539	39.29478927	23.45426326	1.249165384	-0.723678547	44.61081689	37.17772215	153.8657488	147.2209866	40.01240683	38.86513125	111.0179003	103.5556422
A632_susu	A632_susu	1.983081655	2.411899536	0.651848314	0.697577113	16.52190805	8.513379801	66.3794903	71.16113129	-0.02000211	0.931618204	0.897234309	0.888254109	6.525546441	-1.4401008	72.40334299	32.55535299	0.919093946	0.896483329	62.31573963	48.04592447	63.07490111	58.1681927	64.40478852	50.25252775	205.4290431	134.891919	168.0761528	111.1422758	37.34573366	22.04107243	0.393668594	-1.238566245	51.19367505	47.32499353	152.6874481	144.7491039	39.8699258	38.67118268	107.1061124	99.66157822
A648	A648	0.649748231	1.231218178	0.791061556	0.783453178	17.11646222	10.5488903	67.58904816	69.96239163	-0.022962947	0.929555707	0.922511874	0.903724947	5.062747952	-1.895674665	71.68475019	38.44419631	0.884948712	0.909334296	60.25693708	59.86030325	67.64837188	57.6150291	37.59438017	35.51820678	143.4038408	148.2915726	114.007018	119.2989113	29.45600816	28.30252142	0.111606544	-1.230332789	33.99348867	35.48476008	170.0972577	148.8208097	32.4731556	38.53700436	99.98577865	100.0247204
A684su	A684su	-0.016918252	0.869855743	0.872386301	0.873902308	16.94220051	7.671771148	58.46840914	65.45933688	-0.01692607	0.930722756	0.956742127	0.949599785	11.6414041	2.748086733	90.26847612	59.77579976	0.940096078	0.937445412	63.2823061	67.51999623	60.00793588	54.11213237	20.86674736	31.28631335	118.3370822	117.580759	89.14952112	93.13824763	29.49424952	23.43354211	0.947676565	-0.771872706	46.53689537	49.10957266	96.80325556	142.5746677	39.09761256	39.34882673	79.61077889	100.732707
A685su	A685su	-0.016918191	0.86985573	0.82042277	0.820241106	11.58971392	5.886643325	66.32187951	71.67508445	0.645654128	1.595594341	0.92724523	0.916826401	5.518144439	-2.842671901	90.1448227	49.8631494	0.886078454	0.894822685	31.83664455	38.6123215	60.00793588	54.96340001	20.36674736	21.51713787	129.8370822	125.1994596	101.1495211	98.66226611	28.99424952	24.84746816	0.947676565	-0.959525719	48.53689537	44.33045139	104.3032556	143.0762792	33.09761256	39.01724092	111.0745859	102.8821221
A686su	A686su	1.974622816	1.957314976	0.840346675	0.857481448	17.20179424	9.654809058	72.73399316	70.83793284	1.968401417	2.063348438	0.909785519	0.913412005	4.62245986	-2.853120363	80.15099948	59.59910293	0.890205085	0.898557761	10.01289519	24.74966891	60.19167603	56.83431416	26.64081378	20.2482987	133.9887438	113.9457748	102.4936077	89.12752917	30.99654291	24.46695757	0.707759842	-1.150355603	54.12318102	51.90609822	107.6590385	141.6908725	33.77774439	38.73694006	94.98577908	101.3843298
A7	A7	1.983081473	2.41189937	0.844525392	0.833851414	18.97334118	15.44179651	63.41386347	68.91153657	-0.0247764	0.929567466	0.952934595	0.927945966	12.08362822	1.444784802	115.4207745	73.21081406	0.914653626	0.896451029	60.67785047	57.21073356	62.27408421	56.08733578	59.45830089	55.58623687	168.8495977	151.1846243	134.0020008	118.616044	34.35575809	30.67677573	0.029406611	-1.271616518	52.05810902	51.26430818	110.4861707	144.7424601	35.34621263	39.47664096	66.23577928	98.62151089
ARZM_16_011	ARZM_16_011	-0.016918747	0.869855561	0.824049538	0.83097243	10.46841386	4.375632757	62.1686762	65.70714033	-0.023003641	0.930344179	0.946411817	0.930986581	6.436485186	-2.528561025	95.59754912	50.48769904	0.867624016	0.846978954	67.32202798	66.86684143	58.00793588	51.72606459	17.86674736	24.91472362	125.3370822	122.0697026	95.14952112	94.85474749	29.99424952	25.71619173	3.947676565	1.241203716	45.53689537	41.91437435	134.3032556	144.6997123	34.09761256	39.1443344	105.0499854	99.33415694
ARZM_19_051	ARZM_19_051	1.983081215	2.411899327	0.800181028	0.806653346	20.14684925	12.13920467	65.17733169	68.45764462	1.977053088	2.929244243	0.92434756	0.914089723	17.94052228	9.556971746	71.20897422	43.84702182	0.901083631	0.917669976	86.80493542	75.72259205	64.47326731	55.48032656	47.61726745	57.00644748	183.2318203	181.5846707	138.7203165	141.8120948	44.33054007	39.51208745	1.132036782	0.199034855	47.88118017	47.18068062	133.0972577	145.979061	41.4731556	39.22768726	85.98577866	99.38253865
ARZM_19_057	ARZM_19_057	1.983081668	2.411899138	0.851787523	0.842638735	13.64850984	7.436894325	61.61820257	66.48981416	1.974446457	2.786801519	0.948593891	0.93797984	16.75032799	7.733376676	87.39050218	62.51367207	0.91500204	0.870406079	83.36475358	72.96496938	62.13364821	54.05328159	54.23066807	62.56251679	209.282839	188.488583	165.6445039	145.1261204	43.39399945	41.9372987	0.365476631	-0.718217266	32.10151572	34.70152472	150.3252099	145.3408287	42.88759979	39.50408897	87.98577923	98.11111262
ARZM_19_069	ARZM_19_069	0.983081495	2.022507664	0.80403589	0.817442225	24.92552704	19.57436292	66.1494169	71.67433983	0.648439698	1.455910836	0.927926803	0.918377126	11.94012054	2.469722915	85.31036482	51.08887087	0.94012768	0.889655468	31.03172216	37.3897809	60.20461924	56.51525435	75.26003252	61.18397454	240.0686259	198.2921321	191.7790231	157.9090654	48.32170663	39.83439059	1.495281418	0.492315513	36.19293206	41.41223069	169.001245	148.9661769	40.5950921	39.59775556	134.3607792	101.8048729
ARZM_20_005	ARZM_20_005	1.31641526	2.050536917	0.833756474	0.831752857	22.27548477	16.4496468	61.9450808	68.55620069	1.651545747	2.457081048	0.948718864	0.931518898	16.59369658	8.131361645	95.67167112	64.96410151	0.903464863	0.891383193	63.627687	58.84138501	55.83211203	53.27917372	75.36844659	61.64321041	203.5555025	175.8003339	156.3511046	136.7329874	46.45830155	38.26278314	2.871689821	-0.406420445	40.57977431	44.92350515	162.8199993	148.2766493	47.73635723	39.85377126	107.8607799	99.41604416
ARZM_20_006	ARZM_20_006	0.649748383	1.841826819	0.843969559	0.848077358	13.88429251	10.17756924	66.50441492	73.18920623	0.309886062	1.403470345	0.95469451	0.934638275	8.506351004	1.054280581	90.4656294	49.1774506	0.939113671	0.928508847	62.03347929	56.04881158	60.83211203	54.73820085	33.36844659	42.44430419	144.5555025	151.556271	119.3511046	123.3800316	33.45830155	28.65431783	1.871689821	-0.812319519	32.07977431	35.59721273	139.8199993	145.0542798	41.73635723	39.20702553	92.81911214	101.7189892
ARZM_21_002	ARZM_21_002	0.649748161	1.383870442	0.833187452	0.821849246	21.61871551	14.40577877	64.59975026	70.48949124	1.309428657	1.698350405	0.948363544	0.921399251	12.99763796	2.876732207	110.5617699	65.571159	0.870960594	0.891237907	69.97122149	64.05748996	59.47326731	53.09690983	31.36844659	42.56957669	112.0555025	135.506363	87.35110463	109.0662556	25.45830155	25.77276322	3.371689821	0.221704491	32.07977431	38.64521701	133.0972577	144.2205158	40.4731556	39.44401542	72.73577907	100.6551655
ARZM_21_006	ARZM_21_006	1.983081584	2.869855625	0.830258725	0.825860981	16.57434187	10.99050261	56.88797218	62.9875152	1.976972794	2.506043182	0.931623282	0.908216168	9.875535805	1.627630233	70.58031114	37.54114717	0.86677715	0.882626944	44.00102273	44.26363033	45.79648031	48.36045995	23.57149289	24.6204498	123.5758614	102.4545737	97.29371963	74.5355581	26.58147624	26.21548274	4.091176307	0.231778069	43.10579716	41.92495833	152.8311751	148.2525119	28.6392952	38.94033872	104.6107788	98.86770755
ARZM_21_007	ARZM_21_007	1.649748646	2.094730176	0.824154269	0.828379048	14.67929531	8.182245582	55.33023316	58.37678594	1.977765043	2.916778857	0.952240154	0.931239797	9.535411247	-0.184113084	106.6931464	61.70015445	0.938321988	0.885617711	70.53379119	60.11592517	52.77408421	46.08762796	38.61726745	31.51565435	138.2318203	121.2982433	103.7203165	94.63306407	34.33054007	25.58264972	4.029406611	-0.017857346	43.88118017	36.46547548	100.0972577	142.0684445	32.4731556	39.12680714	66.5274459	97.03021767
ARZM_21_008	ARZM_21_008	-0.016918241	0.869855701	0.832705189	0.835708241	8.351658818	2.331956669	54.56499096	59.07218695	-0.02035778	0.930933816	0.939423814	0.921962245	12.84403448	2.894314081	49.21638395	14.22918071	0.95948334	0.947698748	66.1750166	60.93130412	56.76264707	47.36574078	28.67017823	32.6465653	132.7745308	126.0064306	96.62812687	96.94344478	35.42425009	27.81903108	3.837564628	0.431613481	34.71459735	45.35265802	145.3350735	146.0125741	31.48523669	38.36300421	101.1107797	99.92172807
ARZM_21_009	ARZM_21_009	0.316415355	1.203189152	0.82970357	0.835309858	15.63277557	9.352802282	54.6267402	59.88241578	-0.024280886	0.92898044	0.944089284	0.927418557	10.51207639	1.215312389	77.16352071	48.66962574	0.955564193	0.911962317	82.14175051	77.65882305	52.14837188	45.63013728	26.59438017	35.59326044	136.9038408	136.72949	103.007018	107.48269	33.95600816	28.90446728	2.611606544	-0.33489289	55.99348867	54.15181022	102.4642164	143.880878	28.0562254	38.99432944	150.4857798	99.02061508
ARZM_21_013	ARZM_21_013	1.316415203	2.203189146	0.83268862	0.827083496	15.77021245	8.871838538	51.64922242	56.76264839	1.977246935	2.787964689	0.928208638	0.91546414	8.728126302	0.77133244	84.00882806	52.83876678	0.954214747	0.931421924	85.2405228	86.29482381	51.50793588	44.45250455	34.86674736	35.58283852	153.3370822	135.9814111	109.1495211	103.1603094	44.49424952	32.87093951	2.447676565	0.175254644	47.03689537	48.42651198	137.8032556	144.3666638	34.09761256	39.03490243	81.61077973	99.84704082
ARZM_21_014	ARZM_21_014	1.316414687	2.203188625	0.84112021	0.824256904	18.31842377	10.43902989	50.06121624	57.24334466	-0.01854201	0.93096469	0.92159141	0.897654027	10.33750551	0.054289269	63.53481156	31.29919404	0.912327848	0.905353976	70.40860951	63.12239494	63.19095676	46.34479606	40.11962573	35.10712009	136.8791848	133.785543	97.98189281	106.7112869	38.58606303	26.51658737	1.611342861	0.543134158	29.27836846	39.99109606	132.5427409	144.8790012	48.99955887	38.92334045	98.61077822	99.27274826
ARZM_21_018	ARZM_21_018	1.983081826	2.717203763	0.83907218	0.835192973	16.63635535	11.07852692	67.6186475	72.23706944	1.979662293	2.755713817	0.935101128	0.915814949	14.98268569	7.558485581	84.26895201	45.28842559	0.852773103	0.837970502	58.08694074	57.91235868	67.27408421	59.88224806	67.95830089	59.3015054	189.8495977	171.4888902	151.5020008	138.758005	38.35575809	32.32634251	2.029406611	-0.231189556	45.05810902	47.76153148	129.4861707	143.6455914	37.84621263	38.85321091	81.73577845	101.4785409
AS11	AS11	-0.016918195	0.869855645	0.84840653	0.832646174	18.45748914	15.13514033	70.40743973	72.89135102	-0.018179788	0.929982153	0.934255793	0.907018764	4.061180249	-3.452394232	69.63276171	30.33973722	0.884822106	0.860153381	54.52758988	50.02864864	61.57815388	58.66459274	44.73056377	23.42700655	166.1204615	108.3652194	131.8282696	83.05996532	34.22512884	23.12870596	0.279641554	0.084152724	37.26519202	38.78791265	98.38373598	139.8934898	29.82691898	38.22599028	97.98577955	96.25247216
AS12	AS12	-0.016918213	0.869855828	0.878493426	0.872394035	26.63667843	18.19499338	61.18755212	65.46261665	-0.017464892	0.931175323	0.915232525	0.883906486	6.518684878	-1.286472132	80.80486997	40.89278977	0.961029279	0.941779835	63.67332226	63.08007345	65.27408421	53.40119348	34.45830089	40.20258429	139.8495977	149.5701049	114.0020008	122.776803	25.85575809	25.77321754	1.529406611	-0.932452602	62.55810902	55.07765711	118.4861707	145.8044516	33.34621263	38.3225425	56.40244622	102.6089774
Amarillo_dulce	Amarillo_dulce	1.316414954	2.355840895	0.85236549	0.858417416	18.23623995	12.59798044	54.34475988	58.84396528	0.646882863	1.314984492	0.937493198	0.922087653	7.791758637	0.003617005	72.08386605	35.41261692	0.944745328	0.922543974	57.13701649	55.53725461	54.83211203	46.71961314	17.86844659	19.22349533	118.5555025	91.7269129	86.35110463	67.70017474	31.95830155	23.12354116	2.871689821	0.499930036	42.07977431	35.85065396	91.09725773	142.7805575	28.4731556	38.64278149	127.2357784	98.37345334
Andjar_Bekaa	Andjar_Bekaa	0.649748181	1.536522206	0.777238522	0.817438193	16.38637472	8.992448653	51.38944796	55.77400765	1.975277344	2.929125362	0.931763888	0.92037412	8.2751947	0.52671635	81.96417573	46.33260675	0.915032864	0.90929379	51.71731147	50.47735242	46.07890691	42.51811507	25.89611181	21.78647533	138.6228691	105.9163675	102.7840403	79.34703963	34.9219567	25.25285269	1.577481351	-0.708795499	51.12831171	50.60152453	127.4792907	142.9783006	36.80510486	38.94522187	119.7357791	97.51925965
Atkinson	Atkinson	1.983081898	2.127808949	0.823744284	0.820452613	20.21941845	13.89343948	57.74730922	62.31370882	1.977008772	2.589442075	0.922651491	0.906505739	10.95383505	3.887901687	78.91556068	46.48090754	0.964852682	0.943503546	41.22212496	32.86292295	56.57890691	50.10812038	37.89611181	43.59177006	177.1228691	170.1849085	131.7840403	125.1462688	45.4219567	43.4115336	2.577481351	1.209986826	48.62831171	48.38630751	135.9792907	145.5494472	33.30510486	39.30334239	103.6107787	102.5982303
Aunt_Marys	Aunt_Marys	0.983081529	1.869855716	0.827304648	0.833969991	20.62032737	11.77301327	58.70333539	63.24433496	-0.022910934	0.929724643	0.934734372	0.923164304	8.517461262	-0.918608657	83.22423641	48.94389432	0.930463426	0.934045381	55.45460908	59.29979086	56.00793588	50.64213052	57.36674736	43.77787566	191.8370822	162.4616697	150.1495211	123.6208936	41.99424952	36.94164499	2.947676565	1.201139713	56.53689537	48.95615638	150.3032556	145.2818592	35.59761256	39.26908802	101.48578	101.1230118
B5765	B5765	-0.016918648	0.869855681	0.855920393	0.858511393	16.3729135	10.91216176	64.90335246	71.55245808	-0.025440439	0.929330995	0.941905756	0.914974877	14.69333586	4.604480887	77.45646522	33.92939988	0.911832028	0.888501271	57.55218235	59.30646002	63.07890691	56.74532902	30.39611181	35.11986202	130.1228691	124.4629754	102.2840403	101.3609314	27.9219567	22.61926662	1.577481351	-0.877272808	40.62831171	44.95082601	129.4792907	145.2873629	33.80510486	38.82259205	41.11077816	97.03121014
B5870	B5870	-0.016918551	0.86985565	0.793183585	0.794841119	18.58519378	16.6388423	63.99529177	67.69777433	-0.024232189	0.92926072	0.948456901	0.92533193	8.735898064	0.367293483	95.44034125	56.29095758	0.979225911	0.940311156	62.19360631	63.8283445	61.63364821	54.70153056	42.73066807	41.18356825	150.282839	133.4456317	115.1445039	105.2168008	35.39399945	27.46988857	1.365476631	-1.048476286	42.60151572	44.3163982	160.3252099	148.8637011	31.88759979	39.49849571	130.6107786	98.39087318
B84_plus_su	B84_plus_su	1.316414902	1.703224233	0.843561494	0.844723773	12.71578889	5.701507317	70.18381523	73.02925171	0.643804272	1.696559592	0.937853748	0.917770666	11.8278418	3.090995176	92.88390815	50.71976436	0.916557734	0.922478544	17.08843621	9.488781094	58.64941567	60.17369469	68.03598701	60.81304336	216.9014045	159.9452697	171.0965481	128.5210694	45.83627892	30.81057524	1.246216178	-0.559913289	27.35910477	23.47933257	152.5691729	146.1641116	39.86082207	38.72886262	103.7899735	97.18405635
Banting	Banting	1.983081567	2.56455156	0.764342726	0.79100618	16.4646922	10.0796451	43.88372594	50.9401784	0.645022602	1.455322589	0.897385794	0.88991453	5.739111536	-4.084532263	82.40279156	42.34147921	0.929700903	0.915983087	44.14684413	48.48675897	32.36241739	37.25125808	25.59370079	16.18110945	154.7199375	91.92452525	117.5950901	69.36499633	36.69668722	21.31162786	2.131226002	0.368689838	49.61009291	42.82863569	150.4534485	142.8254728	39.39064423	38.32434111	108.8088649	100.9333957
Baxters_Golden_Bantam	Baxters_Golden_Bantam	1.316414967	1.701345608	0.846325574	0.840441794	15.12801142	9.336054326	57.06227127	61.82731249	-0.010580923	0.92184974	0.954059318	0.930046625	12.39105522	0.73656588	104.3980232	60.64520195	0.909974667	0.891549871	21.65598084	18.15556817	52.20461924	47.19892343	20.26003252	22.07514883	130.0686259	101.9203916	93.27902305	78.2410753	36.32170663	24.18147716	1.995281418	0.993703382	41.19293206	48.19640598	87.87508371	142.8535528	31.21926967	39.05116261	81.61077964	96.16200573
Bi_10	Bi_10	-0.016918153	0.869855728	0.856827047	0.852407555	26.52581311	15.55734215	71.55144764	74.5628253	-0.013682979	0.931932341	0.944059178	0.918369809	12.80004824	3.449139721	87.42208609	49.97270707	0.879347221	0.870611092	54.91802498	54.68301802	69.19239531	61.4430897	70.16200182	58.72744935	185.0983029	162.8009959	151.0053226	134.6189896	33.40702279	26.78781948	-0.195823177	-0.907361197	31.96799358	37.87324091	154.7753361	147.930319	38.55592991	39.01779673	105.4816431	98.7475694
Black_Mexican	Black_Mexican	-0.016918178	0.869855671	0.740766816	0.741601808	24.77968212	16.28889013	54.56801387	60.36594669	-0.025539084	0.92758485	0.876875892	0.859288741	12.34807363	3.676974923	79.59202072	45.80971477	0.937786049	0.93095185	88.23852216	80.99704515	51.69167603	47.21720809	44.14081378	42.69572701	188.4887438	160.5336856	148.4936077	125.8306039	39.99654291	32.54961545	2.207759842	-0.171602742	40.62318102	40.81847502	149.1590385	144.1721921	34.77774439	39.14919975	127.8607781	100.964993
Burnell_Golden_Bantam	Burnell_Golden_Bantam	-0.016918367	0.869855837	0.859923116	0.841901272	10.36969807	5.497798982	50.90440748	56.06454275	-0.017479352	0.931499895	0.948969349	0.927754001	4.670939232	-4.15155116	83.61032385	43.76410299	0.936931853	0.907897254	73.08526797	69.04864078	37.46701776	42.16391974	32.01205988	23.60613472	173.4966009	114.9785575	132.3340762	87.70080682	40.9677263	26.51314666	1.514371744	0.32091915	38.44348288	32.70603642	152.0003689	144.982742	40.26860842	39.16852326	110.1312486	102.4280492
C12-1	C12-1	1.983082261	2.259247822	0.799769793	0.807864908	24.31614335	13.80408625	52.62615505	58.46807485	1.97983426	2.92975008	0.91673272	0.909826439	9.14402719	-0.708607374	103.4517123	63.47587395	0.97229141	0.935441127	78.42542664	69.1553344	39.29666124	45.03743359	42.16178167	27.47621014	175.3210071	109.3242244	139.1017419	85.04586048	35.79051451	21.58122861	0.430840579	-1.191593165	55.88313835	49.76584459	150.1487115	143.0073082	40.44621408	39.36658418	104.2321034	97.17757284
C13	C13	1.98308178	2.717203397	0.721460685	0.75674218	19.9147719	13.09285834	43.0772179	51.67044435	1.978320668	2.928993432	0.929367066	0.913356398	3.994128378	-6.147995423	138.7930649	77.98407197	0.946619967	0.924067487	83.62218435	80.78374098	47.00793588	38.60467384	14.86674736	19.41157838	106.8370822	93.2595493	79.14952112	74.3452675	27.99424952	19.31762117	0.947676565	-1.129510111	37.53689537	34.27588794	127.8032556	142.7735234	37.09761256	39.20381198	51.94411194	96.32738238
C15	C15	NA	NA	NA	NA	NA	NA	NA	NA	NA	NA	NA	NA	NA	NA	NA	NA	NA	NA	NA	NA	53.19167603	47.43887804	26.14081378	26.58585123	125.4887438	112.075471	94.99360771	86.75132574	30.49654291	24.66961207	0.707759842	-1.181113616	41.12318102	40.54625022	NA	NA	NA	NA	63.11077992	80.00476062
C1540	C1540	-0.016917984	0.869855967	0.825035573	0.835076957	12.1363678	7.445846142	70.48790807	75.22651057	-0.015358519	0.93239693	0.948386442	0.927238645	15.07478242	5.334947102	85.7069809	50.04785969	0.910148481	0.893127713	76.53648055	77.23619745	72.14837188	63.55520423	112.5943802	101.0435149	252.9038408	230.063302	211.507018	187.7944706	41.45600816	39.75126507	0.611606544	-1.187694437	26.49348867	30.10857515	124.9642164	145.2734304	33.0562254	38.77201008	55.73577909	96.5003733
C18	C18	1.983081759	2.259247463	0.856537122	0.869728234	16.52229537	6.986900759	53.56499096	57.66426489	-0.02035778	0.930933829	0.934329988	0.930786833	11.73292337	2.324644522	75.18922551	44.8469993	0.945221973	0.937052694	61.41311184	64.71943786	52.00793588	47.44385835	23.36674736	28.98457493	110.3370822	104.8992506	75.64952112	78.41730867	34.99424952	26.42860272	1.947676565	-0.361972638	52.53689537	53.88045951	99.83117507	140.9273877	31.6392952	38.70242432	52.9857792	95.13842515
C2	C2	-0.016918593	0.869855686	0.660418619	0.703216505	22.646048	14.24733779	67.52225018	73.34850671	-0.016681748	0.931734527	0.922046045	0.903856077	8.806819282	-1.148150579	85.90296804	41.50194279	0.830531415	0.861452409	71.49401996	70.40048289	64.19167603	59.35918812	30.14081378	38.33600952	160.9887438	152.7792337	119.4936077	118.4919608	40.99654291	33.69557102	0.707759842	-1.209134439	39.62318102	38.2423736	164.1590385	148.9318305	38.27774439	39.23154742	66.23577861	99.09344834
C22	C22	1.983081811	2.259247289	0.84753651	0.841222582	14.51730714	9.783939317	64.9157169	65.19501229	1.982532003	2.366174393	0.9372173	0.924509016	8.246053822	-0.801977086	85.33265018	45.04377235	0.840325956	0.860327506	72.84427181	62.75682801	57.69167603	51.15804723	46.64081378	36.35809589	172.4887438	146.402418	132.9936077	114.6607812	38.99654291	31.18319815	1.207759842	-0.856402468	33.62318102	36.59003907	108.5427409	143.0494786	38.99955887	39.0863937	101.6107798	101.2625309
C23_su	C23_su	-0.016918454	0.869855762	0.819756871	0.82914557	16.25089553	10.65008338	60.82812491	64.06453806	-0.023711011	0.929291299	0.945940151	0.92807038	11.48080737	2.418458893	82.68023183	54.11299138	0.903285194	0.900023018	63.49618431	66.70392465	60.14837188	52.6663414	45.57149289	48.12843399	132.5758614	131.8525168	104.2937196	104.3097422	27.58147624	26.31015658	2.111606544	-0.850623474	46.99348867	45.38346502	110.4642164	144.392793	34.5562254	39.06184834	79.15244697	98.51546267
C27	C27	1.649748621	2.383870256	0.836405209	0.833778053	11.59696928	7.354322856	56.48380359	62.05799656	1.978514204	2.647339744	0.948480813	0.928068973	11.06551785	1.631075219	98.86135528	62.973034	0.858274587	0.857253755	77.89256087	69.51384395	58.63364821	50.2746361	14.73066807	22.25475715	119.782839	110.4318997	92.14450389	85.02630466	26.89399945	23.23729142	1.365476631	-0.742472652	37.60151572	39.11682306	103.8252099	144.1021773	33.38759979	39.1881845	79.36077973	97.25449011
C27red	C27red	1.983081787	2.717203675	0.819493418	0.796232866	18.67055667	15.12676768	61.85421878	70.91189135	1.315868441	2.40561635	0.931606264	0.903188076	14.68535155	5.394270024	71.73405727	41.1271905	0.959451885	0.948521601	61.29236988	48.32329314	57.47326731	54.59935384	48.11256277	36.39544208	223.7196914	160.1097554	170.028896	120.4398418	53.76909071	38.55890966	1.157622688	-0.394195402	37.94354837	32.67019344	152.5129267	143.2836947	40.04032362	38.77683216	127.9857798	102.1050317
C3	C3	1.983082242	2.869855956	0.80479431	0.818774079	19.87915668	9.992650544	56.71207959	57.50979864	1.978949756	2.647705295	0.924279594	0.913333229	1.505326922	-7.547731024	71.8304269	36.40586255	0.930722974	0.919896959	57.55751907	58.78392686	38.21293534	40.49878601	22.89691795	13.94131984	130.9390056	71.74852096	102.405854	56.19793833	27.88047258	14.07629741	0.982440482	-0.755664923	45.11011978	38.48833372	145.7505828	138.6138992	39.39715912	38.37255139	102.7410447	95.386167
C30	C30	-0.016918089	0.869855702	0.816524269	0.835398895	18.54047457	9.92391209	59.81432258	62.01487107	-0.017477422	0.931307641	0.937150495	0.928254357	6.496053822	-1.592599426	94.0102357	53.56212543	0.941118141	0.920201232	36.64757749	49.70363655	48.30540226	49.22714627	31.78632921	25.83550311	140.4783399	95.79948982	111.2449961	75.35345458	29.29640746	19.51154037	1.989130921	0.308724332	38.11024078	36.08237998	150.7316324	144.191243	39.84052529	38.89007086	106.2223504	98.91391624
C38	C38	0.316414968	1.203188928	0.848930391	0.822144299	12.34719147	7.449564121	49.92158069	55.97616045	-0.023310181	0.929525978	0.930267389	0.906391955	8.681879664	-1.576459138	71.22144356	37.67769401	0.896012202	0.855432536	66.24770829	67.87165175	49.19167603	43.54241652	24.14081378	26.4196419	106.4887438	105.3211996	73.49360771	80.68865934	32.99654291	24.18505104	1.707759842	0.412937598	55.62318102	54.11968685	126.1590385	145.1932125	32.27774439	38.76041183	58.73577964	97.7694364
C4	C4	-0.016918473	1.022507719	0.822419397	0.821503468	18.13459895	11.69328072	48.84334179	56.60228987	1.312273551	2.262846585	0.936415255	0.920956474	10.50716542	1.123455574	88.4732515	56.85665488	0.957730955	0.935083818	79.62726909	71.32602315	54.33211203	45.42042717	14.36844659	23.46892806	93.55550252	103.3289557	69.85110463	81.88939425	22.95830155	19.70827606	0.371689821	-0.804468716	28.57977431	33.52145589	110.0972577	141.1289855	34.4731556	39.12483244	74.36077967	97.14335907
C40	C40	-0.016918409	0.869855753	0.814550169	0.816886271	11.86428214	6.717422119	61.81845488	65.63520113	-0.028203927	0.927785471	0.951835602	0.936170738	8.310343409	1.987033596	87.60634314	52.03187969	0.922393011	0.903288034	48.24620853	44.57883135	56.70461924	51.09027056	35.26003252	37.56427435	139.0686259	135.7144714	108.2790231	104.1857544	30.82170663	29.69926607	3.995281418	0.912765318	36.19293206	37.08288297	146.501245	148.4886466	34.5950921	39.42996829	65.9857791	98.06964382
C42	C42	1.98308173	2.86985572	0.840891164	0.828114883	19.53885088	9.313599218	59.85956457	64.14329841	1.980723713	2.366204952	0.937905346	0.917101859	15.82113236	5.958527879	84.37183744	44.8881251	0.97403553	0.938475454	78.39093636	70.87479527	57.14837188	48.57640758	46.09438017	44.01577907	148.9038408	139.3836991	110.507018	106.0124102	38.45600816	32.64545862	1.111606544	-0.73061674	47.99348867	47.57397558	95.4642164	141.4906007	30.0562254	38.42221301	50.36077831	97.38044133
C5	C5	1.983081607	2.411899395	0.850261297	0.832922117	13.17190035	7.145665001	53.72294615	58.99980474	0.645569032	1.530730237	0.928797631	0.909565187	9.515034394	0.141720169	68.57612704	40.37307794	0.907457202	0.884017215	73.38873245	59.76406216	48.82347645	45.4996165	25.57149289	27.81721099	137.5758614	126.0717634	97.29371963	95.43861861	39.58147624	29.88544972	3.091176307	0.006321849	58.10579716	48.08512751	96.83117507	144.0484052	28.6392952	38.56651228	49.77744609	99.05927468
C65	C65	1.98308221	2.106595557	0.824791742	0.843888746	11.91692522	11.07223699	67.48677754	70.04757131	1.984905579	2.367188475	0.921828375	0.91025043	8.960602397	0.74760392	88.69214701	43.18697017	0.91357148	0.838284684	30.85678489	38.25851111	59.07890691	55.23738598	52.89611181	35.04362164	173.1228691	151.5623275	133.2840403	116.5147509	38.9219567	33.66614126	0.577481351	-0.866999953	29.12831171	33.51677645	110.9792907	143.7648356	39.80510486	39.18811994	122.4857788	102.8976277
C68	C68	1.983081218	2.411899291	0.826334728	0.824400299	20.08417921	10.96217711	65.25805831	60.75565319	1.979402854	2.36587174	0.917283438	0.904413812	7.008877512	-4.026723817	76.3199984	32.50353333	0.901487862	0.897486419	78.85783605	73.43628137	48.47326731	47.2872596	11.95830089	30.29831851	86.34959766	117.6187246	64.00200082	91.29462306	21.35575809	24.19706502	1.029406611	-0.580667666	62.88118017	42.74105233	151.4955112	141.3036506	40.30627529	38.86170874	95.98577939	99.68366162
C68Rx552_63	C68Rx552_63	0.31641499	1.050536881	0.848925459	0.845958605	12.97618724	6.645912358	62.43046533	67.18888754	-0.022302267	0.931042555	0.943158635	0.925156217	14.60536651	5.093422629	90.52027478	52.51000045	0.844449936	0.817215282	75.78023654	71.52991311	62.19095676	53.53476002	44.11962573	40.86884878	155.8791848	140.7974939	117.9818928	109.841696	37.58606303	30.24708069	2.611342861	-0.01438242	41.27836846	35.78653812	126.5427409	143.8419936	35.99955887	39.07329463	50.98577942	97.15153527
C6A	C6A	-0.016918387	1.327811818	0.841166012	0.849943941	12.94912841	6.389399592	48.43148425	53.44761888	1.981098333	2.789855021	0.906899134	0.901377277	9.891110241	0.356492326	66.62375172	36.71499006	0.958105165	0.923431073	62.60500948	64.28889236	36.97094434	40.96868894	38.94602477	27.94403873	176.2386837	112.120584	139.4406296	88.95570171	36.47531373	21.6830381	0.926941611	-0.167218868	67.4429438	59.31782218	150.1774553	142.3459563	39.77049828	38.73499916	105.3565462	97.71389256
C7	C7	1.316414873	1.745232787	0.858615885	0.848815276	20.96477079	9.609118777	57.49847206	62.29764042	-0.018138983	0.931114304	0.928281194	0.907794737	12.01443233	0.993217731	56.5587935	31.87722661	0.814689755	0.832182413	61.7432762	62.9880044	53.76264707	48.08431175	45.67017823	44.640166	147.2745308	128.4248024	115.1281269	101.5401073	31.92425009	25.2677813	1.337564628	-0.793064828	39.21459735	44.59806296	108.8350735	142.3348309	30.48523669	38.6893865	152.8607796	100.4430314
C7e	C7e	1.983081358	1.953943288	0.835136851	0.848281351	15.74177161	9.932745325	55.49106474	62.91683926	-0.022919	0.930967234	0.93413703	0.923240403	15.14985926	5.21863159	82.39238488	46.34104249	0.948651114	0.929996345	71.68158845	63.9933611	52.70461924	47.27093303	21.76003252	27.32707349	131.0686259	117.3516535	94.27902305	87.47122042	36.82170663	29.1876888	1.495281418	-0.649280051	44.19293206	49.02175129	91.00124497	143.6623289	29.5950921	38.87462065	110.110779	102.4072709
C81	C81	0.98308203	1.411899332	0.854190128	0.850520168	23.76732345	11.49716964	63.00168504	67.94117435	1.31515317	2.121992421	0.952407065	0.924913437	5.424532151	-1.454314878	101.5963633	64.30651985	0.886449234	0.91401529	66.13042877	61.23090421	57.14837188	53.63888775	42.59438017	43.19752678	166.4038408	154.3206727	132.507018	125.6175314	33.95600816	27.84540904	1.611606544	-0.198087251	49.99348867	43.98971115	138.9642164	146.1228794	34.5562254	39.0308554	83.86077967	98.87430058
C8pseudo	C8pseudo	-0.016918253	0.869855618	0.832393688	0.820806986	12.70269459	5.91364997	60.46840914	66.44062639	-0.01692607	0.930722953	0.944171104	0.925134798	6.724737435	-3.295462624	83.56292825	47.65185253	0.960874104	0.931613512	51.37754419	47.41343953	55.76264707	49.89185992	21.17017823	22.59493048	129.2745308	105.287048	94.12812687	77.56773426	34.92425009	27.20662368	1.837564628	-0.114312226	32.71459735	34.08408853	115.8350735	142.0261157	31.48523669	38.63548659	116.4857783	101.0855711
C90	C90	0.649748332	1.637066497	0.843400744	0.845421502	11.64735229	11.10784035	61.35747567	64.69726218	-0.020689506	1.083768067	0.955194077	0.937256748	8.379810373	0.673982663	111.6207668	77.00205985	0.889883414	0.909158706	56.15279693	40.24072181	57.77408421	52.47154844	31.95830089	43.01494938	133.3495977	142.1177804	104.0020008	114.3794041	29.35575809	26.87680701	0.029406611	-0.605467913	79.88118017	72.21207451	114.9861707	146.0824897	36.34621263	39.55813534	83.86077986	100.1320154
CHZM_08_129	CHZM_08_129	1.649749092	2.078566309	0.832242437	0.840284745	16.48008633	9.270384747	56.00730792	60.71751748	1.315889522	2.263679456	0.933884327	0.920322817	14.80222681	4.438994806	100.8769845	53.2179716	0.955514114	0.943620546	56.2858984	59.23385964	58.20461924	49.59393117	35.76003252	40.70203563	139.0686259	125.6942793	103.7790231	93.6619962	34.82170663	30.53967985	2.495281418	-0.11236841	28.69293206	31.64239844	154.501245	143.0643341	27.0950921	38.82638248	102.6107787	97.78257842
CI540	CI540	-0.0169183	0.869855696	0.815582775	0.819233534	12.92464404	6.625429688	71.40505971	77.44383466	-0.021221745	0.919185316	0.927247648	0.90828634	13.83540698	4.388303359	90.15657827	48.37225351	0.849930133	0.872299745	65.8466785	65.35095188	68.69167603	63.30065354	86.14081378	84.77331122	226.4887438	210.8597154	179.4936077	171.9568878	46.99654291	38.86259702	0.207759842	-1.303187321	20.12318102	30.18217246	123.6590385	146.1170689	30.77774439	38.64924837	56.48577824	97.05604472
COES25A-1	COES25A-1	0.995500388	0.99442194	0.828300606	0.828424162	9.810901083	9.722026471	64.81505156	64.5848351	0.999101524	0.999258805	0.930252633	0.930418659	7.351697792	7.422373965	64.46853796	64.71178146	0.865938174	0.865690028	-0.849893976	2.38462387	61.27408421	52.98572817	21.95830089	29.57993993	99.34959766	99.53572516	72.50200082	83.02096088	26.35575809	18.45594037	1.529406611	0.331529297	51.05810902	50.24615811	111.4861707	145.3433542	36.34621263	39.4201177	99.31484881	99.26331314
COES28A-1	COES28A-1	-0.01691865	0.869855478	0.82832646	0.824658439	15.91587441	8.010799634	56.126479	60.81377038	-0.019424168	0.930686343	0.942622977	0.924821099	12.46014869	0.767708029	95.84548249	54.71262092	0.914997822	0.920381734	56.01462263	46.58356412	55.00793588	48.43409992	15.86674736	18.43756394	96.33708217	74.49112944	67.14952112	55.19236418	28.99424952	18.50827195	1.447676565	-0.219279466	49.03689537	39.57442692	113.8032556	141.1851683	33.09761256	38.75813217	105.042316	97.95870677
COES46A-1	COES46A-1	-0.01691845	0.869855678	0.849559803	0.844292852	11.07444953	6.315278194	62.19350811	63.62571575	-0.018586793	0.931843704	0.93640773	0.924244872	8.41185438	2.193514672	66.12279104	38.57656268	0.937913498	0.896608024	32.13594919	45.96205723	53.26264707	47.67801071	21.17017823	21.35459871	115.7745308	97.3631013	89.12812687	76.13812353	22.92425009	19.49032232	1.337564628	-0.272267748	43.21459735	39.95872477	105.3350735	143.2332396	33.48523669	38.67122911	109.6619625	102.884646
CRC_61	CRC_61	1.983081546	2.869855688	0.848353269	0.8292802	18.1434618	14.98225839	52.49479157	59.60771815	-0.023711011	0.929291286	0.937396899	0.914165343	10.48080737	5.284069089	75.70875034	48.67862935	0.94830133	0.919712353	63.49618431	54.25452751	53.82347645	47.13235578	30.57149289	34.58681541	124.5758614	129.7118969	94.29371963	101.1469296	30.58147624	26.85359633	5.091176307	1.495681053	39.10579716	40.83371127	108.8311751	145.2342329	30.6392952	38.98484922	98.23577939	100.5560239
CTS62_Su	CTS62_Su	-0.016918587	0.869855837	0.800482506	0.815948258	16.31586478	8.608208462	68.50290797	71.51043115	-0.026540824	0.928585434	0.933679329	0.923548922	6.891870646	0.417309859	71.54091727	43.34468733	0.809056972	0.818075435	59.87955877	61.37051991	56.35526299	57.83029642	55.33158099	44.50474863	203.6840825	141.2759984	159.1256192	109.6128077	44.26923956	30.33507743	0.468391604	-1.230745416	42.77682297	36.35935759	153.7280854	145.6238521	40.39440363	39.26653513	106.96173	100.1307135
CTS6_1	CTS6_1	0.002274247	0.89926977	0.807302137	0.818233826	18.41421604	11.23329413	71.43827219	73.23293866	-0.012521105	0.943747436	0.912260608	0.902473808	4.430900276	-3.493140654	87.72067299	55.23590483	0.920472855	0.90874691	73.38828697	74.20447052	72.27408421	61.45403444	46.45830089	36.43521047	166.3495977	145.1935473	131.0020008	116.9048411	34.85575809	28.16179957	2.029406611	-0.672042087	40.05810902	35.97661539	129.9861707	144.807686	36.84621263	38.96023785	45.73577848	98.68460637
Chihuahua_151	Chihuahua_151	1.983081851	2.259247357	0.868197996	0.864182034	15.18382068	11.58374923	61.78911083	65.95343306	1.980852774	2.083262664	0.960942911	0.935630515	6.72043088	-2.043060975	96.11621805	54.71834494	0.897456916	0.854228387	25.92082088	30.41907199	60.13364821	51.98412858	62.73066807	51.69208446	203.782839	157.670225	163.6445039	120.6841565	40.39399945	35.07094809	7.865476631	3.21294156	46.10151572	49.21815025	151.6510563	144.0812551	40.14976917	39.03057788	50.11077877	98.29811696
Chile_332	Chile_332	1.316414615	2.203189183	0.800732258	0.823523596	15.83889617	9.633601886	65.16324441	70.47038618	0.978179374	2.212887185	0.931663954	0.922461023	8.615728794	-0.28799126	92.61889136	59.99662323	0.890968257	0.873840111	54.80021791	55.14241246	60.57890691	54.59519901	71.39611181	50.9633172	223.1228691	184.6009186	172.7840403	143.5187693	46.9219567	39.03342589	1.577481351	-0.398497769	40.12831171	39.87532998	160.4792907	147.1972033	44.80510486	39.34939181	170.6107793	102.4503761
Chile_335	Chile_335	1.316414957	1.592580794	0.817502939	0.819237952	17.3292863	9.243617177	63.26536519	65.9952987	-0.024418163	0.929770996	0.949345894	0.927583721	10.9547367	3.126358885	71.54282893	49.92738095	0.936337564	0.900560545	36.10367384	49.94955602	55.27408421	50.49874346	39.95830089	36.26427562	165.8495977	143.8236318	125.5020008	110.3983465	40.35575809	33.35373444	3.029406611	0.769402522	35.05810902	37.80564489	122.4861707	144.1241082	34.34621263	39.04112698	93.11077851	101.303975
Chile_339	Chile_339	1.983081624	2.259247387	0.833737084	0.823008578	20.3087744	11.18007972	55.93203185	60.80558106	1.30891517	1.980888851	0.923929257	0.903291126	10.23251448	1.06135375	73.23520082	39.91085796	0.943377678	0.934436404	55.15129289	52.56254101	44.08184772	47.72027267	50.58214093	44.13541714	212.0364016	156.3556137	156.3138606	116.3050913	55.1601139	39.65960712	1.856467597	0.549934935	45.52548347	41.43361153	152.8229261	145.2201931	39.89648587	38.96062714	106.7630446	100.7636643
Country_Gentleman	Country_Gentleman	0.64974823	1.841826382	0.853124111	0.827547367	10.63211471	10.43627525	66.57373108	69.83831496	1.979903126	2.648550457	0.944201923	0.920930632	13.86429854	4.982800304	79.60088141	57.70617302	0.97288157	0.889891797	36.9074936	47.94994549	60.83211203	57.17522523	50.36844659	53.25935707	188.5555025	172.1460546	143.3511046	137.5307865	44.45830155	34.8372662	2.371689821	0.151958305	35.57977431	42.41130711	147.5427409	145.2725313	42.99955887	39.29654584	104.3607783	100.2380058
Cubano	Cubano	1.655448172	1.655752338	0.853774872	0.848845824	22.43836832	15.19230034	83.68521055	83.57392836	2.994591671	2.994858815	0.919396974	0.901490812	21.61197256	14.33420163	82.60340208	32.68129174	0.964801059	0.935626152	63.47765404	47.77273815	76.14837188	70.02425045	120.5943802	94.44743854	253.4038408	209.1450793	207.007018	170.9400924	45.95600816	37.04445049	0.611606544	-1.071480194	39.99348867	39.16034048	164.8311751	146.9425575	42.0562254	38.87604679	68.44411242	100.3652976
Cuzco_suse	Cuzco_suse	0.649748515	1.231218307	0.795407648	0.806091226	13.71309166	10.48802215	62.43344952	65.60984382	-0.018107604	1.071959529	0.921132366	0.908434498	4.105736931	-2.102070876	91.84914552	53.15420593	0.955897367	0.946990651	18.58335672	18.96971831	58.70461924	52.53871394	23.76003252	17.47721461	146.5686259	109.0071599	107.2790231	80.18084742	38.32170663	28.03580366	0.495281418	-1.196205828	44.19293206	36.1767772	102.1274062	143.9948198	27.97091452	39.11246087	81.23577848	99.0637218
DF14	DF14	0.649748387	1.231218389	0.827000933	0.832623834	16.92904253	14.31910604	59.43915216	63.30924238	-0.022565112	0.929307347	0.955385097	0.939046266	11.3003745	0.64633235	94.85736265	66.48634788	0.953336616	0.939006872	71.6655614	69.74404375	48.72104177	50.69646563	68.39794269	54.60377502	237.2577357	174.0896598	191.2732674	133.463149	46.00090806	31.88374387	0.508016348	-1.029486274	47.10946441	40.32650462	156.7291255	148.9044774	40.83785588	39.77423346	107.5669634	100.4604557
Doce_de_Cuba	Doce_de_Cuba	0.972348205	1.888046265	0.845385523	0.861089958	17.23023679	10.27451363	67.85516512	77.74921951	0.978380257	2.115733881	0.946650943	0.937779806	19.73080737	10.07487302	77.67446238	56.82028982	0.993820286	0.964670945	56.35332717	48.38387931	54.33433738	62.3224575	99.26003252	84.83239251	217.0686259	202.4294271	175.2790231	167.0660409	41.32170663	34.61572614	-0.004718582	-1.221446312	29.23503786	36.92924553	123.501245	141.8936976	41.5950921	38.86060495	46.86077869	96.84436892
EP58	EP58	1.502274276	2.119796482	0.834831008	0.82096473	22.95820034	14.73082875	63.72700032	65.76383168	1.985696492	2.421215723	0.939581121	0.918787224	6.601203959	0.219879126	73.63410992	57.01339459	0.94838477	0.894712109	35.21264132	40.98542535	56.69167603	52.54890904	46.64081378	40.74033033	158.9887438	144.423207	124.9936077	112.8554559	33.99654291	30.00504952	0.707759842	-0.946189363	47.12318102	47.98848634	133.1590385	145.7440935	36.77774439	39.12100937	95.61077846	100.4342329
EP60	EP60	1.983081883	2.411899362	0.821542094	0.834628854	16.8845864	9.036146809	59.70971727	67.15637727	1.985130773	2.930585119	0.953340496	0.938298758	12.12110438	5.106350019	91.85100234	55.45896361	0.850609182	0.83621488	89.1120148	81.65147004	48.65172279	53.73473862	61.61948187	49.4652539	211.82031	156.2747102	170.0693257	128.1312412	41.98374854	27.32195739	0.588829035	-0.779866574	43.7757112	39.56969892	149.5142241	142.9514525	40.32092102	39.18840059	105.4416145	99.07701666
EP61	EP61	0.316414883	1.050537081	0.849935436	0.857483572	19.29016868	8.912894427	58.03242868	63.6608682	0.316239186	1.124375447	0.955552089	0.936795672	15.80381703	5.938079743	98.72760285	49.25296925	0.87998461	0.863158189	79.6799133	74.59748218	45.01402133	48.51794706	53.60154439	40.56652406	207.1788945	143.926873	164.5723496	114.6898688	42.28808111	27.86540467	1.000004062	-0.414087161	30.27588139	25.3929666	153.4256452	146.4409697	40.30990193	39.30830613	104.3930135	99.0499863
EP62	EP62	-0.016918381	0.869855796	0.829726846	0.837835849	18.26795891	11.45748743	59.32657737	64.15593212	-0.017346103	0.932176742	0.945174879	0.923539503	13.76269479	3.802420499	92.94563213	59.18323672	0.855320468	0.848446501	80.37137918	77.85345525	55.64837188	49.40286667	25.09438017	37.41508304	126.4038408	120.7198918	91.50701804	92.57885672	33.45600816	26.60855423	1.611606544	-0.43094064	35.99348867	34.04972735	125.9642164	146.3821279	33.0562254	39.22131396	90.36077909	100.5319604
EP82	EP82	-0.016918485	0.86985561	0.811671289	0.827788503	15.5025356	10.34681034	60.36062467	65.03830807	-0.020384888	0.929954758	0.937229764	0.925315725	8.667181538	1.173140078	89.49459601	56.59088972	0.860090889	0.834968459	44.11488254	47.56384115	59.63364821	51.68671812	20.23066807	44.80678552	145.782839	153.8557278	108.6445039	120.4624119	36.89399945	32.78187804	2.865476631	-0.138272427	46.60151572	42.87526385	125.7753361	144.0123908	40.55592991	39.36825219	87.36077919	102.8614962
EP83	EP83	1.316415431	2.203188931	0.827765033	0.83244403	15.5212079	7.537507841	62.05492176	67.72669275	1.312778669	1.981209794	0.941344699	0.922335721	10.36075868	1.544004221	76.72814369	45.20392363	0.893993439	0.892480567	74.39723847	64.5295068	58.14837188	53.60248218	51.09438017	47.44093726	159.9038408	151.167465	123.007018	120.4866055	35.95600816	29.74213237	2.111606544	-0.598974308	45.99348867	45.55564469	136.4642164	145.06678	32.5562254	38.65954375	156.2215588	101.7477273
EP84	EP84	-0.016918951	0.850298204	0.833566826	0.821796687	11.73719769	9.509674567	62.96983982	65.04132928	-0.022162223	0.920713712	0.953482257	0.928540296	3.144371802	-5.184314125	95.20599165	56.84087067	0.851044568	0.876640034	23.81643114	28.10144226	54.70461924	51.4795606	31.76003252	30.1773465	152.5686259	134.228038	110.2790231	98.25128817	42.32170663	35.66517928	-0.004718582	-1.045636206	49.69293206	46.47333345	117.001245	143.8977189	37.5950921	39.33503657	90.61077865	96.59339931
EP85	EP85	-0.016918399	0.869855918	0.848067899	0.852079325	19.3375132	9.153253639	54.58512303	60.77829755	-0.021862371	0.930848265	0.932556737	0.917650336	7.47289934	-3.038000661	89.20263146	46.06366982	0.909142658	0.87353677	61.23032917	58.36162886	59.77408421	51.0160016	14.95830089	21.96900831	122.3495977	118.2926658	83.50200082	85.56313051	38.35575809	31.62469537	0.529406611	-1.081128947	40.88118017	38.18225421	155.4999084	147.7730244	40.09324401	39.01533614	120.110779	98.71400324
Early_Evergreen	Early_Evergreen	1.983081638	1.953943366	0.832724837	0.825998501	14.06628294	10.30917351	61.26410668	66.61739597	1.979638844	2.648192225	0.955203926	0.930524352	9.273899119	1.579121967	109.1415925	57.82387756	0.930019035	0.89517823	34.69014371	36.02534699	60.20461924	53.14097014	40.26003252	38.97248818	153.0686259	149.1903017	118.2790231	115.7487893	34.82170663	32.26293103	2.495281418	0.168695481	52.69293206	53.02280511	127.501245	146.4643291	43.5950921	39.83360662	97.73577845	102.0223862
Early_June	Early_June	1.649748126	2.383870127	0.782691718	0.790709749	18.04604343	10.40882196	46.58005305	54.42380802	1.64288411	2.031054792	0.922291166	0.904657847	8.56814789	-2.106488426	82.26159295	43.80096282	0.963879632	0.932298369	65.99235283	53.25375171	35.38273842	41.61304639	23.94981941	13.7164196	153.8585981	80.05592559	120.0882556	62.54531069	33.1923401	15.70823624	1.769316827	0.272030451	42.60894945	36.79259616	151.3855745	143.2833169	39.86606742	38.63486889	105.1236672	98.10176708
Eskisehir	Eskisehir	1.649748309	2.383870086	0.830561663	0.838906978	14.29667095	8.139559432	52.34262186	57.83315311	1.642702502	2.454633991	0.903333924	0.896515142	7.155403052	-1.458627404	68.94300106	32.82818087	0.948955168	0.916308922	59.8910907	58.1537593	52.14837188	45.6859453	24.09438017	24.92649672	138.9038408	117.8261565	99.00701804	86.00315442	36.95600816	29.71217693	1.611606544	0.151633255	55.99348867	52.0213878	127.9642164	142.1070315	28.0562254	38.49348154	128.8607791	99.60619654
F2	F2	1.983081898	2.411899644	0.802059139	0.817565497	10.68744569	6.378026714	49.41397589	56.54129121	1.643675439	2.455405847	0.897127233	0.89187175	7.90361176	-0.411857537	49.89876646	17.03288291	0.975570105	0.938441203	62.65069639	59.75242122	40.04588344	45.27427044	48.56140489	41.74675874	183.5535242	130.0745838	149.219777	106.8622763	33.84842061	21.67512901	0.554208314	-0.864379617	38.52604907	35.6507021	148.8052925	142.5130199	39.44818498	38.51037227	106.6326034	99.19511311
F7	F7	0.983081167	2.175159662	0.823491018	0.824983089	14.37745036	8.151298073	58.89111647	60.76504781	-0.020314171	1.212359107	0.92811022	0.912742863	0.428410113	-7.687875099	81.50404132	42.97033863	0.94671217	0.942639501	58.99210286	63.90852731	47.88551991	47.65120323	36.60951622	27.32087537	147.1019554	86.62324391	114.5228349	69.35628254	32.28867654	16.30337119	0.441203266	-1.203922871	37.8590676	34.29968118	148.1890428	141.2103114	39.60092304	38.56911092	103.4917968	96.40481602
FL32	FL32	-0.016918131	1.20872532	0.765572698	0.772643494	26.53468711	19.33035064	68.63289879	68.2467427	-0.022230865	1.246518847	0.884421976	0.86107956	3.697023019	-3.834569871	88.75318936	49.52805314	0.951402902	0.946841059	17.712803	14.69719772	54.47938522	52.78238265	31.72839372	23.72731987	172.5940209	117.0336332	122.4227033	81.42063734	49.79032953	34.72500936	1.843219777	0.334291444	50.35947904	43.9037629	157.3119508	150.2833514	40.34174179	39.26105718	114.7835561	106.4915422
FL52	FL52	NA	NA	NA	NA	NA	NA	NA	NA	NA	NA	NA	NA	NA	NA	NA	NA	NA	NA	NA	NA	NA	NA	NA	NA	NA	NA	NA	NA	NA	NA	NA	NA	NA	NA	NA	NA	NA	NA	NA	NA
G8	G8	1.316414777	2.050536742	0.786936061	0.803304608	25.76730283	14.94764832	56.98807576	59.00063518	1.64305527	2.736447408	0.902650413	0.886849955	4.948271796	-4.721496908	80.69356246	38.95003104	0.819975922	0.810999899	58.36731132	61.88528646	49.70461924	45.3670302	16.76003252	14.97947654	104.5686259	82.92905352	83.77902305	65.85101827	20.82170663	15.69334245	0.995281418	-0.26808035	30.69293206	33.91847357	119.501245	144.7891479	29.0950921	38.69275347	58.98577877	97.38178104
GMBAB	GMBAB	1.983081596	2.869855528	0.716863482	0.750501767	15.78090821	8.275808707	43.91041727	51.77367384	1.977200968	2.929194156	0.881478739	0.864839469	6.202292478	-3.598672953	64.66569311	25.44470958	0.917711189	0.907328264	71.08601105	61.77262854	32.85531793	38.70603741	24.02655632	14.31873527	141.7370342	75.15099394	107.3009677	56.25067132	33.79241878	17.78279791	2.566790326	1.361955152	57.10966809	47.40606279	149.248734	141.3132208	39.24573064	38.08335793	106.8552565	98.95952857
GSSS_sh2	GSSS_sh2	-0.016918228	0.869856005	0.850732618	0.843178396	18.29080516	10.39888385	59.20489889	61.78000918	-0.025614429	0.928428959	0.954149669	0.936854617	7.485368623	-0.843936507	96.19781298	67.40858076	0.929214401	0.928597145	34.78713943	34.32492594	46.6504669	48.90185385	36.47937435	30.60941749	197.0362796	138.5030395	150.6873082	109.2872432	46.00593803	29.11938782	0.675941698	-0.496306389	44.77637094	40.68302652	153.7801661	146.0078941	40.489259	39.46069155	127.4999994	100.8165888
GTS1	GTS1	1.98308166	2.869855841	0.854504703	0.867194477	9.434140502	3.705147037	63.44355735	67.07315267	-0.020015867	0.93073246	0.963486594	0.948073805	9.774779159	2.017197107	75.39625007	44.01794386	0.950404758	0.94619634	75.63196652	75.08111945	62.27408421	54.02546185	40.95830089	49.33889092	163.3495977	165.335536	121.5020008	131.0189988	41.35575809	34.94362646	2.029406611	0.034968788	40.05810902	38.5257035	139.4861707	145.7221913	31.34621263	38.91691637	68.36077888	98.17025825
Glancaster_sh2	Glancaster_sh2	-0.016918158	0.869856068	0.852089172	0.846785893	11.02540903	7.527865145	51.38321713	58.29398269	-0.020794121	0.929941995	0.950788582	0.923327166	6.912050112	-2.313345442	81.50909267	45.76884209	0.907753108	0.901560054	44.60652596	45.45882886	62.47326731	47.1545404	18.61726745	32.95737365	119.2318203	120.5178319	83.72031646	89.56771085	34.33054007	28.51274886	2.132036782	-0.155787563	44.88118017	42.05088519	149.0972577	146.4286095	36.4731556	39.28924545	82.99999972	100.9519751
Golden_Bantam	Golden_Bantam	0.316414847	1.102454951	0.860207841	0.863210877	16.79442865	10.71156741	53.73484699	57.7902529	-0.026550248	0.880702301	0.953692201	0.937332023	11.75161448	3.372228013	83.25901708	48.21998758	0.950300447	0.938062628	66.54000732	66.16021169	52.70461924	47.00921058	41.26003252	39.1782636	158.5686259	135.8579612	117.7790231	110.1437329	39.82170663	25.96509347	3.495281418	1.028346783	43.19293206	52.89072152	137.001245	144.57753	20.5950921	39.25441338	107.3758222	100.21657
Golden_Bantam_WI	Golden_Bantam_WI	1.316415369	1.745232793	0.828606261	0.838471168	12.74795049	6.480717282	55.41143431	60.91076844	1.312652749	2.263412641	0.922123094	0.911519294	10.84229921	1.790143622	76.30245586	37.26658736	0.919756386	0.91754168	69.08563207	74.40554496	52.14837188	46.94286778	47.59438017	44.14203741	176.4038408	149.6176426	137.007018	114.1964634	38.95600816	33.57833346	2.611606544	0.073542892	47.99348867	47.90470726	136.9642164	147.4599603	29.5562254	38.80106612	150.9857781	101.2162497
Golden_Evergreen	Golden_Evergreen	1.983081685	2.106595174	0.82991871	0.836723193	22.8263612	13.46920795	61.45324453	66.05624912	1.310296703	1.981186395	0.946982936	0.930297561	13.60004498	4.179263837	94.1236286	58.55771039	0.938191018	0.908396993	55.42337603	66.46040068	54.63364821	49.87231479	47.23066807	49.50462272	183.282839	169.2032461	146.1445039	137.6714866	36.39399945	29.35763856	1.865476631	-0.100635812	41.10151572	40.61927418	169.3252099	146.8337212	44.38759979	39.72537146	134.4857786	99.83002995
Golden_Gem	Golden_Gem	1.983082126	2.411899708	0.751851133	0.762896839	19.06979873	12.78648101	51.65234274	55.04642679	0.321382458	1.124614721	0.904058644	0.886044652	4.943907358	-4.043825113	92.68308233	48.54470694	0.950092578	0.928061082	43.5812175	49.47025908	40.83056124	42.45342192	28.54369062	19.03414368	140.7551901	82.43999971	108.5176367	64.89041635	32.20363805	17.09259382	1.64752726	-0.168016346	61.80485946	55.21159329	152.0857655	144.5507306	39.86970797	38.75703387	104.7484524	97.07473549
Golden_Giant	Golden_Giant	1.983081771	2.411899628	0.812117938	0.831807674	12.08755336	6.756582552	60.82700443	65.2333254	1.9827426	2.790361915	0.943306236	0.920607578	13.64318897	5.245164457	95.53511837	50.59285081	0.86585765	0.877174702	58.30106457	54.99078216	54.00793588	49.60343141	13.86674736	33.80621945	117.3370822	120.8635087	90.64952112	97.40036481	26.49424952	22.03282187	2.447676565	0.313215382	52.03689537	52.68574693	117.8311751	144.6508009	34.6392952	38.96907668	115.3607786	98.94176931
Guanajuato_93	Guanajuato_93	-0.027651446	0.888046394	0.800108024	0.819302259	32.40949679	18.56832763	73.43574249	74.65059646	-0.02265878	0.941239085	0.885698467	0.882200273	4.461207468	-4.780537975	57.73250738	27.12100017	0.944262387	0.945921907	40.5674487	40.71183805	63.20461924	57.70563716	81.76003252	53.45229974	222.5686259	173.2449913	181.7790231	131.6212582	40.82170663	39.7852149	0.495281418	-1.009303033	41.69293206	40.55262911	100.8750837	144.3813563	31.21926967	38.48906979	148.3607782	106.3301898
HI70	HI70	-0.016918005	0.869855954	0.840823183	0.859574941	18.29533817	8.961460862	68.52496608	73.63996475	-0.020129864	0.930490841	0.951643181	0.937541254	4.979702772	-1.744862625	105.1017059	61.7568822	0.921081195	0.892287545	51.19931785	51.54417537	53.19239531	57.64698267	67.8189937	59.06206466	211.8702056	159.318823	171.7934795	131.3344312	39.58047789	26.69659985	0.483334229	-1.171902908	44.27541973	34.02252437	153.5779473	145.2796553	40.36281317	39.04883103	106.7886458	98.6875352
HI74	HI74	NA	NA	NA	NA	NA	NA	NA	NA	NA	NA	NA	NA	NA	NA	NA	NA	NA	NA	NA	NA	NA	NA	NA	NA	NA	NA	NA	NA	NA	NA	NA	NA	NA	NA	NA	NA	NA	NA	NA	NA
HI76	HI76	0.983081989	1.869855669	0.813957189	0.826282147	20.99046353	17.12334924	66.06810482	71.08384015	-0.018325064	0.930678912	0.93917771	0.904786738	9.142815602	0.60371894	77.56962718	40.80376774	0.843710004	0.884068727	57.82196871	59.45994242	51.92026879	56.40379676	76.67006045	68.69510806	232.3363725	174.8285603	189.5903645	147.6799446	42.57159994	26.77722851	0.47412194	-1.176879267	35.27655506	29.44110581	157.5785083	148.4298233	40.20457441	38.87571246	109.0757188	101.8338098
HI78	HI78	0.988782067	0.98908626	0.886358883	0.84993873	14.71464006	7.260775349	72.23793588	72.30522887	0.995294723	0.995472938	0.927719285	0.908072135	7.392040658	-0.835599812	57.28917427	36.042807	0.992646772	0.926457665	11.44239702	27.74022596	57.2888125	57.16215727	38.39221738	27.8482239	177.0214912	109.8219098	136.3459574	87.8345892	39.90201868	21.41370016	0.563185869	-0.85706668	41.50292761	34.86748452	152.7077494	144.4098953	39.46955384	38.52874616	105.448373	97.32447249
HI79	HI79	NA	NA	NA	NA	NA	NA	NA	NA	NA	NA	NA	NA	NA	NA	NA	NA	NA	NA	NA	NA	NA	NA	NA	NA	NA	NA	NA	NA	NA	NA	NA	NA	NA	NA	NA	NA	NA	NA	NA	NA
HI81	HI81	-0.0169184	0.869855661	0.860887777	0.853571008	17.58936018	10.498394	72.59467751	75.76040159	-0.022828766	0.92973263	0.931670956	0.912877275	9.827448641	2.408134305	64.54361171	38.32055139	0.835706015	0.832627364	47.81753521	56.63975816	56.94327609	59.86574529	70.51068931	64.87991853	215.39034	163.8931598	177.9360657	141.1508109	36.87270595	22.40572797	0.406288402	-1.181828389	33.02625806	26.76735929	155.9945909	148.2540067	39.75858206	38.76699215	111.5525622	101.7752072
HI82	HI82	-0.016918394	0.86985579	0.850968484	0.8532862	12.42164211	6.954811233	64.29445371	69.47712774	-0.021537251	0.929941941	0.955865709	0.937738789	15.44489106	6.227295445	96.05156593	59.31913948	0.891643686	0.861120413	91.42148469	76.33629323	54.1006299	57.26592405	92.27914656	74.42859997	248.5510915	181.4762389	197.9282501	145.961732	50.26041463	34.31786473	0.482389099	-1.234591405	45.69294166	37.45323182	154.2273309	145.887959	40.13569354	38.94868195	107.0640369	99.58119711
HawaiiSugar	HawaiiSugar	0.983081955	1.564551479	0.82804173	0.846436011	20.82938489	11.86040209	64.81713692	71.84357219	1.978514204	2.365123993	0.94649067	0.934772162	16.39885118	7.861775146	95.71616977	58.18666142	0.921976156	0.911938862	56.46398945	54.72626312	61.00793588	58.79323629	92.86674736	63.87527533	215.8370822	169.7672711	179.6495211	137.3904813	36.49424952	30.73540868	0.447676565	-1.02439802	34.03689537	39.0626297	170.3032556	146.2961071	40.59761256	39.31708022	109.3345108	99.52583068
Hawaiian_Sugar	Hawaiian_Sugar	1.983081857	2.717203679	0.816363287	0.819221977	20.42910389	16.39897837	76.94142807	79.67880709	1.643021386	2.594695369	0.885716988	0.863979841	16.0977098	8.197198587	80.3338705	39.10116144	0.930666996	0.925216789	47.74471521	41.64078746	64.09612376	66.29313422	85.86785818	74.67825104	259.9645549	195.3283494	202.9711213	153.8065437	56.08384213	40.51259367	0.757341139	-0.854310107	45.61073461	40.61514698	158.2568916	151.2764909	39.97184281	38.89130325	59.22155776	97.92479413
Hayes_White_Sweet	Hayes_White_Sweet	0.983081444	1.564551677	0.836260443	0.847760823	14.46108939	8.913061166	51.65474243	56.87029595	0.976388603	1.787565239	0.921399985	0.904957907	9.503827351	0.16140891	80.58265891	40.24391904	0.887642049	0.886589171	67.89112084	70.08568393	52.00793588	44.8167525	21.36674736	26.54280914	121.3370822	108.1984512	92.14952112	81.00321519	28.99424952	25.282083	3.447676565	0.51655585	45.03689537	43.7409886	105.8032556	140.732344	31.09761256	38.60145204	76.48577901	96.33217679
Hi38	Hi38	-0.016918254	0.85029832	0.835754444	0.843036325	13.64299517	12.33592383	68.78302012	74.01510404	-0.01595642	0.923229557	0.949930744	0.923725321	7.455208045	-1.121025309	87.27171605	47.3931196	0.876638957	0.869536786	59.02216513	45.89706332	55.81433893	60.28754122	56.40132435	51.62322927	206.4694884	152.2773277	164.4823246	124.5494374	41.84558286	27.57068214	0.70519434	-0.682000055	46.75929636	41.48863058	155.5624981	147.4156293	40.45458926	39.24035119	105.8864985	98.23270815
Hi38C1	Hi38C1	-0.016918472	0.869855501	0.820828702	0.826387582	21.40972312	13.51607236	72.53613522	75.85382041	-0.020306941	0.930114038	0.955520026	0.93192534	10.77211852	1.779851171	95.25378947	60.63454869	0.893804306	0.899413236	59.26495758	59.56638419	55.88431668	59.05679612	55.38095194	46.88258439	190.1879146	134.9834627	148.9659989	108.3721315	40.47426213	25.9040221	0.696150017	-0.723724566	52.60958608	46.34113552	154.1760366	146.939681	40.52906745	39.22185211	105.337429	97.81412894
HiBTSYN3	HiBTSYN3	-0.025377553	0.888894528	0.795021595	0.818391185	24.45519797	13.83105862	72.85312862	74.49098813	-0.031269818	0.938541057	0.927668848	0.907111481	8.636357586	2.835638143	97.99709539	47.60314009	0.837336702	0.874199055	24.94008514	34.81970366	63.33211203	59.23598034	85.86844659	60.68020126	205.0555025	165.1901889	168.8511046	135.2456738	35.95830155	28.55345779	0.371689821	-1.239722527	28.07977431	30.71438145	175.3199993	147.9503524	43.73635723	38.97184428	106.8863141	98.69906305
HotevillaAzwhitesweetcorn_1	HotevillaAzwhitesweetcorn_1	1.983081939	2.86985578	0.835405675	0.831266376	16.89336419	9.517796624	59.54445246	62.48299966	1.981716236	2.790081458	0.91371882	0.906089847	2.047834641	-5.581261208	56.05884025	33.3114603	0.912682929	0.934988943	69.05706379	68.50072524	45.57890691	46.57919905	8.396111811	12.15217719	94.1228691	86.97200691	59.78404028	65.50648801	22.4219567	18.81082102	2.077481351	1.222805843	39.12831171	35.34301432	94.47929065	142.8613926	26.30510486	38.48146917	43.11077943	97.41549674
Howling_Mob	Howling_Mob	1.649748152	2.383869977	0.847389926	0.844447413	18.65324252	10.77660196	55.52006926	60.8822417	0.98025927	1.789781747	0.943121547	0.930698921	14.45047136	2.346087418	91.90213723	55.91026152	0.892902573	0.893653631	81.1543014	72.05422448	50.69167603	47.36903592	38.64081378	38.515982	173.4887438	152.7792889	136.4936077	121.4900993	36.49654291	30.1019317	1.707759842	-0.416500827	49.62318102	39.15274751	153.1590385	146.1111099	38.27774439	39.81863121	143.3607791	100.5362443
I108-2-2-2-2-1-1-1	I108-2-2-2-2-1-1-1	-0.01691855	0.850298184	0.834142295	0.830186623	9.753859545	5.340105683	60.40908137	65.82347138	-0.024485879	0.918974032	0.95249018	0.931448653	6.750701361	-2.923780531	94.30929417	50.9637834	0.832132013	0.857989657	60.03432563	43.71737782	56.20461924	47.5630325	24.76003252	27.05642977	119.0686259	105.9456913	87.77902305	77.39836853	30.82170663	26.97616756	0.495281418	-0.723137884	48.69293206	51.47820154	131.001245	145.4220559	31.0950921	39.03329916	63.98577979	98.28423877
I112-1-1-2-1-1-1-	I112-1-1-2-1-1-1-	-0.016918344	0.850298491	0.854292626	0.854628889	10.27707075	5.618034288	61.55770789	64.94953169	-0.026650047	0.91813782	0.937277143	0.923469536	12.4245233	2.911771557	72.01551742	34.29773452	0.863585505	0.857913085	40.85273746	35.075586	57.50793588	51.40795454	21.36674736	25.88692662	132.3370822	121.4328623	99.64952112	94.61097226	31.99424952	26.10112852	-0.052323435	-1.263584899	36.53689537	40.10582146	138.3032556	145.1461802	33.09761256	38.7608412	106.0710677	98.78071806
I136-1-1-1-1-1	I136-1-1-1-1-1	-0.016918284	0.869855603	0.83256374	0.846808238	11.96373654	4.638186484	63.50441492	66.957597	-0.023447271	0.929029514	0.954270944	0.937853459	4.145239892	-4.441151353	74.92067728	49.35181815	0.876422125	0.854693203	21.55728881	25.40754302	58.14837188	53.39742825	19.59438017	16.97029918	101.9038408	88.84468672	73.00701804	67.26718635	28.95600816	21.12212648	1.611606544	-0.397886266	32.99348867	28.36128807	115.9642164	143.204426	33.5562254	38.93864716	87.11077914	101.8667467
I152-1-1-1-1-2-1-1	I152-1-1-1-1-2-1-1	-0.016918648	0.869855638	0.835207203	0.836542394	11.89977951	6.059359487	61.57001913	65.95334506	-0.025440439	0.929330948	0.952889463	0.933139984	11.27666919	1.371347198	87.32835066	41.18741169	0.88224142	0.860337645	38.50456331	40.77276639	58.63364821	54.17379023	33.23066807	32.35966621	149.782839	118.0342206	119.6445039	96.65384461	29.39399945	20.63880529	1.365476631	-0.774402837	39.60151572	38.13859974	135.3252099	144.433811	34.38759979	38.98397085	66.48577846	99.35115922
I182-1-2-1-1-1-1	I182-1-2-1-1-1-1	-0.016918405	0.869856012	0.873804994	0.854394885	10.7479234	6.011476559	60.68761189	65.67639135	-0.021671914	0.930220205	0.958470619	0.932297159	12.59336477	3.488226706	89.68665512	51.20129197	0.941787302	0.878610745	42.06517349	38.36177567	47.86971212	51.41051619	40.73283552	29.85854049	172.0909798	114.5219461	132.6333584	89.52954371	38.97087445	23.47119983	1.52817014	-0.070431339	49.44469336	43.50817576	151.6062357	143.9739967	39.94556686	38.87191202	110.2586399	102.764554
I22-1-1-1-1-1-1	I22-1-1-1-1-1-1	-0.016918468	0.86985569	0.839351401	0.843530939	16.04982217	8.618986837	62.8028464	66.44414758	-0.021804301	0.931076648	0.955592756	0.94102655	7.667203709	2.34095601	82.84913286	59.04851009	0.808342216	0.868668603	70.76909136	61.42137965	49.62133279	51.19783959	37.25491176	27.78408631	176.9322844	111.8340422	134.6335783	86.20858126	41.69018665	24.84317264	0.662388128	-1.119742409	58.85884672	52.21747335	151.8365488	144.5012447	40.39696058	39.28176756	103.6065564	96.85405213
I237-1-2-1-1-1-1-1	I237-1-2-1-1-1-1-1	-0.025377568	0.888894443	0.820848859	0.836702789	13.75459197	4.586051762	65.57156235	68.50564098	-0.035041097	0.937739025	0.897526966	0.90403171	12.87055137	5.948660581	161.4776532	94.08226365	0.967231131	0.929728743	9.414708538	13.55039882	59.82347645	53.20812337	15.57149289	19.51414375	102.5758614	93.02543653	69.29371963	77.23733729	32.58147624	22.10427046	1.091176307	0.060915129	34.10579716	34.4676684	88.83117507	142.4942569	32.6392952	39.13833445	96.65244576	102.6690141
I31-1-1-1-2-1-1	I31-1-1-1-2-1-1	-0.016918516	1.175159764	0.811446399	0.823994809	12.75030206	8.519588242	65.30473405	72.14120437	-0.015316105	1.21418608	0.94798852	0.917533694	8.329256574	0.238711301	75.41908959	32.56292829	0.875886812	0.879094548	57.96516014	51.86939943	63.14837188	59.08976905	51.59438017	46.67623098	149.9038408	140.6091972	107.507018	107.7553803	42.45600816	33.5499022	1.111606544	-0.848696045	36.99348867	36.15036667	139.9642164	146.3029877	29.5562254	38.6160845	55.23577919	98.9770257
I45	I45	1.983081878	2.106595485	0.78626449	0.827799117	18.30188224	9.513002034	63.65886557	67.26379328	1.654178488	2.316872586	0.946401948	0.933617016	12.84746456	4.466862396	95.52584828	52.40632206	0.94912177	0.934748221	50.10056872	55.8208357	50.50062378	53.63681998	45.63142331	38.17637449	201.851943	144.1280317	155.1766253	112.5905057	46.56821168	31.11178206	1.796951156	0.106458477	51.27596299	43.84039935	151.3033594	143.5103052	40.23127205	38.90824995	109.3445114	102.8548558
I58-1-2-2-1-1-1	I58-1-2-2-1-1-1	-0.016918415	0.869855731	0.815393736	0.811298843	14.15296638	9.888220324	65.30995645	72.34608485	-0.023275521	0.930712375	0.923164384	0.892756131	10.14433603	2.171697326	91.29119493	39.58435768	0.94254676	0.934669832	38.0177438	26.86271185	51.2585387	57.17578621	49.48915294	38.86978639	197.7210289	134.2359305	153.925573	104.6737655	43.08128934	28.25399742	2.054608571	0.028598035	54.77599268	48.49582175	151.5714838	144.0083069	39.89461634	38.41880241	109.8791546	102.1924264
I817	I817	-0.016918496	0.869855488	0.77311895	0.814481591	15.64966504	14.13834824	66.58509318	66.63665803	-0.026308137	0.928728322	0.917613878	0.91080124	7.774835791	-0.134022473	73.33972452	51.7088431	0.773887771	0.855802864	31.36529739	27.5303157	56.26264707	52.5955927	35.17017823	26.69168792	123.7745308	97.65548054	88.62812687	71.12369554	33.92425009	25.62231404	1.837564628	0.392203448	59.21459735	53.50535594	138.8350735	146.1367892	33.48523669	39.14762199	113.8607785	106.130724
I9-1-1-1-1-1-1	I9-1-1-1-1-1-1	-0.016918469	0.86985566	0.851220632	0.856510538	12.93132195	6.268228345	64.14296799	68.13791153	-0.02203398	0.930615688	0.955675275	0.936209961	4.791409924	-3.569514111	95.14712531	47.68290706	0.888422645	0.906379955	61.87153351	50.19970126	56.19167603	51.98127348	21.14081378	22.55961498	115.4887438	101.1601812	84.99360771	77.21458544	27.99654291	22.20592082	1.207759842	-0.409245706	46.62318102	42.20945196	101.6590385	143.1914752	34.27774439	38.68680522	79.98577888	99.07885168
I94-1-1-1-1-1-1-1	I94-1-1-1-1-1-1-1	-0.016918189	0.869855742	0.86174037	0.854927342	13.70398202	6.450134009	58.27787352	64.04766049	-0.021805765	0.929776666	0.952385385	0.933222564	10.62310411	0.437629788	91.23818347	50.89217101	0.877996978	0.890798112	54.25622455	49.84397051	55.70461924	48.93814741	35.76003252	33.1571412	134.5686259	113.2417773	105.7790231	92.35488755	27.82170663	19.75655262	-0.004718582	-1.287399252	39.19293206	42.85593998	118.8750837	145.9747214	31.21926967	39.07979469	82.86077848	99.23314666
I97-1-1-1-1-1-1	I97-1-1-1-1-1-1	-0.016918142	0.869855639	0.865806257	0.859690489	13.49977483	4.234049603	58.91225399	63.49030224	-0.027002815	0.928384441	0.957823987	0.945424291	4.541347302	0.755627118	88.69119499	50.29182308	0.906956038	0.910120002	63.80508827	63.0373585	57.14837188	50.52997685	36.09438017	37.27300359	137.9038408	133.4092163	109.507018	108.3037007	27.95600816	24.52165961	1.611606544	-0.271776645	36.99348867	40.26833984	113.9642164	144.6873835	33.0562254	39.26529541	51.73577975	97.59798188
IA2132	IA2132	-0.016918399	0.869855727	0.842123972	0.836294814	12.05457349	10.79198601	60.58512303	64.33313285	-0.021862371	0.930848438	0.955602279	0.926576965	8.22289934	0.597849246	89.73131371	65.6673196	0.954736629	0.925526869	75.51604346	68.20030875	49.66653664	51.30855618	42.88502634	33.02048223	191.8810028	132.8513527	147.5199217	101.2795803	44.47060866	30.48392386	0.368291597	-1.192674029	49.1937443	43.52821858	154.2612028	145.8118394	40.49582688	39.34425219	109.2671046	102.8730647
IL103a	IL103a	1.983082093	2.86985581	0.810188618	0.831872669	20.98941288	12.71411186	61.49426376	66.92118324	1.981730696	2.930864401	0.896352441	0.894369387	7.256153539	-1.394353536	66.74524414	40.98358592	0.947006577	0.874235079	38.21654666	43.23844703	59.70461924	53.67988161	36.76003252	29.63876371	179.0686259	146.591319	137.7790231	114.0018664	41.32170663	31.76515688	-0.004718582	-1.300522182	35.19293206	39.06105354	109.001245	143.7676088	41.5950921	38.82209161	63.61077976	99.73517318
IL104g	IL104g	0.649748173	1.383870276	0.830217244	0.813969787	19.2114645	12.98863833	63.85316376	68.92328555	0.974574021	2.070114053	0.946737743	0.925345876	15.17997039	6.865227704	118.4191063	76.01474785	0.898141852	0.886432924	31.47356998	46.69896574	56.57890691	52.83105016	51.39611181	43.94797931	208.6228691	179.3376433	164.2840403	144.8833754	44.4219567	34.41217493	1.077481351	-0.403836167	47.62831171	40.56143109	162.4792907	148.3199126	44.80510486	39.71669172	111.7357792	101.3479619
IL110K	IL110K	-0.016918829	0.8698556	0.831787814	0.846230505	10.92629376	5.597421564	64.88534707	68.01354157	-0.023302075	0.929530299	0.955934459	0.941747626	9.343503821	0.109653136	92.68060275	50.21444359	0.92127529	0.904152948	65.08857398	60.99731313	59.57890691	53.54299641	37.89611181	36.77966463	162.6228691	153.7827785	130.7840403	124.7912071	31.4219567	27.35957572	2.077481351	-0.40238347	47.62831171	47.16985218	145.9792907	145.46103	33.30510486	39.02758888	115.98578	101.3178351
IL112t	IL112t	0.98308171	1.717203608	0.831825209	0.817419415	15.36058709	11.0325986	59.39677385	65.79012277	1.653366253	2.317364647	0.957060591	0.930176071	12.94235639	4.396577564	83.3432257	49.43472178	0.920710225	0.898108137	74.6968523	66.34889545	58.20461924	53.03174225	34.26003252	33.1729051	160.0686259	135.8189283	119.7790231	100.9071498	40.32170663	33.98799102	1.495281418	-0.625568032	38.19293206	39.91003551	121.001245	143.9929453	33.0950921	39.09860594	203.4857796	106.6983338
IL1171	IL1171	-0.016918371	0.869855759	0.845536546	0.847440091	14.89618759	9.089400774	57.91383659	63.05321776	-0.018942937	0.931720264	0.94176391	0.920645593	12.90996139	3.652771006	71.14164203	36.08255879	0.893965943	0.867280669	78.36533187	70.03945644	55.14837188	48.65839467	28.09438017	27.53414244	139.9038408	120.9280374	100.507018	89.78423411	38.95600816	29.90981012	2.611606544	0.617518301	44.49348867	39.9668978	100.9642164	141.7654173	30.0562254	38.59888955	120.4857788	97.75781945
IL11D	IL11D	1.002274326	1.340322576	0.842357405	0.840353713	16.98466451	14.48902487	64.09740309	71.32386949	1.984800007	2.594953955	0.937541233	0.912908062	4.359345147	-3.29172173	80.83538382	41.1716248	0.890046617	0.851037661	52.2718514	52.83980739	67.33433738	59.4784734	37.22073073	41.21130344	185.6698768	171.0936741	138.2743609	127.4003957	47.26243715	42.8664579	7.063786395	-0.210481898	24.15082625	28.26364332	141.1274062	145.6953561	31.97091452	38.87846578	66.49999972	99.64535582
IL124a	IL124a	-0.016918617	0.869855582	0.849164687	0.844241351	13.70463996	5.548112837	56.78030536	64.25244214	-0.02643294	0.928695149	0.931019783	0.906533354	11.79482998	1.987437678	71.85548991	30.86206392	0.922101581	0.89760652	73.73095064	53.90164854	56.33211203	50.84283893	25.61726745	28.85810243	131.2318203	125.478242	93.72031646	93.2460583	36.33054007	30.31334384	1.871689821	-0.692801411	48.57977431	41.64546167	176.0972577	145.6620064	23.4731556	38.31719467	130.1107787	99.73762631
IL125a	IL125a	0.649748183	1.383870322	0.840696473	0.825934595	13.58487321	11.24111711	64.4830974	70.72230186	1.976669624	2.647398603	0.932932408	0.910163678	9.280646135	0.479386501	96.99839638	52.52054797	0.857620177	0.859827212	69.74458386	66.46070296	64.47326731	58.04351417	36.59438017	41.33520351	143.4038408	145.1998303	103.007018	109.3000728	40.45600816	35.5743698	1.111606544	-0.700961886	37.99348867	32.60531407	190.0972577	147.175099	35.4731556	39.04179516	104.7215579	101.016547
IL13B	IL13B	1.983082093	2.489993179	0.8212162	0.831775448	19.73590462	12.82841592	66.16093043	68.35047837	1.981730696	2.592913321	0.928980848	0.909342151	9.422820206	-0.253651868	83.32313593	44.52991736	0.887724092	0.890143247	50.12130856	44.52911512	54.0924435	54.90123554	44.96944675	34.16180078	204.5832969	139.6561227	151.4658548	103.3603581	53.32094045	36.13803986	2.464441623	0.41669121	56.02654727	48.66622008	151.9071696	143.6116556	40.59594074	39.1956967	103.8952186	97.17469145
IL14C	IL14C	1.983082084	2.869855768	0.800153894	0.813368896	22.40647239	15.76995642	69.03098287	71.73276204	1.976686674	2.929180403	0.935413496	0.92298526	7.838531239	0.714013636	95.6018705	66.91475174	0.854057939	0.873279913	37.3746551	39.31918916	62.00793588	58.09353853	61.86674736	52.98868964	201.8370822	174.171946	155.6495211	137.1541127	45.99424952	36.59873343	0.947676565	-0.667164857	55.03689537	63.63645349	127.8032556	143.5910335	38.09761256	39.4201567	116.6107789	103.8361666
IL14H	IL14H	2.002273662	2.899269876	0.808085025	0.834207224	20.57758235	11.70967154	70.3132387	73.41296249	1.989384402	2.945434496	0.926698522	0.920842538	9.947087097	1.53133217	84.75246945	46.70368236	0.838471156	0.862434766	43.28694475	39.42672207	61.13364821	57.62719718	55.23066807	47.11923211	204.782839	171.3938541	158.1445039	133.4439177	45.89399945	37.13462062	1.865476631	0.000365581	47.60151572	50.93691551	130.3252099	143.7238099	39.38759979	39.06521775	117.6107785	104.449835
IL18b	IL18b	1.983081909	2.850298364	0.824825044	0.829476587	18.98642999	10.98486753	64.10308764	70.40323034	1.643903614	2.696301918	0.943152144	0.928169669	16.28226975	7.141194248	99.89354362	61.00567904	0.830769538	0.840625313	68.30711329	64.24384359	60.20461924	56.92630646	45.76003252	42.99711479	182.5686259	171.7699888	141.7790231	136.0960004	40.32170663	34.76973721	1.995281418	-0.810598508	45.19293206	43.75408006	147.001245	147.4193492	36.5950921	39.75228292	121.6107785	98.61980346
IL200e	IL200e	1.983081276	2.869855485	0.813692611	0.816971896	21.93334203	11.60579911	57.04665618	66.25093319	1.978275212	2.930459423	0.939800512	0.921206854	9.143284988	-0.247676265	119.4125911	79.78501165	0.959172335	0.945257291	31.27781286	29.58070888	59.69167603	52.83006106	19.14081378	36.41027149	144.4887438	159.489323	98.49360771	120.0090662	45.49654291	39.28837783	2.707759842	0.753521359	47.12318102	49.23192005	111.6590385	144.0907036	36.27774439	39.45973365	103.9857789	100.4099563
IL21f	IL21f	1.983081302	2.564551661	0.832709587	0.838182589	12.45974193	11.49278496	61.53641062	64.46547877	1.974842536	2.929171622	0.941597381	0.920160162	8.279535125	0.527127381	101.8132349	62.08237376	0.931039223	0.910488561	42.44835393	39.37441583	60.26264707	52.68375585	30.67017823	35.94974176	153.2745308	138.3438439	109.1281269	104.789397	42.92425009	33.16668267	1.837564628	0.226854857	41.21459735	39.82386034	97.12740623	143.7393855	17.97091452	39.12050544	54.48577838	97.7103223
IL279AxRp1d	IL279AxRp1d	1.972348255	2.701730619	0.816204284	0.829733712	13.04303953	7.731919974	71.66051454	74.62840883	1.987339316	2.943428363	0.940408521	0.927914226	7.617243274	-0.633617244	98.21882381	60.50655146	0.95039553	0.905194061	30.32573882	32.89908036	61.26264707	58.42583111	44.17017823	26.76954322	172.7745308	126.5531215	132.1281269	94.89800858	40.42425009	30.04050819	2.837564628	1.007710761	38.71459735	38.8504609	132.3350735	142.0100392	37.48523669	38.89166592	106.4999994	103.5036976
IL27a	IL27a	-0.016917969	0.869855753	0.847503385	0.845544595	19.83398133	12.54797299	63.00168504	69.66250301	-0.018180163	0.929767109	0.958509448	0.93966053	14.84119882	5.804140888	105.6317894	69.65918384	0.93436035	0.924623333	68.51138115	56.32725908	61.57890691	56.02044608	49.39611181	52.26654065	161.6228691	157.8514685	123.7840403	127.0484157	37.4219567	30.03230909	1.077481351	-0.728837819	45.62831171	42.03577426	107.4792907	143.503334	41.80510486	39.68164353	71.50000065	96.72089057
IL303b	IL303b	1.983081568	2.869855772	0.852706186	0.846472419	16.32274669	7.414890248	59.98103856	64.14341128	1.982597994	2.932037966	0.946651707	0.93060676	8.959468385	0.005690255	82.9181944	44.25306068	0.86810904	0.846159422	91.24976499	87.51320985	61.07490111	51.5299972	45.23066807	54.87522862	203.782839	191.6058854	157.6445039	155.2925416	46.39399945	36.83783989	0.365476631	-0.201646076	52.10151572	46.4680745	108.8750837	143.4203549	28.21926967	38.7910025	74.9857797	99.47163167
IL318a	IL318a	-0.01691859	0.869855572	0.834726652	0.836533349	20.72889727	12.22701267	67.90150406	72.57917877	-0.027422982	0.928307167	0.926526367	0.908652499	8.49518814	0.687727104	73.57704859	42.6720739	0.887545648	0.868399127	55.00938142	59.97579488	62.07890691	56.10387294	45.89611181	41.19161108	172.1228691	155.5848677	126.7840403	115.7173119	45.4219567	39.28771182	2.077481351	-0.161263874	30.62831171	37.82028733	128.9792907	146.1851355	30.30510486	38.87787276	179.3607788	107.5633029
IL31a	IL31a	1.316415029	2.355840993	0.81820452	0.825859052	16.31409294	7.63512612	65.61090882	69.76501994	1.978834167	2.929432718	0.938341456	0.924589778	8.074122236	1.403817069	93.42627126	54.7275123	0.938367478	0.877121063	44.49456679	50.87836599	64.47326731	56.98365234	76.61726745	68.56434695	170.2318203	165.8932215	134.7203165	135.8643108	35.33054007	30.2171596	1.132036782	-1.009948707	41.88118017	45.30627591	122.0972577	145.1812742	35.4731556	39.19276884	76.73577928	99.66445315
IL325a	IL325a	1.316414817	1.592580623	0.816313463	0.820357657	21.42732238	15.02521766	69.02771291	70.84231263	1.976896423	2.223109794	0.947448806	0.924384967	5.121514957	-1.328539972	102.511705	69.13771317	0.92236896	0.902113483	57.19866395	49.19939016	49.76264707	53.13076805	75.67017823	37.33479979	201.2745308	120.6637702	161.6281269	90.72331205	38.92425009	27.5602252	0.337564628	-0.831237281	46.21459735	42.85373974	148.8350735	141.961449	43.98523669	39.56222765	56.61077845	97.50638388
IL328a	IL328a	0.649748219	1.231217947	0.848731503	0.856607207	15.2618402	9.203587103	64.16715644	66.63436414	1.980828328	2.788719235	0.948590004	0.93640449	11.70555929	3.409321924	80.73371283	44.70686871	0.815979539	0.846032255	78.03244542	71.41390381	62.57890691	55.11259854	61.89611181	52.79892106	180.6228691	152.0946093	138.7840403	117.6851351	38.9219567	32.2901023	1.077481351	-0.774960573	51.12831171	48.56435703	111.4792907	144.5830542	36.30510486	39.37111478	80.86077851	100.4610713
IL354a	IL354a	1.983082186	2.411899631	0.822353426	0.840269654	29.49748486	16.94037139	64.30989658	66.82254025	1.981852558	2.647506269	0.897383049	0.898865955	18.97562399	11.58665019	69.96919319	44.04231367	0.943614816	0.930648008	44.27633744	43.33198982	47.19167603	49.61492837	46.64081378	48.02587767	148.9887438	148.9777015	115.4936077	114.1775779	32.99654291	33.59495088	0.707759842	-0.968272104	46.62318102	46.65145433	127.7753361	149.0831912	31.55592991	39.17383607	46.36077939	98.59552956
IL366a	IL366a	1.983081713	2.259247377	0.819915035	0.81518696	14.48797247	10.60666649	65.39843928	69.5890335	1.980018955	2.929626566	0.94603406	0.927677283	5.51062513	-2.521296842	88.84928249	57.41975291	0.922361905	0.899868146	41.70362069	40.74637599	62.76264707	55.71905594	47.17017823	46.25652532	167.2745308	163.4006616	128.6281269	129.6352109	37.92425009	32.19718437	0.837564628	-1.024911322	35.71459735	40.7341387	138.8350735	145.1048969	41.48523669	39.49400388	85.77744533	99.7597356
IL368a	IL368a	1.983081981	2.869855709	0.807691596	0.826792505	26.16562297	14.69220056	61.66356649	66.87729189	1.977765043	2.928778422	0.93339059	0.920619658	10.20207791	2.560682534	73.17646938	37.73526541	0.987508502	0.925351513	68.15283881	64.75529106	64.19239531	54.85935294	52.16200182	56.48926292	173.0983029	169.1162197	135.0053226	133.5041476	38.40702279	34.48767634	0.804176823	-0.287076238	38.96799358	48.39705825	121.7753361	146.1654343	34.55592991	39.10589782	71.36077838	99.69007732
IL369b	IL369b	1.649748226	2.383870171	0.813181753	0.824125207	23.46827126	12.3223939	65.44646557	69.71289189	1.642419595	2.736031263	0.912646295	0.901897284	9.860990817	2.459832947	53.50247117	32.30687595	0.901673324	0.892502006	29.45307827	31.68114348	59.26264707	55.44106109	62.17017823	46.11905061	192.2745308	160.0056707	153.6281269	123.214126	38.42425009	34.96764003	2.337564628	0.402421434	38.71459735	42.80937393	131.5427409	144.7064278	31.99955887	38.85847509	70.7357783	100.5576048
IL370a	IL370a	0.316414602	1.966449082	0.808651968	0.830128996	19.60854899	14.20783793	67.97711787	73.38787416	1.977876745	2.789647922	0.936190482	0.919872747	11.38991606	2.923984702	100.1768581	56.33341856	0.958534401	0.948245335	50.55657945	51.20039011	64.27408421	57.9946851	56.45830089	52.22073234	203.8495977	184.0315918	168.5020008	145.2331916	35.35575809	36.79874809	4.529406611	0.154083321	35.05810902	37.70734168	124.4861707	143.6695907	38.84621263	39.28856652	107.4692688	100.2556634
IL393a	IL393a	2.98878155	2.989085883	0.861982918	0.840844383	7.044979433	9.573774536	73.79740227	73.71954348	2.995295277	2.99547354	0.903534744	0.890678277	6.299063341	-0.100021565	44.61509124	29.83930664	0.990787866	0.861734572	0.933291779	4.6788535	64.76264707	60.09076281	35.67017823	33.76812346	170.7745308	153.6025788	123.1281269	113.6913401	46.92425009	39.62214272	1.337564628	-1.125432531	40.21459735	39.45750918	140.5427409	145.922864	35.99955887	38.6073257	71.86077956	103.9055259
IL395a	IL395a	1.983081491	2.869855627	0.833356442	0.837998522	15.21281333	11.25992259	64.19296945	70.16004647	1.976750799	2.505967413	0.938561754	0.910720767	7.543583603	0.832652635	99.96908111	63.06876396	0.922445274	0.895623247	80.63783937	66.62918884	65.33211203	57.98910815	41.36844659	46.35261191	204.5555025	194.1114939	158.8511046	148.1194289	44.45830155	37.83059619	1.871689821	-0.286374516	31.07977431	31.59001982	104.3199993	144.8384028	30.73635723	38.74232501	110.8607796	103.4701235
IL430a	IL430a	1.983081774	2.869855717	0.810753626	0.804968741	16.91325473	13.28755263	60.10629336	66.35433618	1.976639494	2.929550252	0.931395648	0.912689837	5.273027088	-2.09422949	100.2821136	70.97536626	0.958883798	0.916577886	71.02164452	69.27123698	58.50793588	53.13114989	48.36674736	40.48588242	180.8370822	156.9468089	140.1495211	124.0809433	40.49424952	31.9399844	1.447676565	-0.88071603	58.03689537	46.22960803	98.30325556	142.2220113	33.59761256	39.14495387	88.61077824	98.45470983
IL437a	IL437a	1.983081536	2.259247081	0.802769901	0.811793385	19.57705156	12.71165327	60.71295932	64.30106515	1.646310207	2.455191654	0.934963994	0.924253881	14.49127862	5.948853386	107.6644556	65.55254766	0.9267169	0.921087084	66.53767724	64.18192174	59.69167603	52.01034219	34.14081378	40.29640719	142.9887438	135.7011753	109.4936077	105.9813757	32.49654291	28.18841936	1.207759842	-0.853574111	50.12318102	51.6527242	122.6590385	146.4811767	29.77774439	39.26806076	102.2357792	101.26513
IL442a	IL442a	1.649748413	2.536522385	0.781339377	0.801772946	17.93396776	11.74009409	70.3073297	72.92531681	-0.015433425	0.931028929	0.937036201	0.928602322	17.08892231	8.573878167	92.32482894	57.61048073	0.891993216	0.869070447	27.49293688	32.37664685	55.76264707	57.9703024	57.67017823	50.56174489	174.2745308	164.0026706	142.6281269	137.5183286	31.42425009	26.51895002	0.337564628	-1.299100491	44.21459735	50.37360393	164.3350735	147.2341174	36.98523669	39.41780859	46.23577873	99.81246329
IL44b	IL44b	1.983081817	2.869855443	0.83325411	0.842405664	12.02721056	6.558491024	64.32908999	66.97986288	-0.019568389	0.930134655	0.946881149	0.931759918	11.15896816	5.762194424	73.91217028	35.91881604	0.91147559	0.91410539	27.45416057	42.60900529	59.14837188	52.73918522	51.09438017	42.5922758	183.4038408	153.2868243	151.007018	125.7092006	32.45600816	27.17334243	2.111606544	0.165566081	62.99348867	59.7151051	125.4642164	145.0701591	35.0562254	39.00317141	58.36077928	97.91963467
IL451b	IL451b	-0.016918688	0.869855497	0.849268159	0.836515456	11.54461624	7.013310848	65.95544493	70.042697	-0.025233496	0.927552162	0.949844043	0.923509606	7.880993782	-0.668454037	68.47975482	35.150268	0.925834844	0.913132268	44.171256	49.84702065	60.57890691	53.75656761	42.39611181	37.20095978	154.6228691	143.0283299	120.2840403	111.7772761	33.9219567	30.01409598	1.077481351	-0.778129605	43.12831171	40.10696691	155.4792907	146.5348637	28.80510486	38.76948974	111.7500018	103.8942721
IL453b	IL453b	-0.016917906	0.869855774	0.869637635	0.867476413	12.4429291	8.882419954	60.18071112	64.75117178	-0.015533581	0.931027332	0.960008701	0.938205979	13.99364655	3.562646782	80.3680504	46.1011526	0.932081815	0.884840201	88.46556449	85.99722426	56.13364821	50.72942482	30.23066807	42.63410582	129.782839	137.6690579	96.14450389	107.6606584	33.39399945	29.26910664	0.865476631	-1.043145939	44.10151572	43.90564015	135.8252099	146.9488257	34.38759979	38.94949572	101.1107785	99.6090781
IL454a	IL454a	1.649748278	2.078566061	0.86163597	0.855412558	14.97943308	7.090065009	59.03545158	63.82717727	-0.022275451	0.928801153	0.941254998	0.923234897	5.974522855	-2.604735024	73.20924463	38.67630711	0.876677816	0.883100396	77.93389505	68.81600471	57.27408421	50.5249332	28.45830089	36.53956719	168.3495977	157.0042285	127.0020008	122.8760535	40.85575809	33.64842158	2.029406611	-0.653102289	45.55810902	43.12092112	117.4861707	143.4601033	31.34621263	38.57164259	110.1107785	99.80780727
IL465a	IL465a	1.983081996	2.411899492	0.829040183	0.844205548	14.36657085	6.378996075	59.95336368	64.97950978	1.315258158	1.841245173	0.94195268	0.926265008	5.670221281	-3.546550013	99.93419236	60.93915821	0.886443084	0.878125007	67.7593399	62.38136792	57.33211203	51.2414236	55.36844659	49.85069189	191.0555025	163.6482359	154.3511046	131.7692629	36.45830155	30.99682351	1.371689821	-0.751869655	48.07977431	44.76467947	140.8199993	146.150172	39.73635723	39.15942994	132.0000004	102.3344524
IL47A	IL47A	1.316415074	2.203189262	0.827857135	0.826279872	12.61067392	6.618037816	66.52951705	69.68376368	1.643672181	2.7370961	0.927764855	0.916568904	7.06917077	-0.332002043	81.38322972	53.72474057	0.897850951	0.875787693	43.57550283	41.63639833	65.19095676	57.12743856	36.11962573	32.66777141	147.8791848	142.459965	110.9818928	105.2226893	35.58606303	36.81803749	2.611342861	0.318942489	32.27836846	38.7721118	103.5427409	142.6976324	37.99955887	39.24773737	66.48577869	98.63347403
IL515a	IL515a	1.983081147	1.953943092	0.81400153	0.827638922	14.03962865	7.738023207	65.44358954	72.02415727	1.645459003	2.59623049	0.943682249	0.923031849	13.81284842	6.142079794	100.3541073	59.85674991	0.943982585	0.89660904	85.82238393	70.73981794	63.19167603	57.69860868	29.64081378	36.99433827	124.4887438	140.4924266	84.99360771	109.6249145	38.99654291	31.12529406	2.207759842	-0.755577974	46.62318102	42.78872697	111.6590385	145.5042096	35.77774439	39.26949453	77.73577914	100.477583
IL543c	IL543c	3.000000534	3.000000115	0.86449757	0.855705667	9.77540754	4.739068269	83.40608836	83.44469981	0.996701999	0.996701904	0.918107943	0.894748091	4.805454657	-3.132198141	53.80855814	23.38888285	0.872071566	0.902467541	16.08566489	26.54447855	66.14837188	65.5732314	81.09438017	46.00268571	216.9038408	146.6675598	178.007018	112.7548793	38.95600816	31.42684951	0.611606544	-1.245843978	44.49348867	46.16418001	108.9642164	143.0924016	30.0562254	37.6669535	108.9790759	101.301554
IL545	IL545	1.983081745	2.106595474	0.824171306	0.837220818	11.99982672	7.361056472	58.82401524	63.95939422	1.645788848	2.314695295	0.923221814	0.913210962	9.778639229	3.0889036	68.07838547	34.80795601	0.876106078	0.880441398	82.52527309	75.75834659	59.69167603	51.34609618	38.14081378	49.78883715	162.9887438	160.7361988	118.4936077	121.597463	44.49654291	38.01719409	0.207759842	-1.164906838	45.62318102	39.73304939	140.1590385	145.612307	32.77774439	38.9849271	91.29827858	98.98101153
IL557a	IL557a	1.983081274	2.106595315	0.821087467	0.832103921	16.60242117	10.48498574	63.39265071	69.3453343	1.642243035	2.313616271	0.947003555	0.927269736	6.598719186	-2.258389042	76.71786883	46.50141324	0.925279119	0.897657996	63.91597585	64.70375001	59.20461924	55.0778863	47.26003252	30.67982537	182.5686259	126.9025951	136.7790231	88.36303669	44.82170663	36.85179185	1.995281418	-0.594085561	37.69293206	38.84691826	138.501245	142.6787967	34.5950921	38.77343723	54.86077923	99.597652
IL607a	IL607a	1.983081964	2.869855738	0.789281725	0.816803328	18.88831211	12.96042494	67.63635214	72.01464133	1.977972536	2.929072939	0.942290365	0.911676896	7.132137566	-2.183272359	116.1945868	74.02559754	0.944972466	0.930706224	17.54248587	15.8647283	65.33211203	59.0683284	36.86844659	33.59357328	151.0555025	139.9231286	112.8511046	106.4328556	36.95830155	32.52851195	1.371689821	-0.27980185	45.07977431	49.62852009	119.8199993	146.0925148	30.23635723	39.32938039	116.7357791	103.3405297
IL611a	IL611a	1.649748265	1.773262132	0.826494408	0.839220289	15.36871523	7.503634385	64.99114388	68.11011491	1.979550735	2.930252575	0.937123225	0.918843436	6.619861183	-3.121598814	71.7933924	39.72322594	0.807420403	0.827890892	55.99605453	48.57344597	60.20461924	55.35556077	37.26003252	33.01892853	141.0686259	121.8716117	106.2790231	94.15699286	33.82170663	25.52933382	1.495281418	-0.756122889	55.69293206	50.48186598	151.001245	145.398187	30.5950921	38.67173371	124.2357786	102.288319
IL615a	IL615a	-0.016918606	0.869855581	0.817277096	0.809227884	17.29318563	11.78470741	65.39864603	68.25813127	-0.026969	0.927661002	0.926962278	0.904919789	10.25834675	2.105700087	87.49337097	58.60912039	0.887516576	0.881858202	58.73546365	52.62018209	61.63364821	53.00691673	18.23066807	25.08832794	110.782839	101.460998	77.14450389	75.42827243	32.39399945	24.98119685	0.865476631	-1.175437249	43.10151572	36.25805444	87.82520988	141.2326676	30.38759979	38.76844951	67.73577928	98.5477469
IL618b	IL618b	0.983081293	1.869855758	0.835517692	0.847157555	12.39581832	8.502269265	66.89234269	71.27028239	-0.026364743	0.929799863	0.936546519	0.923170682	8.68018658	1.66073175	72.90463313	51.0463243	0.912020392	0.905772412	74.05368773	62.56044788	53.13457765	55.48598879	59.93042303	54.71747877	239.8151081	181.4975974	188.990975	146.254538	50.32873952	34.69331471	0.442873157	-0.8588356	51.44376757	46.91892805	154.8195781	146.5620948	40.41745661	39.26563735	108.6224976	99.77811427
IL648	IL648	-0.016918368	0.869855665	0.73066344	0.784642702	16.23105759	10.19564714	69.56985967	72.0548745	-0.022350917	0.929464627	0.908377865	0.89954824	3.856295476	-3.310332695	105.7386651	65.90243816	0.840720187	0.859176233	35.0838317	43.04617827	56.63364821	57.30665463	59.29933432	32.30894835	194.467375	124.5413005	153.2836852	98.6883963	41.38097611	24.83784241	0.92677644	0.704888173	81.23503786	51.21650383	111.8750837	140.8850738	36.21926967	38.84150597	61.23577822	99.20139691
IL661a	IL661a	1.316415348	2.050537125	0.798235771	0.807968438	15.43793097	8.245247038	70.03698069	68.15362212	1.646325513	2.313673442	0.92079826	0.902368652	5.06282519	-0.83567584	59.51313294	29.15344166	0.868706545	0.860834949	46.7066509	50.74176149	57.69167603	54.70929494	37.64081378	22.6636133	139.4887438	87.62849831	108.9936077	63.0604117	30.49654291	22.36163433	0.207759842	-0.567701676	46.12318102	39.21901516	117.7753361	142.1566365	31.55592991	38.45270418	89.73577846	99.27497974
IL671a	IL671a	-0.016918648	0.869855688	0.854917658	0.847205257	11.77865908	10.6735673	57.23668579	62.16341144	-0.025440439	0.92933082	0.955470956	0.931186797	10.44333586	1.430786723	110.766851	68.09683446	0.957514604	0.912618035	62.31408712	62.33859733	57.33211203	49.67584421	18.86844659	29.82086279	123.5555025	117.483638	92.35110463	91.96999264	30.95830155	24.58034709	1.371689821	-0.441851715	42.07977431	40.48334718	137.8199993	146.0698165	33.73635723	39.29980134	88.86077851	98.11161233
IL673a	IL673a	-0.016918125	0.869855649	0.832097096	0.834699949	16.20774354	10.77917248	67.09474298	71.95068011	-0.014821415	0.93186596	0.930629917	0.913507307	9.417538675	0.289560259	72.00074596	37.71856247	0.883809164	0.873344668	64.22702657	63.80382832	64.26264707	57.26544048	47.67017823	52.43156914	153.7745308	155.410204	121.6281269	123.4068043	31.42425009	29.93651564	2.837564628	-0.237208986	28.21459735	33.25627769	151.8350735	146.7888467	34.98523669	39.16869177	126.8607798	101.4956839
IL676a	IL676a	1.983082156	2.869855791	0.84281428	0.840880564	16.99406799	9.025639742	58.85404456	65.87901837	-0.018417955	0.931035681	0.949503521	0.926317011	21.54543131	10.45038204	85.59735924	48.55744398	0.908239222	0.870167011	74.31176689	67.85197251	57.70461924	50.44370771	23.26003252	31.89092417	127.5686259	120.7902697	91.77902305	89.92131694	35.32170663	29.56693581	4.495281418	-0.129786738	43.19293206	37.56762576	115.501245	144.003522	33.0950921	38.95344486	68.86077973	96.30083356
IL677a	IL677a	1.983081763	2.869855654	0.835291852	0.838672555	15.3502157	7.27421822	51.43929179	57.13217607	-0.021185677	0.930131979	0.917800355	0.905209233	10.79540169	2.654109885	65.73012235	35.6638946	0.932156506	0.905417022	79.80941049	76.53761824	50.83211203	44.74026432	25.36844659	34.58099691	131.0555025	129.8325336	98.35110463	102.2812343	31.95830155	26.6903743	1.371689821	-0.91574331	53.07977431	59.66081476	97.81999929	141.3930064	26.73635723	38.42994554	65.00000177	97.69601995
IL678a	IL678a	1.974622057	2.888894037	0.875512149	0.879708547	10.8536871	5.187704811	69.11215937	72.04303546	1.964934417	2.937237513	0.948475905	0.937643433	8.543339001	-1.319470556	114.0696093	57.43162305	0.867332596	0.874305988	49.51143311	44.37103655	62.20461924	57.0054612	51.76003252	47.43632248	164.5686259	148.7720103	128.2790231	117.6686098	35.82170663	29.96002804	-0.004718582	-1.353148506	36.19293206	34.65157996	133.001245	147.1205775	32.0950921	39.06199032	78.65244543	99.67403603
IL689a	IL689a	-0.01691865	0.869855433	0.800061934	0.814193861	15.11739092	12.85570847	56.79314566	62.2362525	-0.019424168	0.930686095	0.943187382	0.919933019	11.29348202	-0.306199496	108.7129654	60.90677089	0.82774703	0.82943462	75.06224168	70.88941473	53.64837188	48.56434031	24.59438017	28.70698551	118.4038408	117.3301358	88.50701804	91.56454975	29.95600816	24.62216637	1.611606544	-0.250341518	54.99348867	52.56134818	105.4642164	144.7506836	30.5562254	39.08932822	64.86078041	100.0226782
IL692c	IL692c	1.983082313	2.259247434	0.820251282	0.832967598	21.88428443	15.24051741	62.15032203	66.92520328	1.984074022	2.78993227	0.940372146	0.927463921	7.322420167	2.38149845	94.54713033	55.03912823	0.905838233	0.857731708	56.73697547	54.67128072	56.13364821	51.74518088	60.23066807	50.6409932	172.782839	161.4552467	134.6445039	125.5903614	38.39399945	35.14000396	0.865476631	-0.531756435	59.10151572	50.92785439	125.3252099	144.2177424	37.88759979	39.47183101	79.61077909	101.6406187
IL696a	IL696a	1.983081665	2.564551512	0.861383528	0.867200049	10.72608717	11.11738273	64.88835154	68.38104694	-0.01609705	1.072555851	0.949386307	0.92934188	7.430641717	-2.041517383	78.68315625	44.41222147	0.93350517	0.901099973	58.34484439	60.26782673	60.20461924	53.91244055	46.26003252	35.69890001	171.0686259	142.9022736	130.2790231	107.5032274	40.32170663	33.57246429	0.995281418	-0.979916566	31.19293206	35.77994185	148.001245	146.0101392	27.5950921	38.60029076	61.86077919	96.39162084
IL699e	IL699e	0.995500463	0.994421774	0.812461165	0.812471412	7.083466284	6.814420582	79.4542439	79.21229536	0.992190954	0.99230088	0.915413286	0.915360242	2.348335621	-5.534387039	30.84361684	30.55328516	0.866043962	0.865867241	2.20046017	16.99103386	61.76264707	63.35779611	53.17017823	36.53566887	184.2745308	120.0467178	149.1281269	99.67624805	34.42425009	24.28997158	0.337564628	-0.391244793	56.71459735	57.15994018	76.83507354	139.8420795	26.98523669	38.25745272	103.2294017	103.2798793
IL7	IL7	-0.016918155	1.175159989	0.828887878	0.844600715	13.79968424	7.666319039	58.69082617	62.24812243	-0.021417199	0.930250923	0.957408802	0.940059108	11.11895194	4.137664869	84.62878742	52.59160661	0.938104302	0.935035986	52.62188456	58.74297417	62.82347645	50.65733678	66.57149289	37.61373183	191.5758614	131.3445017	154.2937196	102.455652	37.58147624	27.91905102	1.091176307	-0.975998856	53.10579716	41.07508636	102.8311751	145.5531492	27.6392952	39.11698286	79.11077814	98.86570162
IL701e	IL701e	0.983081718	1.717203538	0.875967281	0.847811642	16.14346751	7.480490508	60.2945204	64.02417851	0.983718088	1.790549988	0.965081016	0.939898169	12.07003631	4.053320437	80.05045631	50.89666406	0.946326066	0.943491442	24.13124876	30.21918011	49.08357622	51.23436556	62.720638	52.48283432	226.1298745	160.7969752	179.5547887	130.5697265	46.43616302	29.63913688	1.716760484	-0.209857599	59.13701479	53.45255797	154.4393292	146.6808439	40.46071662	39.18165484	108.7706233	101.7864803
IL707a	IL707a	1.316415043	1.592580698	0.847234549	0.834043256	12.74851932	8.521076035	62.39677385	67.07381031	1.32003292	2.266247164	0.920536581	0.871589812	8.136800836	0.155704374	50.73103325	18.08669755	0.845003429	0.902660405	24.6968523	30.44422056	62.63364821	55.80261739	32.23066807	40.34329911	128.282839	129.6638951	94.64450389	101.7001958	33.89399945	27.11073019	1.365476631	-0.226428038	37.10151572	35.04230946	120.3252099	147.3371071	23.38759979	38.19302779	86.11077822	100.198112
IL713a	IL713a	1.983081865	2.869855632	0.840680064	0.841713733	11.42208637	5.185771272	68.40557412	72.47745649	1.980054496	2.930546386	0.948086336	0.925284197	19.00908454	9.328911581	90.01608918	52.33977158	0.89258249	0.87175625	76.77020643	67.39302121	66.00793588	57.50901633	37.36674736	44.24565243	133.8370822	141.3514349	107.1495211	115.0482321	25.99424952	24.60933152	2.947676565	-0.138190014	39.03689537	39.38883067	115.8032556	144.4431446	28.59761256	38.71321312	74.36077848	100.1581672
IL729a	IL729a	1.649747988	2.536522266	0.831273662	0.836369904	11.82642965	9.058754343	67.15089459	70.33027363	0.643072193	1.455950325	0.922499239	0.904148044	14.67260394	4.571365395	84.60354666	50.38164212	0.879591643	0.871476546	51.13856523	44.2735813	65.07490111	58.99540627	43.29933432	43.06543802	172.467375	143.2914236	131.2836852	110.6990144	41.38097611	31.34535328	1.92677644	-0.617559825	52.23503786	50.63584456	130.8750837	146.0931988	37.21926967	38.61655569	85.23577939	102.0056738
IL731a	IL731a	1.983081983	2.869855933	0.831101455	0.839203111	15.91215591	11.403455	65.61342312	69.80843525	-0.021195246	0.930220724	0.949464076	0.927013366	6.257868347	-1.384054673	90.75032446	54.0255661	0.949835242	0.924863731	44.9805383	44.75746411	60.07890691	55.9945494	48.39611181	35.38506583	165.6228691	134.1438696	127.7840403	103.5565632	37.4219567	29.63676867	0.577481351	-1.161894789	52.12831171	49.67745673	141.9792907	144.9365132	38.30510486	39.07067004	80.98577911	99.16481885
IL733a	IL733a	1.983082186	2.869855853	0.836273631	0.83323379	18.70778949	13.42556119	65.97656325	70.37627112	1.981852558	2.929721914	0.938666542	0.920687882	11.14229066	3.186342397	71.67284949	58.55995969	0.888115766	0.886354557	58.56205173	61.12960238	65.26264707	58.4292388	45.17017823	40.7210821	169.7745308	153.8124259	129.6281269	120.4810323	39.92425009	32.60982281	1.337564628	-1.099193273	53.71459735	54.58255562	147.3350735	146.3203045	36.98523669	39.21355793	57.36077873	99.27876008
IL744a	IL744a	1.983081519	2.869855815	0.846282614	0.858387058	17.15682642	9.480479137	67.9096657	74.77984287	-0.022057245	1.072064328	0.951115296	0.933969225	10.53025177	3.232970592	93.61029303	53.77861756	0.938990844	0.92216679	61.24115664	59.95757329	62.76264707	59.4368273	44.17017823	39.51025148	142.7745308	126.8283404	114.1281269	102.3211058	27.92425009	23.46452691	0.837564628	-1.129667882	45.21459735	44.15780566	139.3350735	144.0312131	37.98523669	38.96993306	62.97155763	98.09859793
IL747b	IL747b	-0.016918003	0.869855709	0.833070387	0.838550752	18.17770309	9.636490955	57.28669701	61.70371201	-0.018075176	0.9312352	0.950514747	0.934224019	11.50355461	2.451671765	80.18231672	52.42931348	0.924730432	0.912934329	60.61648276	58.488694	55.57890691	49.15776551	23.89611181	32.12969396	127.6228691	125.0040824	91.28404028	95.74444137	36.4219567	28.60705488	1.577481351	-0.660250298	51.62831171	48.45034562	116.4792907	144.4009917	31.80510486	38.89772991	50.11077914	97.8371704
IL751a	IL751a	-0.016918174	1.175160196	0.845482579	0.841604191	16.02936585	10.109063	64.38535049	68.3449845	-0.020737189	1.21336677	0.932283686	0.906867769	9.775427779	0.270260824	45.4067903	13.72878746	0.933491251	0.932870532	52.25021288	48.49427628	61.26264707	53.91300335	21.67017823	24.70233836	176.7745308	159.5972652	135.6281269	124.4981627	40.42425009	34.28729764	3.837564628	1.502670532	44.71459735	47.4926145	166.8350735	148.1395802	30.98523669	38.42724461	175.4857798	109.712073
IL755a	IL755a	1.316414982	1.897884906	0.863325308	0.864275124	7.889689381	4.833658824	62.06699827	69.76910976	1.979619376	2.789519163	0.966539271	0.945631343	5.253859997	-2.967628958	95.07546882	51.67279957	0.904156647	0.896359933	66.33615844	56.61262012	50.87013198	55.98406617	59.27642318	48.79478329	227.1104791	164.3865451	175.944323	127.8030878	50.58430464	35.29462364	1.601415699	0.050117487	62.69249695	53.38341843	151.8663774	144.443416	40.6439688	39.44573192	104.9115492	98.37627244
IL757b	IL757b	1.983081902	2.564551631	0.839644703	0.836182473	13.19863727	8.080590884	65.49663001	70.78908889	1.979648142	2.930414428	0.945809336	0.922921981	10.83854078	3.210873328	88.34297371	48.32557882	0.889222365	0.849764329	68.78851544	64.50470063	66.19167603	57.43737286	29.64081378	44.85142676	137.4887438	144.3258756	99.99360771	115.1592656	36.99654291	28.71005589	2.707759842	0.372153833	23.62318102	24.6381571	155.7753361	146.4235332	33.55592991	38.97790136	101.9857791	99.90491516
IL761a	IL761a	1.983081303	2.259247148	0.841833281	0.83847921	15.19894769	12.4715907	64.60517485	69.27315848	-0.023815278	0.928864666	0.940048502	0.920641894	4.517056052	-2.262896554	91.27475344	50.41106626	0.929700811	0.920713501	56.89406321	38.4305838	60.33433738	55.2436082	17.29933432	42.72171128	132.467375	139.4567145	88.28368518	98.41608822	43.38097611	34.53957966	1.92677644	0.816127824	57.23503786	50.03248956	151.8426815	145.0726949	40.34985643	39.25174401	71.18220813	97.53700117
IL764b	IL764b	1.983081878	2.869855933	0.849158105	0.845341845	10.0702005	7.486878511	65.11878067	70.24795179	1.310560801	2.403732598	0.950700155	0.927912192	12.12475385	5.954446087	73.68299248	41.30680704	0.941847497	0.906984464	35.93415657	36.46044539	59.26264707	55.85882799	42.67017823	44.82821781	140.7745308	137.4553424	108.1281269	109.1320857	32.42425009	27.35256268	2.337564628	-0.257502563	46.71459735	51.28103867	131.3350735	145.3582525	29.48523669	38.76840528	61.40244543	98.61258471
IL765a	IL765a	1.983081938	2.564551619	0.840217889	0.839790449	19.19322515	11.47530787	64.66245058	69.76531953	1.986140861	2.932269924	0.95658186	0.936348335	7.836295167	-1.162402317	103.662194	68.92794441	0.919999776	0.881496013	72.05839873	65.57957537	63.19239531	57.46682685	44.16200182	43.27763786	177.0983029	163.328369	143.0053226	123.1147544	34.40702279	38.60465202	0.707759842	-1.027492523	36.96799358	44.15859457	93.77533605	140.9330085	33.55592991	39.33049255	48.22155884	97.76873216
IL766a	IL766a	1.983081675	2.869855771	0.811489964	0.833005811	16.96387652	10.24852919	67.65035295	71.4974647	-0.023017163	0.929849599	0.949520289	0.933089825	6.731195217	0.732268539	73.34091292	36.19219962	0.876790594	0.887157635	42.82498035	51.56416196	64.77408421	58.33741846	29.95830089	30.48214376	153.8495977	147.7110281	117.0020008	115.2482454	36.85575809	32.31983421	0.029406611	-1.284272619	36.05810902	37.3011621	131.9861707	146.2784196	31.84621263	38.80335783	120.8607796	100.4075709
IL767b	IL767b	1.983082311	2.869855921	0.865258288	0.873002588	19.62146369	10.34361827	63.36489669	67.35086755	1.985443155	2.931106759	0.953776359	0.940216036	8.926815354	2.214439074	77.88309556	50.04811684	0.912964024	0.92504947	53.55165761	57.6365804	62.76264707	56.0517098	29.17017823	35.98723563	135.2745308	138.0604479	92.62812687	100.2517055	41.92425009	37.98506561	1.337564628	-0.819915658	35.71459735	38.01217263	133.8350735	145.8951976	36.48523669	39.24955056	52.11077824	100.3049285
IL772a	IL772a	1.983081057	2.869855259	0.825343107	0.835168383	27.2774323	18.64000139	62.67837791	69.43437979	1.980033746	2.930619791	0.933434106	0.915601464	8.63155876	-1.786853848	123.9574113	75.50957107	0.940511612	0.922896993	60.65175578	54.38579712	59.19239531	55.03855016	44.16200182	42.76561154	141.0983029	137.7318465	106.0053226	105.6445146	34.40702279	31.19821567	1.804176823	-0.159238588	55.96799358	51.05968201	101.7753361	142.6958388	42.55592991	39.52638344	45.98577948	98.95704334
IL773a	IL773a	1.983082375	2.869855869	0.831664853	0.830116549	15.62974731	9.401474855	67.29978874	70.11748738	1.983760821	2.92984083	0.925552154	0.908561748	9.8230058	3.639729834	77.07329507	38.79414824	0.937689976	0.924963147	56.27534669	48.78816871	64.63364821	57.78917128	39.73066807	32.50215465	146.782839	131.0249968	120.6445039	106.8367453	26.39399945	21.07113958	-0.134523369	-1.32961497	37.60151572	42.64643725	109.8750837	143.9783772	25.21926967	38.95352274	45.00000065	97.40284003
IL776a	IL776a	1.98308121	2.869855689	0.824043219	0.836201152	15.98502365	10.26038742	68.40722516	72.65662956	-0.022543603	0.930477154	0.945895622	0.926402188	8.964224352	1.335579987	94.35744889	66.34474062	0.964588968	0.956625189	17.58996193	27.49399755	54.07890691	56.53437352	35.57149289	45.6076937	156.5758614	140.9367963	122.2937196	106.9594487	34.58147624	32.66989696	2.456203275	1.11940208	42.97129251	38.70996875	153.714039	145.6986781	40.14580126	39.0046363	108.9817034	100.9318689
IL777a	IL777a	1.316414965	1.592580885	0.813442949	0.812141263	21.77609639	15.67097348	63.98684344	69.04232106	0.642474327	1.313698768	0.906269332	0.87610385	14.80452284	2.483414888	51.16312048	35.63938618	0.887285597	0.904093196	6.615626177	17.49146446	66.50793588	56.98922081	35.36674736	27.77878971	166.3370822	128.752665	117.6495211	84.94574592	48.99424952	40.41433239	0.947676565	1.205279876	45.53689537	43.90882543	145.3032556	146.8509514	33.09761256	38.67013663	125.4441118	100.8801765
IL778c	IL778c	1.983081763	2.86985582	0.848043564	0.843014997	20.36534337	13.73680751	68.18796214	73.98650577	0.309137123	1.12196647	0.931835718	0.914445292	10.34365311	3.789604372	54.2525373	25.4391155	0.931309485	0.918643047	40.36708949	48.00167614	56.99212583	59.78266434	42.5568641	37.8615296	201.0164703	149.3286871	154.099746	118.5603609	46.29233486	30.5187111	0.977942721	-0.66923256	54.09198873	48.11098935	155.0983357	147.2516998	40.06541344	38.94469644	109.196137	100.9665412
IL778d	IL778d	1.983081648	2.489992829	0.819865975	0.842066638	15.36689522	9.030853208	66.06699827	72.56997764	-0.020380624	0.921217324	0.941108264	0.926919827	13.94830444	4.560236971	78.27045456	40.34971262	0.953404187	0.928665281	13.95520606	13.45908092	63.19167603	59.3235932	31.14081378	38.01509321	153.4887438	151.4613574	113.9936077	117.1158939	38.99654291	33.65145434	0.707759842	0.290704868	38.12318102	39.20741294	121.6590385	144.4282266	30.77774439	38.68529235	83.56911167	101.3811703
IL779a	IL779a	0.649748423	1.231218327	0.814981185	0.814206078	24.49298567	13.85514173	64.33536475	69.23465382	-0.023788683	0.928625656	0.939078131	0.918128579	9.833947641	3.577132634	83.11251308	41.92178934	0.937178456	0.898531228	43.6870732	34.93280758	55.50872349	57.78709298	47.18316012	37.3101866	195.568406	140.416456	150.6600475	107.3771087	44.23116147	31.55667151	1.417707317	-0.346209483	44.1087459	39.87474212	154.8595973	146.8997472	40.52849359	39.31897915	107.3448586	101.0746784
IL788a	IL788a	1.983081777	2.869855795	0.818593869	0.820702855	14.03981226	8.867260453	56.72076372	61.61914932	0.977088943	1.506429155	0.937229075	0.919974491	10.55555611	1.528972103	92.61293149	60.92182912	0.886363446	0.893126948	69.47378749	57.6031679	56.70461924	50.17407149	31.26003252	42.2960238	160.0686259	152.9681778	126.2790231	122.6986586	33.32170663	28.58741871	2.495281418	-0.101332912	40.19293206	37.93448372	135.501245	147.479283	40.5950921	39.50512392	87.36077984	100.6814524
IL789b	IL789b	-0.016918471	0.869855842	0.864842495	0.873722811	20.67833811	12.97305145	64.5755745	68.1089578	-0.024420027	0.929041616	0.951934468	0.933688901	6.362118547	-2.99220345	76.88891098	41.70461718	0.847696793	0.859215941	65.48475944	66.48838604	68.63364821	57.28152343	46.73066807	44.21306643	143.282839	132.5933615	111.6445039	104.302697	31.89399945	27.10960474	-0.134523369	-1.051651325	37.60151572	43.25925084	96.32520988	142.3243044	30.38759979	38.71287109	36.73577824	96.9545474
IL793a	IL793a	1.316414883	2.050536824	0.815171906	0.833512483	23.55725456	13.75758173	66.97817289	67.19412243	0.652504498	1.599591087	0.892917569	0.882241328	12.67307499	4.380479757	65.76599787	26.96998556	0.943542767	0.932209864	58.94680793	48.42796396	61.63364821	55.3672839	49.23066807	43.28798724	159.782839	141.4260405	125.1445039	104.9199958	34.89399945	35.28303032	0.365476631	-1.235471781	53.10151572	58.52907919	119.3252099	146.4484837	35.88759979	39.12108602	46.61077951	97.0199904
IL794a	IL794a	2.004549117	1.73687837	0.7894253	0.803817751	16.25371732	21.22203714	63.43932116	64.90303535	0.980857123	1.960436319	0.926555929	0.911146589	10.35287906	11.86684023	92.40043207	62.54674387	0.856528347	0.852527922	29.15919116	33.42475001	60.26264707	52.97600294	32.67017823	25.41224054	139.2745308	111.6959839	105.6281269	85.43970101	32.92425009	25.50594064	0.837564628	-0.457920666	61.21459735	59.16161615	113.8350735	143.0420103	38.48523669	39.68687668	34.86077928	97.64761703
IL795a	IL795a	1.983081883	2.869855499	0.824391144	0.838754803	14.63309807	6.717673448	64.37638394	66.82801371	-0.014869227	0.930585179	0.954499151	0.940126329	7.871104377	1.807900706	94.36200699	54.23955132	0.969818178	0.946671971	36.73106242	50.20704516	58.27408421	53.30403859	55.95830089	46.82537805	182.8495977	161.3131453	145.5020008	128.2860853	37.35575809	32.18514465	0.029406611	-0.991519344	58.55810902	51.47863937	142.9861707	145.3108159	36.84621263	39.12903872	84.11077874	99.28804236
IL796a	IL796a	0.649748025	1.231217893	0.834537591	0.837945502	22.53240306	15.78622572	65.9145834	71.30415868	-0.021872018	0.930005432	0.949933518	0.923458586	7.435390588	-0.563761464	84.19919328	41.811258	0.893729718	0.837723923	42.31879077	30.91433257	63.82347645	58.75538155	27.57149289	33.91620065	146.5758614	140.9739664	114.2937196	108.4317651	32.58147624	31.53573597	0.091176307	-1.093788094	48.10579716	46.81093344	158.8311751	147.7220683	36.6392952	38.95494778	99.73577877	99.31231165
IL797a	IL797a	1.983081486	2.411899205	0.824699549	0.822219928	14.83611698	9.269983059	61.68114869	66.65267447	-0.021233376	1.071690862	0.958751511	0.941019551	6.842739982	-0.872580103	123.7739393	80.22163769	0.954134807	0.926318874	81.2293849	75.39865962	65.82347645	55.30485256	22.57149289	32.36519268	129.5758614	125.6441096	98.29371963	98.07112267	31.58147624	26.82301879	2.091176307	-0.854695124	47.10579716	39.71384639	149.309966	142.2130253	40.87201829	39.75570466	78.2357783	98.04677844
IL798c	IL798c	0.972348308	1.32909881	0.823878341	0.853018305	35.56954528	17.25957543	63.50182329	67.41896439	-0.016644694	0.942736964	0.921387208	0.908294214	13.0759712	6.15951796	57.96916131	24.41945479	0.932341129	0.889909702	20.40992494	31.62366387	65.19095676	55.27403243	36.11962573	42.6119527	164.8791848	160.0521357	126.9818928	126.4584498	37.58606303	33.10692241	2.611342861	0.15463103	52.27836846	49.19817318	100.5427409	147.2791299	33.99955887	38.86796008	45.73577873	101.6959816
IL799b	IL799b	1.983081949	2.411899601	0.832664018	0.831222796	13.22290715	7.993179433	73.61219939	74.76020437	-0.019988454	0.929797382	0.890499588	0.874766161	7.313906901	-2.213052861	35.78638226	16.67001065	0.891435498	0.899618387	21.67709333	28.38523037	66.19239531	60.98489239	14.16200182	18.20757864	102.0983029	106.1394447	71.00532261	79.29416032	31.40702279	25.63881028	0.804176823	-0.430063581	46.96799358	49.5238221	153.4785991	144.9895121	39.25771786	38.22746616	39.99999972	100.6757008
IL800a	IL800a	0.988781929	0.989086227	0.864525589	0.85463772	17.99477391	12.09574195	66.27798314	66.1436655	0.995295149	0.995473296	0.836466655	0.883065779	5.645602383	-0.354488459	25.35690304	36.29472993	0.930474901	0.856490675	2.19676789	9.019254317	55.40652395	55.19777488	25.7094944	26.95414396	129.6995191	101.0085337	98.19347437	87.06000895	30.53783299	20.89672683	0.462948719	-1.148964876	38.76731279	31.34124789	144.3465861	142.5764078	37.7529838	38.23753574	102.1197781	95.9033721
IL801a	IL801a	1.983081407	1.953942977	0.815274253	0.835783562	13.69762384	8.499450326	63.85558351	68.22221798	-0.016681748	0.931734569	0.908057796	0.895739595	8.390152615	0.459620734	67.39563239	36.3718329	0.972678196	0.941797282	69.11306758	62.94828348	63.69167603	54.74873682	29.64081378	32.50520765	139.4887438	139.4473235	100.9936077	103.909206	37.49654291	35.08250857	1.207759842	-1.115687426	39.62318102	30.65854857	135.7753361	145.1436682	35.55592991	38.42376332	105.3607786	99.7564021
IL802b_Ht2	IL802b_Ht2	1.649748014	2.536522441	0.812963989	0.833988086	20.10670585	13.96572631	67.73945101	69.73213676	1.647326009	2.596755997	0.923813617	0.91255931	7.319916605	0.107899121	84.95921616	50.23634112	0.908344143	0.877501596	55.77387801	63.36454341	58.26264707	56.07339955	33.67017823	41.35596933	154.7745308	160.061563	119.1281269	127.5982467	34.92425009	31.56006387	1.837564628	-1.026942142	35.71459735	36.17445751	144.8350735	147.6102111	33.98523669	39.28591113	94.98577854	99.00847455
IL803a	IL803a	1.983081285	2.259247328	0.833140888	0.839030073	13.74288629	8.11837531	67.43131499	72.36813717	-0.020938467	0.930949608	0.923633166	0.908095076	8.743085619	-0.767976993	81.02553363	51.95498049	0.917904393	0.925292971	40.62277621	41.22325991	58.00793588	56.63502547	45.36674736	45.05811223	149.8370822	138.4472056	113.6495211	106.4437351	35.99424952	31.14924709	-0.052323435	-1.241360345	41.03689537	44.97992861	159.8032556	147.822035	33.09761256	38.81574161	68.06911171	99.1048856
IL804aHTN	IL804aHTN	1.502274232	1.933480412	0.860236156	0.854030442	10.49488577	9.111562795	68.91286707	73.27302029	-0.010393777	0.945372281	0.953097149	0.934040098	9.556556288	3.6995548	98.27245529	67.03415082	0.87010941	0.885216934	37.75678519	39.19158244	62.47326731	59.72947521	37.61726745	31.79872836	139.2318203	132.5668452	107.7203165	105.7159143	30.33054007	26.35542712	1.132036782	-0.721480502	53.88118017	51.80667547	115.0972577	142.7123864	40.4731556	39.11383901	104.9796088	97.49209864
IL86e	IL86e	1.983081831	2.717203624	0.836426157	0.842044661	13.07591116	8.338016637	62.97925239	65.72614903	1.647374275	2.738431896	0.949043696	0.934108045	10.49121363	1.194907715	77.76795568	45.54697414	0.907886809	0.895800281	59.46954092	56.89355558	61.07890691	53.65182975	50.89611181	46.12638552	201.1228691	179.5621479	156.2840403	138.1193082	44.9219567	40.59755505	1.077481351	-0.55605271	44.62831171	43.92945284	145.4792907	146.3683511	27.80510486	38.85367563	72.11077825	102.9681832
IL91j	IL91j	1.983081729	2.869855895	0.85710858	0.854401923	16.49541409	8.634824312	60.27436029	65.81265147	1.976401446	2.930507526	0.949921927	0.935554188	8.0326701	-0.630860775	86.99752597	51.40554328	0.933591908	0.919566771	66.0825438	66.96870636	60.00793588	52.79481837	40.36674736	37.4426348	148.3370822	127.9715457	116.6495211	98.35788761	31.49424952	27.4516601	1.947676565	0.143737582	41.03689537	42.55072251	121.3032556	145.2683443	30.59761256	38.88017931	132.9857783	102.1049707
ILB5765	ILB5765	-0.016918334	0.869855727	0.848499043	0.846594091	15.69977515	10.34418216	67.43702008	71.08683139	-0.020521675	0.930367247	0.935376014	0.916519267	15.11386555	7.05487131	72.24153808	42.86160047	0.876702721	0.866644049	69.62922374	64.50182724	65.00793588	57.9637744	41.36674736	45.26341906	128.8370822	140.8262705	98.14952112	113.7176464	30.49424952	26.41678494	0.447676565	-0.510340197	44.03689537	46.6204947	140.7753361	145.7055699	34.55592991	39.01767514	48.23577976	97.51130994
ILB5870	ILB5870	-0.016918509	0.869855455	0.841831644	0.843512548	16.21611215	10.21581838	60.85963612	65.47791983	-0.023249201	0.929290763	0.950719084	0.930234315	13.37691694	4.783561	109.0047901	59.00154187	0.91341181	0.899083987	71.11402985	69.55436378	60.13364821	52.22007947	25.73066807	30.96923597	122.282839	110.3694131	86.64450389	79.35017847	35.39399945	29.50446872	1.365476631	-0.517526423	41.60151572	35.14952108	118.7753361	145.6172553	30.55592991	38.96847525	75.48577869	98.5574799
ILB6011	ILB6011	1.649748929	1.925914391	0.814892863	0.821172977	25.56044067	17.20888413	64.44280285	67.61318906	1.985278654	2.224996104	0.909284665	0.890900999	10.23208805	5.163770745	76.79804944	40.06166018	0.893231934	0.897042498	71.01213805	64.63450527	60.64837188	53.57078498	42.09438017	40.8867596	151.9038408	137.5652298	117.507018	108.6785289	33.95600816	28.15433451	1.111606544	-1.2085542	54.49348867	53.31403773	116.9642164	145.0539885	38.0562254	39.33945105	60.36077955	98.08605059
IP39	IP39	-0.016918497	0.869855729	0.855714564	0.855360638	10.5171145	4.998969781	59.58509318	65.8733485	-0.026308137	0.92872813	0.958971822	0.937423233	8.91372468	-0.461982194	86.40820819	46.81840304	0.931188698	0.894275114	62.31767835	48.70337884	59.77408421	52.37917837	28.95830089	25.97292013	142.8495977	124.0055354	105.0020008	95.42099911	36.85575809	27.81836841	1.029406611	-0.382950642	44.05810902	42.64247654	134.9861707	145.8988239	34.34621263	39.02959019	73.61077845	97.62653286
Ia2003	Ia2003	-0.016918502	0.869855599	0.819804124	0.827176107	17.9752418	11.0477512	58.59244667	61.38556142	0.320697274	1.124697329	0.928087748	0.909899483	7.986480886	-1.007504533	73.98690858	37.39614029	0.972973873	0.931245324	75.34330261	74.01851223	54.76264707	49.69659699	29.17017823	34.20555804	105.2745308	106.6809085	77.12812687	84.534736	27.42425009	21.64631654	1.337564628	-0.581416253	51.21459735	48.77687226	118.3350735	143.3440545	26.98523669	38.88269697	58.5548924	96.67718764
Ia2076	Ia2076	-0.016918073	0.869855747	0.856185382	0.855369154	11.62626263	7.014231027	54.82044467	59.33655369	-0.018463748	0.930728201	0.938956884	0.923224191	10.87026798	-0.285003782	67.60289153	40.66300553	0.90629948	0.877121022	81.47940607	73.9446795	52.33211203	47.18949812	23.36844659	29.09637111	106.0555025	103.6258505	79.85110463	81.59239513	25.45830155	20.71397708	1.871689821	-0.389618795	54.57977431	45.66725919	103.8199993	143.1000048	26.23635723	38.61128489	145.2357797	97.67117974
Ia2256	Ia2256	0.316415215	1.05053721	0.845059901	0.853615384	12.85029583	7.330065437	62.79495634	67.9993863	0.312638289	1.122629695	0.95376287	0.935940888	15.52233134	6.871725413	107.5454967	65.38480422	0.92984447	0.899293462	47.54519682	46.83950526	47.86392575	53.10107741	65.26475811	55.34899814	217.2865169	150.3368113	175.6122553	124.8373872	40.97735379	24.43482487	1.156506172	-0.238875654	51.85879417	47.52522338	154.5535284	146.4109891	40.45257875	39.27345345	103.6906585	96.77328109
Ia2730	Ia2730	0.649748269	1.841826632	0.818079675	0.8213608	26.47830942	19.27247052	64.39614999	69.18897823	-0.019475946	0.930645447	0.924535622	0.91294359	14.71944062	5.954082442	72.29149825	40.88508854	0.900590442	0.907432782	45.5671648	47.69774678	68.47326731	57.1735694	59.61726745	58.04644405	168.2318203	159.5546915	136.7203165	134.4361874	31.33054007	24.78631287	3.132036782	-0.069979223	55.88118017	55.86627666	156.0972577	146.7112215	35.4731556	39.25304175	82.22155763	97.91720032
Ia4189	Ia4189	1.98308171	2.869855673	0.811575686	0.808834899	22.62985458	12.61034318	64.5859823	68.86174268	1.648188786	2.739006682	0.908593797	0.888733313	12.61062713	5.127452741	64.22959813	26.01924093	0.927705154	0.937864105	42.05782888	39.43564817	53.70461924	52.81777324	34.26003252	36.49109429	175.0686259	154.751874	135.2790231	119.1347757	39.32170663	34.23426006	1.495281418	-0.401889993	32.69293206	33.16454626	122.1274062	143.9876358	32.97091452	38.65476862	148.6107789	102.7392251
Ia453WT	Ia453WT	-0.025377424	0.86600828	0.853792463	0.856455826	15.44646596	9.782448157	61.99642849	66.46308076	-0.028510082	0.925600804	0.943999016	0.924428963	9.111972562	0.506394103	74.95793348	38.31474739	0.878426814	0.873786231	61.09670166	63.02336881	61.33433738	52.29352589	45.22073073	37.15502868	132.6698768	119.9534809	99.27436093	92.13107396	32.26243715	26.52429956	1.063786395	-0.815042967	30.15082625	41.82536787	135.1274062	146.2752459	31.97091452	38.76026809	104.2193545	98.28840304
Ia453sh2	Ia453sh2	-0.016917819	0.869855848	0.808620971	0.815641927	14.60538395	11.40725531	64.27447657	68.74016206	-0.01939422	0.930974051	0.942920746	0.92529445	10.68016365	3.087636592	94.18582597	52.61531849	0.860452728	0.874696628	48.99190522	41.19944453	56.19095676	54.26579413	44.13649672	35.02037415	197.9609898	130.0283166	151.1968633	98.47131204	46.31628611	30.07412427	0.611342861	-0.93621437	49.27547222	42.26989199	154.5210683	147.0480802	40.45200051	39.23222125	107.392189	101.3398279
Ia453su1	Ia453su1	-0.016918704	0.869855851	0.859690922	0.857698419	10.93501595	5.796193446	61.82707994	66.63295498	-0.025482584	0.930078255	0.953107715	0.93319352	11.3075434	1.870850232	78.28128753	38.88812237	0.905523241	0.874440582	62.25719842	62.99472138	57.77408421	51.79046026	41.45830089	45.46380171	141.3495977	132.3829706	105.5020008	101.000671	34.85575809	30.12844117	1.029406611	-0.623142181	40.55810902	40.94064862	139.9861707	145.7711434	31.34621263	38.76908905	106.4305946	99.15636934
Ia45_1	Ia45_1	2.002274143	1.967690703	0.835675468	0.835083447	18.86809143	13.10103713	71.39480335	70.71505865	0.98624426	1.769918517	0.948348072	0.932486751	5.22239154	-1.539523687	109.5558692	74.53333114	0.940209909	0.93956374	5.194682532	18.67481249	62.47326731	57.40456693	25.61726745	31.69374272	134.2318203	115.3470092	103.7203165	92.07529891	30.33054007	23.54905179	1.132036782	-1.071022372	44.88118017	50.47413428	86.09725773	140.7010017	34.4731556	39.09693856	84.61077838	100.684028
Ia45_2	Ia45_2	1.972348305	1.770151255	0.82451961	0.825100834	15.55270609	6.841378421	72.90777429	71.31512807	0.978294629	1.415999349	0.933694856	0.896926763	4.576090123	-4.730751986	92.0774273	44.98078804	0.862445169	0.89455388	11.92928669	12.55182172	57.64837188	56.51265868	24.09438017	20.45554794	101.4038408	85.71878377	71.50701804	63.30975402	29.95600816	21.83785411	1.111606544	-1.052910662	46.99348867	45.52208048	78.9642164	138.0813121	31.0562254	38.21563002	42.11077874	97.4790655
Ia45_3	Ia45_3	1.002274762	1.340322862	0.833130655	0.826668591	11.45229669	9.703986786	75.39874102	70.01675321	0.986656562	1.42034236	0.950846004	0.933906775	4.609254206	2.013458157	135.8937665	99.57159136	0.882499637	0.882898994	2.163462883	12.41394965	59.33211203	56.10224074	28.86844659	32.43421131	121.0555025	114.3272882	94.35110463	93.32114235	25.95830155	20.31986259	1.371689821	-0.737389458	60.57977431	64.76247408	87.09725773	140.9566854	36.4731556	39.67194657	88.48577861	101.0305243
Ia5125	Ia5125	-0.027651494	0.888046392	0.765935087	0.799456183	30.42835163	20.85047213	71.09061977	70.45252086	-0.019608922	0.941847443	0.900799849	0.914827061	9.532264683	8.094869225	58.80365361	62.14877924	0.805470055	0.829041852	11.87751925	22.40125409	58.75294781	57.08118314	37.15774294	31.30100195	163.9058022	111.0975244	132.3761368	93.18770871	30.48541831	16.81530096	1.096897485	-0.674761584	52.32886698	46.7474858	142.724669	140.3031021	39.01611411	39.06071231	104.3794259	99.03402124
Ia5125B	Ia5125B	-0.025377963	0.888894024	0.828585262	0.831440997	22.98102586	16.41990146	69.33296956	66.10255152	-0.035519526	0.937341406	0.945824713	0.933280447	12.66295323	12.43868433	107.7884092	78.02131465	0.867883542	0.847836453	4.791604185	15.72525009	58.63364821	53.12600518	38.73066807	28.76382669	122.282839	98.54143347	103.6445039	84.13432669	18.39399945	13.1068907	0.865476631	-1.103522461	68.10151572	63.47484199	95.82520988	143.897214	43.88759979	39.98795211	81.98577824	100.2304881
Ia5145	Ia5145	-0.016918196	0.869855747	0.792696281	0.812268437	16.95295622	16.45033905	68.07462786	67.25586931	-0.0203389	0.930527531	0.946004361	0.921654425	-0.2935593	-6.898784939	80.45273597	71.42380654	0.763867517	0.799581879	10.83962366	29.2076764	54.50290206	52.55641912	28.90600674	23.61887677	161.8549936	105.775237	121.7110921	82.35410663	39.59902828	23.40959911	0.474457358	-1.225001461	26.15547887	20.61908371	149.5012758	143.7895473	40.13479632	39.27722979	104.159883	96.31301456
Ia5220	Ia5220	1.98308149	2.564551411	0.841255137	0.823810448	16.07647898	10.1033015	56.53916409	59.46699717	1.648708554	2.456898578	0.941953642	0.923158142	9.461856198	1.986816136	87.97022218	55.4365403	0.902954916	0.908786483	41.25633711	46.24023049	44.90873371	45.96795403	28.79984969	24.6180903	157.5604809	118.0536296	116.53379	91.72020594	40.96604598	27.17038207	0.858318263	-0.369025167	61.77609683	53.98197714	149.5055091	143.180044	39.86062875	38.86831956	104.6750111	98.05142061
Ia5261	Ia5261	1.983081501	2.10659501	0.852887706	0.864171202	9.881969839	3.484243538	59.30965613	63.54857683	1.309921899	2.261870079	0.949146395	0.934519614	7.693832978	-2.36167236	68.79267345	38.88556208	0.941127845	0.935808523	61.6256585	57.49769527	56.33211203	50.19050023	26.36844659	35.52887183	133.5555025	131.5084694	101.3511046	102.6691431	31.95830155	27.75441801	1.371689821	-0.677526047	38.07977431	43.63605214	93.81999929	141.7710452	27.23635723	38.3695948	67.98577816	97.81338197
Ia59	Ia59	1.983081797	2.106595485	0.834086135	0.829286118	8.723266737	4.446259755	55.52547913	59.60451028	-0.015614295	0.930803778	0.930245802	0.909564896	7.502609546	-1.785206747	83.89741682	46.61305235	0.886083846	0.886012175	21.78939978	35.6086936	44.37031296	46.79958592	31.03319175	20.85565127	175.2099705	111.4901901	129.5474719	81.57644345	45.83093669	29.30599457	2.606141642	0.05964428	52.27592091	42.93150655	150.9390666	143.1740866	39.63042012	38.53068911	106.9931172	98.31380979
IaEV3002	IaEV3002	1.983081677	2.71720365	0.818851397	0.826439103	19.88973095	11.5844314	65.9483696	68.56923893	1.643234128	2.31320022	0.903817143	0.902087985	4.919173966	-3.70578883	67.0707097	47.97044444	0.876017173	0.882548977	42.69578576	42.10980151	52.81436647	54.15095555	47.19970282	38.18158049	213.7963638	153.5542586	164.3618781	121.2487242	49.01068851	32.01585848	1.065743484	-0.71832095	35.24829345	31.60776861	149.7363061	142.5998753	39.88527888	38.98551323	108.7564091	100.816545
IaEV3004	IaEV3004	-0.016918294	0.869855732	0.829496687	0.845982498	14.92507773	8.015601935	70.96117891	71.40897666	-0.022584051	0.928120301	0.932570521	0.92537094	4.243615522	-3.066647783	78.90736684	45.37099159	0.921286252	0.909201532	53.20033102	56.04179086	63.19167603	58.52456399	35.64081378	28.46459703	150.9887438	123.3518248	112.9936077	92.35757081	37.49654291	29.94487431	0.207759842	-1.121074499	34.62318102	38.27164895	125.6590385	144.7366274	33.77774439	38.9726265	74.73577838	102.239513
IaEv191	IaEv191	-0.016918102	0.869855798	0.825391273	0.829589568	19.59283534	13.12847216	66.41397589	70.66782786	-0.022991228	0.929846969	0.948003123	0.933030342	12.73694509	4.672701415	103.5840657	78.79173943	0.898454387	0.899464626	65.03164877	64.78982293	53.7125501	55.65301041	58.81140489	49.3087166	246.5535242	191.4160445	200.0531103	158.5525057	46.01508727	32.05572427	1.054208314	-0.561769823	41.27604907	35.31621858	151.664118	144.4520186	40.66073665	39.55037489	107.7321542	101.9180708
If825	If825	0.988782089	0.989086453	0.760123458	0.760132912	14.52424643	14.32980631	66.794562	66.49297787	0.995295102	0.995473071	0.920481551	0.920345546	3.701220759	3.66911493	70.82229749	70.59711411	0.868088978	0.867930999	-0.184938696	7.609044788	61.83211203	54.70129336	38.36844659	29.09938369	128.5555025	83.62274225	106.3511046	66.19940365	21.95830155	14.57641462	0.871689821	-0.419977464	59.07977431	48.1828279	111.8199993	141.5762435	39.73635723	39.49311495	87.49999869	98.2955632
If853	If853	-0.016918384	0.848419652	0.829545649	0.834145209	11.60352679	6.223494622	64.62351379	70.06386172	-0.022375816	0.917017974	0.941185168	0.928284357	6.338011639	-1.843222769	73.69954904	35.83982504	0.841595998	0.83262808	29.36958428	26.25497362	70.76264707	56.91685359	27.67017823	26.33975875	137.7745308	123.6479888	101.6281269	93.84526665	35.92425009	29.3304188	2.837564628	-0.014199	47.71459735	49.39074967	154.343731	146.7900415	39.80927197	38.66873228	52.61077873	100.9824208
Il101T	Il101T	-0.016918437	0.869855715	0.826830626	0.835909911	11.02112976	6.121753898	64.8402043	65.64146603	-0.024073121	0.928877814	0.936924888	0.922808547	4.399616961	-2.818563951	88.11281768	54.80390622	0.857168416	0.831287363	58.51718084	59.86594563	55.77408421	51.94396252	26.45830089	26.96251253	143.8495977	132.8796071	108.0020008	98.41294696	35.35575809	33.25105997	2.529406611	0.296025816	35.55810902	38.62235587	127.9861707	146.0091398	29.34621263	38.84011015	97.36077824	102.5571715
Ill101Q	Ill101Q	0.649748025	1.536522111	0.829374326	0.835605189	20.4589513	12.32544262	64.49106474	65.74719025	-0.022919	0.930967313	0.945482562	0.930354662	4.177637035	-3.301314324	95.71234619	69.17586146	0.82940962	0.839109193	38.34825512	42.46264832	56.20461924	52.2164915	53.76003252	51.030381	180.0686259	157.4224627	146.7790231	129.6342572	33.32170663	26.23394298	1.995281418	-0.165322669	55.69293206	53.78478396	114.001245	144.4354492	39.5950921	39.5068088	166.7357796	103.4439342
Ind_5817	Ind_5817	-0.016918168	0.848420142	0.846255849	0.824524228	12.85181988	12.4173009	61.97018137	65.46113403	-0.02618915	0.902912655	0.939100721	0.910707132	5.275805691	-4.098718009	58.76351674	34.23093594	0.959082626	0.929153243	17.76178888	22.50227256	50.16234777	51.69386183	35.99480213	37.01733404	187.4602026	114.0711187	142.0105072	93.46166189	44.72295233	29.46705763	1.333530649	-0.408208219	40.88757112	35.5270525	152.6862117	144.8364102	39.66952522	38.7288131	108.4253512	100.607174
Jubileeex9017	Jubileeex9017	0.649748307	1.994478612	0.863677027	0.850947421	18.99033929	13.20395732	53.38622897	58.9197016	0.310099958	1.545514117	0.948697723	0.921276073	11.03012849	1.225893573	79.52125665	39.62380056	0.895293591	0.913335956	61.88415631	54.48675901	52.07890691	46.16009817	30.89611181	30.92405609	146.1228691	131.7257499	109.2840403	101.4795482	36.4219567	29.62477043	1.577481351	-0.387332937	57.12831171	54.23577669	117.9792907	145.93949	35.30510486	39.03812214	80.73577939	99.21697483
K1-1-1-1-1-1-2-1-1-1	K1-1-1-1-1-1-2-1-1-1	-0.016918035	0.869855594	0.815705745	0.82726871	15.03796524	11.43888675	69.16978156	67.60220886	-0.018896804	0.929663377	0.942416391	0.928287943	3.269023287	-3.951416554	101.1321374	70.3008817	0.867098271	0.860696354	35.51632274	38.6576842	57.07890691	52.36842343	24.39611181	20.58827542	98.1228691	78.72746794	76.78404028	64.27984917	20.9219567	13.68404234	0.077481351	-0.93695747	36.62831171	36.54495787	83.47929065	140.8290508	39.30510486	39.40848683	42.9857797	97.92322014
K104-1	K104-1	-0.016918422	0.850298233	0.849493249	0.828168385	11.88180146	7.209044757	65.20075198	68.71358519	-0.024280613	0.918837738	0.951919622	0.927367084	10.1084462	0.602302982	64.09584413	32.41892713	0.880431132	0.88750778	16.27039091	15.32260672	62.07490111	56.03518711	19.29933432	23.36899087	106.467375	93.1449026	70.28368518	73.17348745	36.38097611	20.43388149	0.92677644	-1.134170048	46.23503786	42.46308763	152.7277784	144.9453042	39.89382555	38.76499603	96.52744652	100.5502688
K105-1-1-2-1-1	K105-1-1-2-1-1	-0.016918487	0.8698557	0.825493052	0.831244463	10.50430471	7.732729983	57.40151366	63.88587151	-0.026550248	0.929287338	0.951013889	0.932443205	9.557170032	-0.450079345	84.73779463	49.95840293	0.904053328	0.911099698	68.9209597	56.35747317	45.81218471	50.57130472	52.81279388	38.50805619	201.7478605	129.9660012	160.5904826	102.1090479	40.85223593	25.84504265	0.541126982	-0.863777258	54.44375184	48.07645332	152.3541402	145.1337682	39.97120225	38.93724719	105.2714739	99.89072218
K113-2-1-2-1-1	K113-2-1-2-1-1	-0.016918205	0.869855749	0.818967495	0.833235316	10.63065889	6.777797401	66.95123723	70.22022037	-0.023013787	0.930375289	0.944088793	0.930095391	14.35688613	10.58205469	112.5718191	80.12857207	0.869583179	0.893623074	52.88128181	50.39946945	53.87739736	56.37234517	41.28112215	33.6026579	203.0875166	150.2625927	153.2510457	117.6974414	49.33636686	33.03172619	0.980501756	-0.623810639	44.36015611	41.17820544	152.3167116	145.5257183	40.08766472	39.09880326	106.6826267	100.7580104
K115-11-1-1-1-1-1-1B-1	K115-11-1-1-1-1-1-1B-1	-0.016918486	0.869855706	0.808415908	0.82261461	12.68531408	9.576633257	66.83193492	70.61013686	-0.018923389	0.93124722	0.940138255	0.915390841	12.7406914	3.878119337	106.7853839	70.70899827	0.960067377	0.925976012	40.37261649	38.47560958	58.20461924	55.45926551	38.26003252	36.16579747	151.0686259	131.7365404	108.7790231	97.25734572	41.82170663	34.22539651	0.995281418	-0.599548244	31.19293206	30.22002472	148.001245	147.2901543	33.5950921	38.89471062	67.86077951	98.02602779
K120-1-1-1-1-1-2-1	K120-1-1-1-1-1-2-1	-0.016918042	0.86985597	0.83662993	0.837963425	13.79246902	8.935375877	61.02443915	66.49369569	-0.02032444	0.930203008	0.944507836	0.920548141	16.0941922	6.670679452	97.12601306	57.61945446	0.90936618	0.885326848	58.5705351	51.15288801	49.78635137	52.3709432	48.15958147	38.51263555	198.7931208	137.2205752	154.4255725	108.1441037	44.19713413	28.60618279	0.947793282	-0.8479323	49.02618499	42.49167782	153.578597	146.4249051	39.96493448	38.95044747	104.9214066	98.40386075
K127-1-1-1-2-1-1-1-1	K127-1-1-1-2-1-1-1-1	0.988782255	0.989086514	0.846922958	0.84701434	11.110247	10.75821762	72.50900448	72.33020992	0.995295226	0.99547308	0.921207709	0.921218732	0.639228583	0.793225238	40.18119829	39.32017942	0.81283093	0.812465727	0.467866421	5.182164524	59.14837188	57.31259962	31.09438017	27.90948505	129.4038408	114.1142242	98.00701804	91.00740502	30.95600816	23.50893522	0.111606544	-1.565410285	36.49348867	35.61301535	119.9642164	142.9949561	37.5562254	38.79379548	65.11077907	101.1201273
K15-1(X9)	K15-1(X9)	-0.016918241	0.869855878	0.860466524	0.848571669	9.055044208	7.522131769	64.89832429	68.65275764	-0.02035778	0.930933785	0.959913159	0.912600955	14.84403448	6.362963393	69.60635867	47.93277328	0.931155682	0.939825365	39.98454041	30.76058399	50.49412732	53.26676496	27.38614891	17.32888072	155.0396135	92.44667465	119.9113135	73.89147076	34.59794273	18.00701283	0.549946594	-0.988426991	36.10985258	31.76325226	151.7582664	143.3191159	39.92687797	38.57908857	106.6755366	100.3596785
K164-1-1-1-1-1	K164-1-1-1-1-1	-0.016918462	0.848420141	0.826743977	0.841180177	20.48588845	13.43238989	59.62517404	65.94058257	-0.024414334	0.92917185	0.937718024	0.914999471	6.830027511	-3.595797827	91.83960357	49.21288571	0.895459397	0.870208788	74.20482378	57.44335793	47.17804118	51.02212393	56.11805654	41.14495318	212.3034781	137.113162	167.6288554	104.5101873	44.02779513	29.75941408	0.881703281	-0.780625178	35.8609094	30.13905367	151.9151466	143.5917893	40.32287954	38.85326311	105.031631	98.4914831
K169-1-1-1-2-2	K169-1-1-1-2-2	-0.016917675	0.869855704	0.825638958	0.830327569	12.48968296	8.254649571	58.56582686	63.8280113	-0.01792549	0.929691424	0.924045045	0.913244245	10.03120707	0.982546633	113.5047954	62.67439984	0.866410271	0.903546413	46.15880071	40.52307222	47.13768544	50.94373967	44.01656011	35.35858901	184.5424173	123.8499248	141.5395113	95.11304929	42.89667852	27.45761661	0.762619429	-0.906123445	45.10949742	38.9214795	152.7430768	145.3053434	40.29394731	39.27680584	108.4659536	102.8098446
K192-1-1-1-1-1-1-1	K192-1-1-1-1-1-1-1	-0.016918317	0.869855424	0.854633606	0.857637079	11.09355679	5.06034614	54.76069331	59.79171634	-0.018111154	0.930754843	0.956731953	0.939428065	8.034688452	-1.951091726	84.58650913	48.91409857	0.896579306	0.883610973	32.44299958	29.32271805	44.37633652	48.73325255	39.26545544	25.37708348	167.0368431	94.90091726	127.9804069	73.09789558	38.82745818	20.79549348	1.393954941	0.392950969	46.52632721	40.80579587	150.0599586	142.4920484	40.2968309	39.16966134	107.2085188	100.0568571
K43-1-1-1-1-1-1-1	K43-1-1-1-1-1-1-1	-0.016918454	0.850298274	0.832241406	0.839765905	19.12665964	10.66295652	62.82812491	70.36821742	-0.023711011	0.919662045	0.929214732	0.915709377	11.81414071	3.892396026	70.59980433	37.77708375	0.855572184	0.830230121	23.01999383	22.6881716	51.30718072	57.07512998	25.74274938	18.80563551	176.9896348	124.4689224	137.1945555	99.34522785	39.22605435	24.50979602	2.381804191	0.633312636	45.85939727	41.90737351	152.9637925	145.5320128	40.37890812	39.23166841	105.8759341	98.49769386
K52-2-1-1-1-1	K52-2-1-1-1-1	-0.016918206	0.869855749	0.836578611	0.823408203	19.26535631	11.48329355	69.06923535	72.01878161	-0.018589162	0.931456366	0.909847432	0.888406821	8.118106739	2.197598219	68.50240643	38.19656682	0.966767075	0.912394288	36.8349977	47.4845717	54.93274579	56.06147082	40.95049133	33.45816876	190.3003445	134.783148	142.0614283	101.6458808	47.94176527	32.82217905	1.144678065	-0.334926566	40.19328073	32.42091427	151.1263707	143.5521729	39.415217	38.35361626	115.5627767	108.4284014
K88-2-1(x4)-2-1	K88-2-1(x4)-2-1	NA	NA	NA	NA	NA	NA	NA	NA	NA	NA	NA	NA	NA	NA	NA	NA	NA	NA	NA	NA	NA	NA	NA	NA	NA	NA	NA	NA	NA	NA	NA	NA	NA	NA	NA	NA	NA	NA	NA	NA
L108-1-1-1-1-1-1	L108-1-1-1-1-1-1	-0.016918571	0.869855455	0.815605027	0.824767406	19.52322549	9.356483074	61.03625873	66.81326008	-0.022014342	0.930143784	0.926488162	0.906509464	9.977577694	0.67488861	75.28281677	35.51610366	0.858793355	0.863969052	27.14512581	34.1586968	46.6221633	50.53636124	37.08289354	24.23093629	162.0965352	90.27175037	124.5541761	67.65208053	37.47301828	20.86229911	1.627942059	-0.197873363	48.66622842	37.76186346	153.6756582	145.41746	40.05693008	38.77441397	109.143172	101.7504419
L108-2-1-1	L108-2-1-1	-0.016918305	0.869855988	0.830649913	0.831718428	15.52541426	8.276133855	58.16586952	63.36965235	-0.021545757	0.930508063	0.937482593	0.920860566	9.512526126	-0.421833575	79.6481986	55.24679877	0.950474093	0.904782789	50.37933332	49.7166681	46.71198282	49.8707636	46.96954208	33.53293667	174.5904764	108.8025203	139.6782728	85.1204296	34.5413808	20.9068558	0.463085975	-0.776227813	61.02577959	53.92589401	154.636459	146.6107466	40.13323514	39.08125459	106.4960149	98.75248314
L125-1-1-1	L125-1-1-1	-0.016918725	0.8698555	0.835251079	0.855291293	14.54304856	6.401215152	64.04665618	68.54960146	-0.021724788	0.919576424	0.955700653	0.935632645	7.643284988	-2.30072128	83.93285442	48.41658889	0.932400714	0.904275297	47.94447952	59.3163356	58.00793588	53.75914717	32.36674736	30.42158768	141.8370822	119.6868879	109.1495211	90.96998118	32.49424952	26.99137543	0.447676565	-0.810796367	40.53689537	46.73419001	123.3032556	142.1209998	33.09761256	38.5584438	85.73577838	102.0295882
L17-1-1-1-1-1	L17-1-1-1-1-1	NA	NA	NA	NA	NA	NA	NA	NA	NA	NA	NA	NA	NA	NA	NA	NA	NA	NA	NA	NA	NA	NA	NA	NA	NA	NA	NA	NA	NA	NA	NA	NA	NA	NA	NA	NA	NA	NA	NA	NA
L185-1-1-1-1-3-1	L185-1-1-1-1-3-1	-0.016918366	0.869855482	0.827027283	0.836733873	13.52961875	10.06961255	60.06227127	65.11166851	-0.010580923	0.933133327	0.939338575	0.918630302	9.898442222	-0.222412631	78.70093403	40.64468081	0.801143047	0.860092446	45.46550465	40.14405324	47.95532474	52.95640238	43.01188133	43.38420813	196.9974075	115.4992117	151.0496181	106.1085276	46.52704268	31.03344429	1.877496162	-0.262094068	42.27609462	37.49953683	152.3270705	144.7131315	39.8467774	38.6329396	106.3085724	98.50016132
L25-1-1-1-1-1	L25-1-1-1-1-1	-0.016917837	0.869855785	0.815852455	0.824343096	15.50219306	9.218179917	64.21100559	68.07744543	-0.019669569	0.928750668	0.944357771	0.927885024	18.83954698	11.45904241	119.5583182	78.87794415	0.909157351	0.883784508	45.24500355	41.80436543	51.46190253	54.72684236	54.18421989	43.14968436	201.4548748	138.0741608	164.1187695	116.5075506	36.7321773	20.57382035	0.877977105	-0.705986205	45.86004271	38.69224438	153.5237971	145.3914632	40.80582698	39.54918935	111.5515869	102.0032494
L48-1-1-1-1-1	L48-1-1-1-1-1	-0.025377237	1.075210094	0.84347113	0.846987901	16.19585186	7.768088245	65.70975382	68.6729998	-0.030539651	1.113019859	0.943040152	0.925752239	8.408540888	0.826509479	91.51968247	59.59766054	0.885036621	0.900396601	40.00057977	23.96532198	55.33674642	56.12729195	51.92597807	41.24825338	207.3933442	150.8408944	159.215209	115.9961733	48.15041174	33.68926424	2.218219777	0.832900257	46.75973064	41.01850644	151.7667824	144.9005139	40.03750823	38.92957313	106.7878788	100.2045303
Late_Mammoth	Late_Mammoth	1.649747834	2.231218068	0.77595298	0.802773677	27.332768	15.95197186	65.55778313	71.47175274	1.646352496	2.596810275	0.937080968	0.92749116	10.42841011	2.872061961	101.3889619	60.3827942	0.885050795	0.862056989	70.89686477	62.5755723	64.19239531	57.47403445	56.16200182	56.88982779	210.0983029	191.1965447	170.0053226	151.3985714	40.40702279	39.10527799	1.804176823	0.016011179	28.96799358	36.69743963	160.7753361	146.6801247	45.55592991	40.21397435	123.8607791	100.6383948
Luther_Hill	Luther_Hill	1.98308175	2.564551446	0.785453836	0.820866642	18.49609556	9.000626769	47.45534145	54.73289161	1.980319709	2.930665194	0.919019907	0.913941192	6.702474788	-3.495486214	63.08698811	29.37784806	0.969857119	0.902677772	78.48942527	73.75193228	49.57890691	43.06360709	15.22073073	25.16814649	105.6698768	99.34499859	73.27436093	71.78990254	32.26243715	26.48720102	2.577481351	-0.172882581	37.12831171	40.65945034	91.47929065	140.8734213	22.30510486	38.3752679	103.9857796	97.65073824
M126-1-1-1-2-2-3-1-2-1	M126-1-1-1-2-2-3-1-2-1	0.31641511	1.661145317	0.827967367	0.837269437	17.51618214	8.78670293	64.56057552	67.19383932	0.307102038	1.968480354	0.950143265	0.923935796	8.362235461	0.114191106	92.99256162	55.05929292	0.90967706	0.918391942	55.80013827	54.78991365	51.41843621	53.01898889	50.64587953	40.23372668	220.0706552	164.0987259	165.8921793	124.9581404	53.43589366	38.52499312	1.486673008	0.056288988	51.19346012	45.41085299	154.7490715	147.4532924	40.52534524	39.3438574	110.559516	105.07936
M23	M23	0.316414911	1.508493159	0.859205822	0.85134895	9.316826526	5.78356028	52.20075198	56.63265541	0.30905272	1.120808883	0.942187641	0.927744557	5.108446198	-2.452346066	58.08871907	27.0623801	0.933762461	0.932397499	71.03229567	72.79967505	40.30775675	43.27194922	33.97924057	28.29639577	161.0881352	114.8096002	122.6149431	87.04169332	38.61710484	26.96013555	1.749770712	0.064661076	47.60971779	42.75913518	150.0254262	143.8915276	39.19903913	38.40117619	105.5297247	98.35268323
M31-1-1-1-1-1-1	M31-1-1-1-1-1-1	-0.016918587	0.869855576	0.84990266	0.821202752	14.35397478	8.484730139	58.31011544	67.53766247	-0.026540824	0.928585575	0.958269682	0.944336071	12.50298176	4.871917904	105.3710993	70.44404162	0.948678589	0.923589954	74.16527306	73.61682204	44.35526299	48.8015392	43.67626279	34.08551354	201.7653781	139.5153032	159.3904502	109.1593654	42.32785	28.92817222	1.246169382	-0.504084868	50.41377065	44.83323431	153.1240872	145.6693447	40.78627697	39.7096606	106.299531	98.95730355
M5	M5	1.316415	2.050536985	0.819672075	0.843160463	18.05230829	10.61590458	66.77035342	70.88051957	1.646144992	2.597034291	0.950370678	0.93040181	19.53053222	8.199134362	88.04564842	46.16271266	0.895697025	0.887548692	48.20065231	47.52680797	66.69167603	58.94247945	60.64081378	46.7307555	199.4887438	176.3921374	154.9936077	140.1670368	43.99654291	35.52926775	1.707759842	-0.811739081	33.62318102	32.51970901	138.1590385	144.1034622	34.77774439	39.14375246	77.61077858	98.7361878
M6388	M6388	-0.025377798	0.888893941	0.786933329	0.819426752	11.43716651	8.668640276	63.41045824	68.94466421	-0.033802432	0.937130749	0.927909906	0.926671583	12.52950757	7.293591442	94.62182961	47.28178131	0.879325571	0.816117998	31.36841659	43.29017416	52.23230005	56.43296518	55.34583033	49.50015046	199.072759	140.2192459	162.241719	115.7635479	35.71176837	23.26992538	1.836382459	-0.363081422	47.26678041	43.90864312	153.1357254	145.8016695	40.50869004	39.45222362	105.6898836	99.51967934
M6411	M6411	1.983081559	2.259247555	0.851727325	0.847197698	21.0261122	14.30969548	61.44646557	64.98197976	-0.024247071	0.928256933	0.943748537	0.919951101	13.55543526	5.919355782	60.30293608	38.93177484	0.935043225	0.920239181	81.83403065	70.83458844	48.43348925	50.87062089	52.53101975	42.00090768	207.7491602	146.6916666	154.6612224	109.4864629	52.90816791	36.26590828	0.83978192	-0.412248903	39.02719683	34.89503191	152.5752765	146.0994461	39.95104325	39.17402705	107.1592107	100.3960869
M6421	M6421	-0.016918222	0.8698558	0.831785656	0.83262904	15.54196053	6.913678653	62.53554253	67.62876881	-0.015061431	0.931895165	0.913417238	0.89696065	11.76926482	6.399305281	69.30815899	29.92941602	0.847215466	0.839625942	64.18400827	65.14851965	50.77349613	53.42827307	37.0521226	31.19587681	193.3923202	139.8294246	146.1680672	108.4315547	47.26173832	31.44815219	0.840846074	-0.325869204	57.0259172	48.06746587	151.7717237	143.7211916	39.31303059	38.18864838	105.056584	97.33800154
M822	M822	1.316415127	1.592580713	0.813903114	0.821768244	14.33767674	8.738803621	64.73590201	69.16003279	0.314744172	1.123681647	0.922864415	0.893798756	18.11810674	6.728698404	95.01172576	50.49824891	0.857961185	0.898163293	84.45404531	70.13098221	63.50793588	56.22124088	57.86674736	53.32518003	191.8370822	169.0410099	146.1495211	130.5993614	45.49424952	37.04570444	2.947676565	-0.401272086	55.53689537	55.40787735	138.8311751	145.883318	31.6392952	38.81820502	70.11077939	98.91459639
M90-1-1-1-2-2-1-1	M90-1-1-1-2-2-1-1	-0.016918173	0.869855718	0.847706561	0.840150356	17.11867159	10.56332435	57.35003381	61.65498009	-0.021152566	0.930050679	0.955542051	0.938486472	5.157850973	-1.757365956	93.44665766	61.71193575	0.943559626	0.915908909	73.54958972	70.96777703	47.11811859	49.25779068	54.29258873	42.21125249	212.1819558	147.0635005	168.4570644	116.6064036	43.06504521	28.73955081	0.43310161	-0.896331767	56.27606491	49.79916672	150.8876608	143.6969093	40.08334433	39.14709044	105.2396705	98.31251968
MDM-1	MDM-1	-0.016918273	0.769121399	0.828221451	0.831224596	10.6717439	4.655427992	62.92386803	67.19448166	1.985231848	2.88388021	0.949675609	0.931827763	7.914343105	-0.458867902	65.60254873	29.21591058	0.943098287	0.930537657	35.91343143	35.2166588	53.53020499	56.18587328	49.26075962	39.88721053	199.5774621	139.0062533	149.6647724	103.7591488	50.04163275	34.71107534	2.568481919	0.969329254	39.72041376	33.79433326	150.6291313	143.0431665	39.46387124	38.31761814	104.6416864	97.42117757
MDM-5	MDM-5	1.983081595	2.106595465	0.825347477	0.81927763	10.83531465	7.081226176	63.57708394	67.73717968	1.977200968	2.788086623	0.957070918	0.934015383	10.86895914	1.762604994	102.1560319	64.68208506	0.829192264	0.871843568	78.2288682	73.79291974	62.13364821	54.66863218	39.23066807	43.57685604	143.282839	131.0326919	107.6445039	99.58358688	35.39399945	29.89195242	0.865476631	-0.77300043	41.96799358	41.61267067	91.32520988	141.0423702	31.88759979	39.05142058	103.1598646	97.22815762
MDM_1	MDM_1	0.98878166	0.989085905	0.851928142	0.852017738	2.609087889	2.401600686	66.60457017	66.19396247	2.328627802	2.328805972	0.943349442	0.94346534	0.089165947	0.264776312	43.66794758	44.07943652	0.946229759	0.945965191	44.96014831	58.00987062	62.22716155	55.06807187	47.905496	41.93596202	154.8816373	132.4675805	121.5608673	103.1393363	32.9603965	27.13819381	2.522662235	0.110003226	29.66888919	30.94072825	114.497056	143.1643088	31.38149054	38.56106542	75.86077921	97.07808988
MDM_12	MDM_12	-0.016918106	0.869855631	0.818210961	0.828706186	11.51384805	6.284393737	61.14599502	66.60038976	-0.022980025	0.928996829	0.936189189	0.917674017	8.666916417	1.869885861	80.28967921	40.63768415	0.912769856	0.914462026	69.87784283	67.9353886	46.94742956	51.13488041	52.45415524	43.86554748	191.5210202	134.432298	156.9027585	111.6704768	34.3555963	21.27255748	0.438746111	-1.070621275	44.77586585	38.29571775	153.7312325	146.4222817	40.00058415	38.87065706	110.3994897	103.7997916
MDM_15	MDM_15	-0.016918256	0.869855467	0.786620305	0.81898021	23.58324443	11.65234559	63.4177755	67.72055042	-0.022127447	0.928722712	0.919895057	0.91427032	11.67345871	3.300327942	68.07974476	30.96922453	0.985066756	0.968055992	50.57674466	56.26222233	62.83211203	55.21416588	40.36844659	48.41561488	155.0555025	159.8701154	120.3511046	123.885881	33.95830155	34.13886807	3.371689821	0.339533066	29.57977431	32.02232624	141.5427409	147.7138934	21.99955887	38.8493541	121.1107796	99.75193474
MDM_16	MDM_16	-0.016917625	0.86985607	0.778125935	0.80259971	15.58409164	9.336213394	64.63312208	68.98798032	-0.016239179	0.929841093	0.952903293	0.935732992	8.739672467	-0.471668557	88.53085276	50.81355669	0.979355862	0.961953249	80.0848705	79.85782605	63.00793588	54.87543348	59.36674736	64.45692321	177.8370822	183.4775988	139.1495211	149.3061046	38.99424952	33.63033854	1.804176823	-0.748270272	42.03689537	41.3128363	151.3032556	146.2200789	40.09761256	39.3389401	164.3607792	101.01387
MDM_18	MDM_18	-0.016918783	0.869855901	0.787452346	0.79899128	18.5680763	17.08491555	63.11576326	66.95852295	-0.020347634	0.930902464	0.938849541	0.912827369	7.256966866	-1.104424578	67.11442628	36.67473217	0.980388559	0.936992567	73.47290562	65.47773522	62.13364821	53.65161514	51.73066807	53.59139184	168.782839	158.1184228	133.1445039	126.9230352	35.39399945	29.21686608	1.865476631	-0.516622962	41.10151572	38.25320082	143.8252099	146.0120695	41.88759979	39.46732494	133.2357784	101.2153102
MDM_19	MDM_19	-0.016918643	1.022507663	0.841955751	0.833251882	9.241956286	6.798768472	65.67715331	66.65855485	-0.024126629	0.929478129	0.937671955	0.909504205	7.608721547	-0.710035505	86.12838877	50.12101742	0.891877893	0.883233258	41.89828203	43.99014636	59.76264707	53.17258305	32.67017823	30.4552242	138.7745308	127.2628362	98.62812687	93.68386325	38.92425009	32.97226597	2.337564628	0.556487619	44.21459735	49.72711298	118.8350735	146.0075856	29.98523669	38.64815774	72.86077907	100.2451412
MDM_2	MDM_2	0.316414845	1.203188997	0.818521504	0.816747364	19.71799668	11.28934381	68.30999103	72.30065061	1.974413736	2.786846841	0.909577441	0.89218927	11.69923615	4.374698575	66.48992169	32.2283443	0.849205795	0.840271391	79.02836872	70.68182733	68.13364821	59.7005762	50.73066807	57.4177806	171.282839	167.4991698	137.6445039	136.934632	33.89399945	29.717917	1.365476631	-1.002651236	25.96799358	36.36853279	114.8252099	145.433143	32.38759979	38.78322883	111.069112	102.4469554
MDM_20	MDM_20	1.983081483	2.717203406	0.822418763	0.837324365	14.48624211	6.966700862	60.36154234	62.55900072	1.979118597	2.647850429	0.948046284	0.930986393	7.251095066	-1.162369284	77.92393275	49.60625955	0.912552508	0.924263382	39.12102172	37.03410065	61.50793588	52.52802255	21.86674736	28.8876677	133.8370822	132.372516	104.6495211	101.9966396	28.99424952	28.73287327	0.947676565	-0.460639865	51.03689537	46.61806051	94.80325556	142.9336544	27.09761256	38.75888405	204.2774452	103.377377
MDM_21	MDM_21	-0.027651783	0.888046372	0.755293446	0.784603264	16.61279243	10.39367999	63.34787908	65.14072347	-0.020035579	0.942159626	0.909018628	0.899149487	10.50576866	1.988962599	74.92141937	43.48366956	0.881290206	0.910791248	11.64720497	28.33917716	62.83211203	53.17458998	23.61726745	29.42043929	123.2318203	121.3589912	89.72031646	91.07627752	33.33054007	30.19415289	5.871689821	2.882675559	32.07977431	30.04947058	130.0972577	145.5079483	31.4731556	38.98199715	54.61077992	99.24825283
MDM_23	MDM_23	-0.016918136	0.869855567	0.786497242	0.7936351	13.80932496	8.576448867	64.42796125	68.29036258	-0.020733522	0.930015737	0.937387171	0.922169015	12.69541207	3.831725152	85.76750188	49.72231286	0.943033146	0.915292021	85.30685926	81.40583467	58.77408421	53.91669325	36.45830089	36.13523993	115.8495977	111.3814216	89.50200082	89.6903136	25.85575809	20.87469853	1.029406611	-1.098241394	29.55810902	34.77978759	149.4861707	145.5110717	37.84621263	39.01064429	95.48577823	100.3219679
MDM_6	MDM_6	-0.016918213	0.869855474	0.837689923	0.851604505	9.931785721	3.331985505	71.58866909	72.38158124	-0.016533868	0.931684053	0.951337012	0.938094713	8.751136286	1.632793592	82.73637411	47.48161196	0.974176718	0.948864282	65.29890512	62.73841684	74.19239531	60.04060334	43.16200182	46.98542662	125.0983029	110.8145959	99.00532261	90.3294932	25.40702279	19.9056396	-0.195823177	-0.292165143	54.96799358	45.73436569	108.7753361	142.9884652	24.55592991	38.49120709	100.6107787	99.5505194
MDM_8	MDM_8	1.983081483	2.259247043	0.82113427	0.793947256	18.99157156	11.62219576	63.02771291	68.2323902	1.64356309	2.030884102	0.937817947	0.905558511	10.78818162	2.315930746	77.9467257	35.32327106	0.87698136	0.910565189	81.00818776	70.77687658	63.20461924	53.76958096	23.76003252	30.04427352	124.5686259	132.8422121	88.77902305	99.73905169	34.32170663	31.89431373	1.495281418	-0.173152944	42.19293206	39.90308386	135.501245	146.5140303	26.0950921	38.88642979	78.40244603	101.5562934
MDM_9	MDM_9	1.983081958	2.850298253	0.82344324	0.832107922	9.438999283	11.77424826	59.26119594	63.77716791	1.982731053	2.757614322	0.942634411	0.923743484	8.889906513	1.39761045	75.84265923	52.51614031	0.924194068	0.922291646	48.09052123	53.23184702	60.69167603	53.73625539	44.16200182	44.36612717	155.0983029	121.8344087	126.0053226	103.2894149	32.40702279	29.27126371	1.207759842	-0.956586873	51.12318102	47.31735062	105.1590385	141.72119	32.77774439	38.76648697	153.2357801	101.5723334
MR10	MR10	0.0022751	0.899270116	0.867543757	0.861134245	11.14537479	5.998796538	68.05899366	69.9071731	-0.011892906	0.944095455	0.93306341	0.918446715	3.245371067	-4.40229684	60.75039083	28.11387796	0.849515941	0.862130421	27.77613694	34.17286655	61.83211203	55.44128035	50.86844659	38.46658116	168.0555025	146.2701182	133.8511046	114.0342394	33.45830155	30.48186082	1.371689821	-0.727296709	49.07977431	47.63225471	115.3199993	144.121464	27.73635723	38.27082727	56.9857797	98.8647823
MR14	MR14	0.649748359	1.231218117	0.836447324	0.813902325	15.40029922	8.31546631	50.89360852	55.9436992	-0.026367209	0.92743263	0.920638427	0.9098504	10.0413473	1.101977561	48.50569069	26.21944265	0.972441145	0.939773813	31.78900535	39.6404419	49.83211203	45.89270418	25.36844659	29.04637298	132.0555025	137.779181	102.3511046	106.0968963	27.45830155	28.667815	2.371689821	0.508734074	63.07977431	59.05923304	124.8199993	147.491559	26.23635723	38.80048166	64.73577951	100.7014606
MSR_su	MSR_su	1.983081205	2.869855597	0.797787563	0.82689651	27.01678731	15.73642355	64.46475845	67.79111236	1.975230163	2.929495308	0.911432208	0.908381777	8.293023882	1.589478242	91.51020162	53.32109635	0.888596266	0.899645287	68.69763422	69.88621792	64.19095676	56.31913953	33.11962573	43.43904303	153.8791848	157.9750259	111.9818928	125.1736194	41.58606303	32.25132962	1.611342861	-1.010565332	36.27836846	40.59345203	133.5427409	146.7480168	37.99955887	39.74155726	105.7360571	98.69837063
Ma2402	Ma2402	-0.016918341	0.869855718	0.863898994	0.853816473	8.907480803	3.928741928	51.44355735	56.90370959	-0.020015867	0.930732476	0.951932833	0.934342198	8.441445825	-0.915365717	70.13084819	37.59468569	0.928848602	0.891094138	75.63196652	70.29033418	50.27408421	43.01206589	15.95830089	20.22662494	114.3495977	102.6333799	82.50200082	78.55019363	30.85575809	23.19841527	2.029406611	-0.222493118	58.55810902	54.95976913	121.9861707	143.0457828	31.84621263	38.79405176	152.6107792	102.7522689
Ma32	Ma32	-0.016918994	1.022507245	0.835790675	0.83674176	15.70934457	7.659463485	57.47251551	61.67440881	-0.021175926	1.071262049	0.94142383	0.927036285	10.90912871	-0.359529927	78.5700521	40.42107456	0.972375585	0.892016628	67.05158229	66.201882	54.83211203	47.79066009	23.36844659	32.55868679	135.5555025	132.4202454	100.3511046	104.5308299	34.45830155	27.20052399	2.871689821	-0.079885162	59.07977431	56.4698151	147.3199993	144.6299027	33.73635723	38.96447685	143.7357804	100.9965234
Ma401	Ma401	1.316415374	1.74523314	0.7678474	0.790260542	21.80787039	18.48672247	67.35073525	69.13500455	1.978936622	2.506424348	0.812232577	0.799178924	8.090060396	-0.388479845	34.78129391	6.589912919	0.831123658	0.884991808	48.27051309	55.15827492	66.20461924	56.98115694	49.76003252	40.23893509	191.5686259	154.8502571	153.7790231	122.5696007	37.82170663	31.13280614	1.995281418	-0.158317103	57.19293206	52.41166602	157.7543042	150.6813826	39.00638819	38.21969022	84.36077885	99.36180608
Ma5125	Ma5125	-0.055304304	0.917617646	0.845354328	0.809110655	22.26755961	18.72394056	69.79106912	67.84049013	-0.04229658	0.955023126	0.92077638	0.90961545	10.9890039	2.680475519	67.9195802	52.56261983	0.769965272	0.846872725	0.774492371	17.19048246	55.57890691	53.57417753	41.39611181	30.72081484	147.1228691	104.7131876	118.2840403	84.28973521	28.9219567	19.32153477	1.077481351	-0.835361435	41.12831171	46.29464155	94.97929065	141.0991027	36.80510486	39.2591598	74.74999939	98.23328479
Ma83608	Ma83608	-0.016918118	0.86985573	0.864622535	0.853189307	12.34192044	7.922770045	53.09192797	59.0890455	-0.018963971	0.929937033	0.956643757	0.925018988	6.676854397	-3.594312629	93.29725012	51.77447977	0.982889052	0.931088143	77.43522134	71.97628879	39.70183564	45.60852659	42.68494647	30.02363746	187.9186017	118.105772	149.891157	93.87504705	37.54469756	22.25673277	1.25859182	-0.575600452	46.19259734	40.49374946	152.336936	143.5567442	40.39429711	39.03488566	105.2905588	98.3178248
Maiz_Amarilla_Evergreen	Maiz_Amarilla_Evergreen	1.983081612	2.56455121	0.830367379	0.827851665	21.04188035	12.63887255	59.54193005	63.2504845	1.974404311	2.646441038	0.937396465	0.923131137	9.281202202	0.513213885	84.76980781	57.47985088	0.96891789	0.941526776	66.64119821	66.12003767	60.27408421	51.14422122	39.45830089	48.86767888	151.8495977	147.6595921	114.5020008	119.0620356	36.85575809	28.37624872	3.029406611	-0.307065432	50.55810902	51.49152082	140.9861707	145.9042216	46.34621263	39.73783493	166.2774459	106.1672279
Me1	Me1	1.983081631	2.56455147	0.846838937	0.856208167	14.19447028	6.594575558	49.65072814	56.15865743	1.977416691	2.505365637	0.949253882	0.933344562	8.713507542	-1.69846327	88.68250583	49.21211931	0.932966843	0.899683341	84.74184197	71.26382965	49.77408421	43.26612186	18.45830089	25.8876511	117.3495977	111.8692604	87.50200082	90.24918562	29.35575809	21.29289037	2.029406611	-0.438272443	41.55810902	41.5696681	104.9861707	141.0329065	31.34621263	38.87293733	124.3607787	99.7469758
Me100	Me100	-0.016918943	0.869855439	0.784606372	0.812059478	16.199778	8.366691897	56.50612402	59.19419413	-0.0214589	0.930313817	0.924091151	0.916579951	12.23959611	-0.290992983	90.04207835	47.69309242	0.876725598	0.880185088	58.34588691	54.61939569	45.23324501	45.5740609	39.72262356	25.2984771	188.9990913	105.1864394	147.5081422	80.17870296	41.81185775	23.05709658	0.997495189	-0.003833137	57.88670786	53.13315967	151.0321113	142.9286411	39.98717658	38.81088864	105.997624	97.44051984
Me121Wa	Me121Wa	-0.016918385	0.869855641	0.8326773	0.834701949	13.7845399	8.048381081	51.06241432	55.41818646	-0.025121485	0.929651549	0.933857221	0.917467844	6.008134072	-4.234250675	77.53453943	43.91661345	0.968323027	0.919489531	77.76469426	67.33741192	37.61937485	41.70932363	29.37411475	17.27453805	153.1835783	89.04520515	117.7481604	64.51340536	34.79518801	22.05858198	2.678075671	0.911316879	65.44366227	58.29133875	150.799391	143.3872425	40.03541175	38.85800435	103.1720353	96.09806466
Me121_wb	Me121_wb	-0.016918457	0.869855804	0.837874716	0.83118291	15.74936084	8.884758155	62.19890632	65.35496267	-0.025571186	0.928684414	0.950275957	0.933135965	5.064111381	-3.077197913	98.98577873	60.48330661	0.912096972	0.892947763	53.7667093	60.04536038	59.70461924	53.16046133	30.26003252	25.7889044	139.0686259	116.461501	103.7790231	88.85422434	34.82170663	26.77482946	0.995281418	-0.716572857	54.69293206	46.84656318	130.501245	144.0852705	31.0950921	38.97837386	68.61077923	99.9197384
Me123	Me123	0.64974816	1.231218009	0.850587037	0.844902074	10.56513141	5.014559939	52.87239576	57.35466038	1.973985559	2.503706842	0.946300546	0.929492831	8.510156703	-0.63812507	68.24364031	38.75296995	0.931426384	0.914741739	80.26522597	70.94152073	50.27408421	44.207341	4.29933432	26.04098053	97.46737502	121.3630692	63.28368518	89.0574633	30.38097611	30.72042886	1.132036782	0.190258332	55.19284122	49.31330328	153.5986572	146.3612291	39.58415131	38.63342533	53.48577984	98.92613863
Me135	Me135	-0.016918125	1.32781213	0.833267382	0.833082755	13.17405617	9.665423916	55.42807631	59.29399916	-0.014821415	0.931866064	0.936201376	0.915993887	5.917538675	-1.087544312	86.0399525	53.85713532	0.907380135	0.874656699	47.5603599	46.32432819	57.26264707	47.84269478	18.17017823	23.83343822	113.2745308	108.331216	87.12812687	85.90474783	25.92425009	22.10951412	0.837564628	-0.481276988	48.21459735	50.53158704	106.8350735	145.1459792	17.48523669	38.9362785	70.48577834	99.43599506
Me2	Me2	2.004548224	1.654229086	0.500424013	0.503517187	34.57203023	28.5830218	73.00957121	72.21602106	-0.023415611	0.948923693	0.823114856	0.805840461	5.303165186	-4.71340724	76.07685426	39.51971473	0.952947935	0.942729092	22.25087442	42.2807974	51.07673747	50.80224926	12.7150405	12.36915388	52.44988817	52.23593765	39.18077972	39.9698065	11.68443128	11.4457414	0.465678302	-1.116789207	44.86219818	44.77430852	146.1176447	138.5327686	39.16530258	38.03319547	102.2269366	95.09214292
Me244Wa	Me244Wa	-0.016918212	0.869855884	0.842613832	0.852004542	14.43038031	9.001520407	59.61455364	63.50588921	-0.021459344	0.930997894	0.94229521	0.927071441	13.48315948	1.58750435	70.04787419	34.15704293	0.920737556	0.891287402	52.56499586	52.92850698	62.19167603	51.92521844	61.16200182	38.99818572	198.0983029	129.6717943	160.0053226	100.0175411	38.40702279	28.01895195	1.707759842	-0.764099498	59.62318102	59.57182241	131.7753361	145.3045044	35.55592991	38.9190191	59.86078014	96.42660463
Me244Wb	Me244Wb	-0.016918561	0.869855614	0.831412968	0.832966146	11.66612427	7.825639688	61.50940988	66.49925731	0.309642813	1.121968826	0.953428349	0.929146028	10.14150057	0.884287394	98.97079063	54.55373739	0.924857812	0.887109703	60.6389194	61.58105734	58.77408421	52.04286577	21.95830089	36.12665129	134.3495977	131.0782257	105.5020008	105.7585656	27.85575809	23.6890795	4.029406611	0.907175179	63.55810902	57.55409043	129.4861707	145.7089911	35.34621263	39.2092018	112.860779	98.85347311
Me2rt	Me2rt	-0.01691787	0.869855855	0.842376948	0.835314481	14.85192095	7.85483279	56.18842702	57.76249596	-0.01953241	0.930614775	0.944125864	0.920045814	5.988945435	-2.434902925	76.6386983	38.08482198	0.960788182	0.931810552	79.43716756	68.89696911	45.85575667	45.76626146	27.87784926	20.71954745	150.8259346	98.21694942	116.0773472	76.71535681	34.39663031	20.54347405	0.802033842	-0.534701019	49.77603003	42.97313266	150.3893968	143.4684294	39.85417445	38.65075927	103.0437621	96.36135674
Mexican_Dent_sh2	Mexican_Dent_sh2	-0.025377318	0.888894415	0.834882609	0.832177015	9.02550395	9.061552402	67.51820291	70.33998393	-0.033330042	0.93737974	0.937012643	0.918297998	13.3712369	0.831476	87.23890088	51.82789264	0.829720774	0.866385013	6.843703278	10.3299994	58.00793588	55.79200059	53.36674736	45.10262381	185.3370822	154.7188854	146.6495211	121.2240426	38.99424952	32.16080879	-0.052323435	-0.697380847	44.53689537	46.33434208	144.3032556	146.6243196	44.59761256	39.07114321	173.6107799	107.2503507
Millersburg_Red_Sweet_No2	Millersburg_Red_Sweet_No2	1.983082071	1.953943367	0.843428339	0.848397577	14.09167374	8.668273926	52.45151517	58.56835194	1.647879886	1.891650813	0.944958481	0.9279759	5.92526871	1.795411366	79.10733879	41.85432313	0.936753372	0.937306985	83.35372988	70.77231296	54.20461924	46.79509079	21.26003252	29.39205858	123.5686259	117.8883173	87.77902305	91.91747876	35.32170663	26.04976331	1.995281418	0.500376089	46.19293206	43.15903034	117.1274062	144.2422724	35.97091452	39.08953795	138.3607798	100.1597359
Mo17su_su	Mo17su_su	-0.016918602	1.210603592	0.799707148	0.804026463	15.51273061	9.356483671	76.56783582	71.38515933	-0.025248153	1.41206534	0.891913234	0.880335825	3.842443983	-4.425782785	89.90837949	53.75947109	0.914949006	0.913530448	13.7971474	28.58863309	61.2101145	56.15643912	51.69903878	36.19231515	225.5769125	141.0241661	171.3257996	104.8537502	53.49712257	34.1726935	0.513041052	-0.335144454	48.6364876	42.90961259	149.2415614	142.6983903	39.4711862	38.56534477	103.936325	97.7943839
Moencopi_Pueblo	Moencopi_Pueblo	-0.016918191	0.869855777	0.829491512	0.814793301	20.08072452	13.14100376	58.76368705	61.35063339	1.648029098	2.596852354	0.907560473	0.883037225	3.332485771	-4.687453008	48.34951463	15.34002303	0.910496999	0.920392501	28.83007573	35.10492967	48.95846735	48.32598619	21.33226056	14.13389097	157.7747118	99.13857136	119.1362325	71.68679175	38.43848173	25.78356721	2.673052153	1.357288219	49.35955146	45.79674163	152.3280235	143.8089877	39.41534453	38.43394221	107.5540399	100.1252686
N11-1-2-1-1-1-1-1-1-1	N11-1-2-1-1-1-1-1-1-1	-0.016918422	0.869856015	0.856714245	0.821275182	12.88356457	15.90332466	58.71013684	65.11649739	-0.021946123	0.931166018	0.957420859	0.921149806	10.69059284	4.476871163	125.0514126	82.12636472	0.938945245	0.913914128	62.8841872	56.3401593	47.0010911	52.08762004	41.66043478	31.5482345	186.1442256	124.6893898	141.5164767	93.18928645	44.2141581	29.66402331	0.420004461	-0.991205932	47.94402504	44.82273722	151.3124056	143.7728958	40.24767966	39.11188091	104.8633443	97.65158572
N120-1-X-1-1-1-1-1-3	N120-1-X-1-1-1-1-1-3	-0.016918382	0.850298371	0.829514657	0.837481303	14.85558209	7.283436856	66.6599107	70.21540072	-0.017346103	0.923021558	0.931168884	0.917225292	12.31825034	3.521432112	51.41273638	26.83704785	0.91049941	0.889255776	18.46661727	21.65813283	55.84030341	57.83788195	49.92648194	39.13654294	207.992251	145.3640503	165.0975317	117.2700897	42.85730953	27.15835791	0.713113432	-0.888822616	56.36003818	51.41244598	152.5494247	144.9618824	40.05645105	39.00927939	108.8280818	100.653706
N12A-1	N12A-1	0.002273689	0.899269821	0.833192241	0.819634809	12.53949219	9.16849749	69.49453439	71.90467992	-0.008838417	0.945674814	0.893484095	0.886315708	3.815612123	-4.727325699	88.29781074	64.02117988	0.882736128	0.894451401	4.781712936	16.92802513	61.33211203	56.66143071	25.36844659	27.59900315	118.0555025	114.9420806	88.85110463	85.42593267	29.45830155	27.89696984	2.371689821	0.047640717	54.57977431	54.36205086	123.3199993	145.8226009	32.23635723	38.818851	45.1107789	99.33582555
N132A-1	N132A-1	-0.016918438	0.869855934	0.85792611	0.860738783	14.30944872	8.369378225	61.8402043	66.99547015	-0.024073121	0.928878063	0.950693545	0.934878707	5.899616961	-2.210369335	78.09967838	42.3201839	0.864374486	0.833014038	44.23146655	49.09570135	48.93458555	51.72902873	28.83271755	21.22495294	164.6781919	105.9130679	126.7751759	83.39397394	37.88073864	22.05525641	0.839106002	-0.657662522	56.77659341	49.92987564	152.4883748	144.6007646	40.16430248	38.95993665	108.1804996	101.5298582
N142A-1	N142A-1	-0.016918552	0.848419609	0.798299586	0.800741611	19.10051928	12.67918245	65.3286251	68.08269778	-0.024232189	0.917340619	0.881623373	0.870781171	5.985898064	-0.637986881	70.62956437	38.68268299	0.876397483	0.869658934	19.33646345	20.5130063	60.19095676	52.91216622	41.11962573	27.42226903	130.8791848	100.0834786	102.9818928	82.30038267	26.58606303	17.20507911	1.611342861	0.152842751	42.27836846	48.00748489	133.5427409	145.1387989	32.99955887	38.86237732	85.11077834	103.1726335
N38-2-1-1-1-1-1-1	N38-2-1-1-1-1-1-1	-0.016918377	0.86985571	0.863352899	0.867770191	12.6604679	6.179677113	65.27215345	71.41226826	-0.024647842	0.929310421	0.965641368	0.946397783	13.88449847	6.080675771	82.74098494	46.99965915	0.861821977	0.847230851	51.0156398	41.29026692	52.11313308	57.8892934	45.15370088	35.22003904	204.6298927	146.3914358	162.9317082	120.1542598	41.29219739	25.81200807	0.746694953	-1.057720413	36.36001581	30.82173518	152.2600577	144.4184145	40.47966624	39.21607271	105.7175287	98.54611997
N45A-1	N45A-1	-0.0169183	0.817402802	0.838310215	0.841313255	11.10350837	5.042767077	58.39220609	62.99838064	-0.020907811	0.920740753	0.958284694	0.94119961	6.19693151	-1.154636546	95.93204274	60.60946334	0.905937721	0.892400194	56.5696153	36.87615284	60.64837188	51.63529236	20.57149289	24.86308236	112.5758614	111.0477898	77.29371963	83.63913343	35.58147624	27.52280178	2.111606544	-0.522584669	44.49348867	38.50257144	91.4642164	142.3365878	28.0562254	39.05183794	33.99999972	96.88999527
N46A-1	N46A-1	-0.016918149	0.869855745	0.825541908	0.831511927	13.83339203	8.236530098	70.76266813	72.92988812	-0.022038169	0.930265315	0.920227513	0.910833779	1.963408709	-5.795115252	90.01059851	48.32189861	0.903548069	0.89315098	58.67196946	49.1263331	64.33211203	58.3784674	38.86844659	42.34791133	154.0555025	142.8896264	113.8511046	108.8687766	39.95830155	33.58365287	0.371689821	-1.205240282	40.07977431	36.45632991	142.8199993	144.8383909	34.73635723	38.83768262	115.1107786	98.62279804
N72A-1	N72A-1	-0.025377798	0.946486773	0.823360452	0.819832506	17.56847286	7.812772224	66.91045824	67.86774409	-0.033802432	0.969322571	0.934541816	0.917450739	2.112840904	-5.393784683	95.46858449	70.60372223	0.864320987	0.858677574	11.86972047	15.16389993	59.77408421	54.88633997	28.95830089	28.65461514	141.3495977	120.1795024	105.0020008	90.01170677	35.35575809	28.85926583	0.529406611	-0.731598659	41.05810902	47.41279643	115.4861707	143.8423872	33.34621263	39.23127621	67.86077838	98.23847063
N7C-1	N7C-1	-0.016918613	0.850298179	0.84177578	0.839160249	14.33196963	9.144748311	67.20560108	72.77314998	-0.021028045	0.905649638	0.941193711	0.916640094	6.77011238	0.050229711	95.14665802	50.98056974	0.856863152	0.864758707	22.76122935	18.26994493	60.63364821	57.79281686	16.73066807	18.40259442	113.282839	104.2923508	86.14450389	80.77541685	27.39399945	23.68121079	1.365476631	-0.771853817	36.60151572	41.79771055	116.3252099	144.8563781	28.88759979	38.82266423	74.7774456	97.98715171
N99-1-1-1-1-1-1-1	N99-1-1-1-1-1-1-1	-0.016918242	0.869855917	0.853798674	0.851491642	18.82549366	14.19559915	59.80101167	63.25365881	-0.02459984	0.928659594	0.953453745	0.93489132	9.207010962	-0.942936753	93.24701752	57.20145036	0.920565101	0.884125565	50.02447669	49.88310063	47.85564823	49.66790065	44.41709405	32.37607302	196.4862305	129.6371927	151.3950296	98.94777286	44.63462487	29.11993469	0.729957105	-0.79655649	51.11089368	46.18232483	154.2302614	146.2760646	40.62112346	39.49900435	106.591976	99.67384686
ND1	ND1	1.649748963	2.231218667	0.813368343	0.820985789	15.26710152	12.21338129	49.33768234	53.2078209	1.652317314	2.45696021	0.913004431	0.894325886	10.32909723	-0.414727028	66.52426506	32.37643103	0.940644359	0.924850422	76.75082848	71.49862997	38.28604756	40.11619826	37.65308882	27.25520168	180.6600257	122.069602	140.4880127	93.9286267	40.30326844	26.86149758	0.763746684	-0.366106853	53.77586316	46.98860533	155.4517456	147.3348958	39.85026757	38.75113915	107.5704238	100.8459088
NE_EDR_sh2	NE_EDR_sh2	0.99550049	0.994422028	NA	NA	NA	NA	60.4887921	59.88165674	1.001503114	1.001816232	NA	NA	3.647596278	3.818396515	NA	NA	NA	NA	0.477873821	1.125722661	64.10398683	63.86791047	32.19342387	32.37398874	136.9584621	137.6921662	94.01816321	95.22593037	41.56249285	41.64166226	1.551917881	1.716167586	54.27305911	54.36209711	NA	NA	NA	NA	NA	NA
NE_HY_13A	NE_HY_13A	0.649748191	1.231218308	0.858787604	0.85945201	17.9051709	13.1648225	59.37756142	65.32744035	0.64486356	1.313093643	0.954601919	0.936747584	10.19778593	0.792155933	89.18478486	55.16365108	0.934486313	0.913042365	71.86826581	62.74427272	60.50793588	53.10103804	37.36674736	49.19029915	182.3370822	176.8555243	139.6495211	137.591389	42.49424952	37.02771905	1.447676565	-1.076242473	46.53689537	41.02006933	146.8032556	146.0437351	38.59761256	39.2762958	126.9441131	101.7715803
NE_HY_13b	NE_HY_13b	-0.01691769	0.869855959	0.827636326	0.851691452	17.52390055	9.18376926	65.03156336	73.28095114	-0.014556845	0.919489847	0.958424585	0.941822869	11.76014869	0.728226686	102.8614427	52.66984258	0.899990184	0.91099325	65.45641951	58.45495251	58.57890691	58.18480846	43.89611181	45.73594369	154.6228691	151.3109002	119.2840403	120.6219099	35.4219567	29.6445276	2.077481351	-0.864157264	39.12831171	41.53610805	129.4792907	145.7955818	39.80510486	39.17808394	87.23577923	99.55751476
NJ112	NJ112	-0.016918271	1.022507889	0.792149168	0.784615743	20.31742636	14.30825234	64.39329213	70.11522825	-0.022975017	0.929102439	0.943889774	0.919139894	4.339209892	-2.737331635	81.43018815	45.93638674	0.980220989	0.961075984	64.31044048	57.79193651	65.83211203	56.76007656	38.36844659	42.40204367	140.0555025	142.6989858	108.8511046	113.0495933	30.95830155	27.81759571	1.371689821	-0.553727813	42.07977431	43.79749869	136.8199993	146.2885631	39.73635723	39.41913621	88.1107789	102.0759826
NJ116Wa	NJ116Wa	1.983081745	2.850298345	0.854696677	0.848067745	8.216247796	4.623636224	58.4906819	64.67572028	1.979122181	2.920771536	0.953354849	0.933142714	7.778639229	-1.980794532	78.04628404	43.47497925	0.909156559	0.910522772	37.28717785	38.52347802	60.57890691	52.19035537	23.39611181	29.45564922	140.1228691	129.9781053	93.78404028	95.43862223	44.9219567	33.57292113	1.077481351	-1.017743114	54.62831171	49.08447618	151.2137536	143.7380858	39.93292396	38.80562909	103.1107797	99.75448298
NJ116Wb	NJ116Wb	1.983082295	1.953943677	0.82826281	0.825896819	17.09113022	12.1410255	55.21968422	61.33340924	1.981226023	2.78921276	0.934157914	0.912653665	3.790098843	-5.069350112	75.58434698	38.14722595	0.807633422	0.880590813	73.74949355	56.29605851	57.07890691	48.45278963	14.39611181	19.30421602	113.1228691	104.7588637	85.28404028	83.67570438	27.4219567	20.00052806	2.577481351	-0.283610076	70.12831171	63.14015822	99.83117507	140.8719868	31.6392952	38.79326588	81.11078002	96.7824136
NJ159	NJ159	1.31641512	1.897885014	0.85156993	0.840981596	20.45692094	13.43443785	58.29505498	61.10852136	-0.024159619	0.929202672	0.947453936	0.922666049	8.938948011	3.920296952	92.38419996	57.96843943	0.897061261	0.863277297	70.47582056	61.91177052	53.69167603	49.15957728	43.14081378	48.49257546	148.4887438	142.5493287	114.4936077	112.172741	33.99654291	29.29704774	1.207759842	-0.75120293	61.12318102	62.10474011	121.6590385	144.0508931	34.27774439	39.06314416	108.8607797	98.87941183
NJ618	NJ618	1.649747723	2.689173963	0.815846386	0.829883099	14.06585651	7.808567259	58.34504458	62.74719565	1.980033746	2.930619903	0.926935661	0.918749427	10.13155876	-1.264027775	85.14901846	46.69280998	0.875441226	0.898194595	60.65175578	64.74696792	55.07890691	49.34885159	22.39611181	26.08710598	141.1228691	120.040206	106.2840403	92.43278795	34.9219567	26.91800407	1.077481351	-1.126101376	43.12831171	44.78270553	110.9792907	142.6665486	33.80510486	38.68517088	72.23577889	99.1694886
NJ7Y	NJ7Y	1.983081502	2.564551209	0.824592929	0.834506178	22.70595105	13.85940111	57.30965613	60.96872367	1.976588565	2.646321081	0.93077175	0.919500546	7.443832978	0.384117502	90.86808816	55.29716538	0.848642299	0.858500535	33.05422993	32.67002806	46.58522415	48.14302534	37.35593083	26.10289684	169.2391428	106.2659772	128.9612744	80.17451232	39.34762748	24.63993882	2.10954138	0.378264755	49.08129285	42.52284955	149.9775352	142.4787359	40.28494433	39.13944314	104.3668984	96.90594336
Narino_430	Narino_430	1.649748191	2.383870262	0.832204743	0.837447748	16.56363706	14.35079487	70.40638471	74.24515304	1.973859125	2.645597833	0.942025285	0.917853409	12.0557991	4.057778567	109.5946037	55.43381597	0.930313652	0.915104857	60.4230757	59.93506366	59.4173866	61.83413683	97.04281173	84.90209269	290.7067616	231.9839771	233.3920453	188.6230976	57.57531316	42.64074551	0.474393715	-1.021680504	53.0264537	43.5456287	155.1901979	147.2446016	40.76617365	39.35730435	110.8611808	103.3787162
No_156	No_156	1.983081424	2.259247389	0.82357375	0.835838395	17.61819868	11.84010616	62.58427401	72.96745002	1.975704927	2.646692227	0.952171945	0.932224935	3.566256107	-3.049558393	113.2373727	78.09838202	0.939520221	0.934944999	42.34900328	53.97087436	60.77408421	56.36807751	54.45830089	58.18547203	191.3495977	177.5488266	146.5020008	140.3675505	44.85575809	36.1553253	2.029406611	0.023622536	45.05810902	46.20298255	97.98617072	140.215149	41.84621263	39.31080566	114.6107789	98.90280412
No_1577	No_1577	1.983081603	1.953943397	0.814813482	0.829566955	17.67363455	10.72948017	55.48528295	60.74303615	-0.015633387	0.932560081	0.949133374	0.928530094	10.65020731	-2.292131841	88.79162507	44.4074301	0.875179451	0.871610697	64.29069847	64.29671083	44.10618161	47.604762	63.37709807	41.20920251	194.7840515	116.7660994	151.1781554	88.90814234	43.33716095	25.67320643	0.795946962	-0.826856069	46.85914662	39.83974215	151.6372738	143.5572993	40.30998815	38.96499958	104.827273	99.29897184
North_Dakota_Yellow_Sweet_Bulk	North_Dakota_Yellow_Sweet_Bulk	1.649748362	2.536522538	0.846099632	0.843691538	11.11488782	7.517047363	50.71929821	56.25912073	1.643662304	1.890801449	0.89774425	0.896126536	7.260797527	-1.614738711	66.61606659	40.4712042	0.947262296	0.906899657	67.6494047	67.73026264	47.19239531	42.86774776	2.162001823	23.80917354	77.09830293	118.7323457	60.00532261	91.41769612	17.40702279	24.93077061	2.804176823	0.278675177	36.96799358	52.234243	151.2095393	143.7034977	39.62753704	38.71253319	75.22155763	98.24263873
Northrup_King_Strain9316	Northrup_King_Strain9316	1.98308132	2.564551476	0.85269298	0.853316821	16.38963824	10.62528121	58.75629824	65.59048949	1.307460973	1.97909607	0.95766086	0.934447092	9.460919385	1.958822606	87.69838215	48.52542636	0.936387657	0.905702622	57.11214536	56.91720805	45.82411899	50.87709775	57.15417314	44.39676811	232.930879	167.6629179	174.098337	122.5526483	58.33225161	43.53740271	1.598382632	-0.051723207	59.35925237	52.60513579	156.4575133	148.1314909	40.91589496	39.48427646	109.0985144	101.174357
Nueta	Nueta	NA	NA	NA	NA	NA	NA	NA	NA	NA	NA	NA	NA	NA	NA	NA	NA	NA	NA	NA	NA	NA	NA	NA	NA	NA	NA	NA	NA	NA	NA	NA	NA	NA	NA	NA	NA	NA	NA	NA	NA
Nueta_Sweet_Corn	Nueta_Sweet_Corn	1.316415046	2.421956973	0.795606512	0.819464631	10.0228007	4.637053923	46.17340452	50.21857731	1.977739879	2.918545314	0.926157804	0.911681481	1.963381188	-6.449937949	81.2655434	43.44015799	0.888686097	0.896519112	32.97998239	32.3216352	34.77269302	37.6603806	18.29837023	10.19224701	148.833593	88.19705397	110.7385296	66.43960043	37.44391196	21.31886157	2.035492602	0.726965217	42.1096996	36.91202891	151.7526164	143.558176	39.69493062	38.48288275	105.1863065	97.44862478
OH43_sh2	OH43_sh2	-0.016918223	0.819854811	0.828451085	0.808833783	16.65981795	9.852406183	68.4936711	72.93685211	-0.0172574	0.906546795	0.944577789	0.919782253	3.393188975	-5.257375565	92.80338058	48.33144181	0.910939095	0.91949403	22.58677886	13.87810443	65.82347645	61.09020167	38.59438017	30.82589444	135.9038408	124.1019335	96.00701804	87.60812645	39.95600816	34.90936577	0.111606544	-1.03803975	35.99348867	42.19745299	146.8311751	147.2895437	34.6392952	39.16813886	33.27744606	98.55363666
Oh43_su	Oh43_su	-0.016918549	0.817402387	0.842497445	0.845530407	13.65819648	7.572108156	66.53496597	73.49063613	1.98241255	2.512793543	0.960380921	0.942993218	3.561537684	-5.513828232	103.2072297	67.94691216	0.9713926	0.95853258	58.6050385	38.7925645	63.19095676	58.12128821	44.11962573	42.64907143	129.8791848	126.1178457	99.98189281	100.9631033	29.58606303	24.72392173	1.337564628	-1.055052664	28.27836846	33.32904953	149.816624	142.233219	40.55608172	39.43525346	59.11078041	98.33394345
Olcott	Olcott	1.98308166	2.670145382	0.871479123	0.86392219	13.80507024	7.430634438	53.51314677	58.49697954	0.648373649	1.369290821	0.943129865	0.919273152	10.77678809	-0.427806656	65.80060967	36.64410594	0.98088399	0.957114425	71.50951974	65.38160792	56.19239531	47.70417571	18.64081378	31.94896969	121.9887438	128.9296184	86.99360771	96.03993796	34.99654291	31.08594248	2.207759842	-0.005740642	42.12318102	39.79819436	107.7753361	142.6701536	27.55592991	38.56536353	28.98577857	97.66721805
Oregon_Evergreen-2	Oregon_Evergreen-2	1.316414871	2.508493129	0.809394041	0.81467846	11.50633675	12.12371464	64.29184071	70.00248029	1.642252333	2.736946401	0.942385788	0.90021148	10.58002751	4.182535511	90.34202197	59.32508825	0.900298615	0.9156113	62.30006187	62.91473275	63.14837188	55.41458319	46.09438017	53.36561165	160.9038408	159.6629601	127.007018	131.0538278	32.95600816	27.5294635	2.111606544	0.216736161	33.49348867	42.14828545	133.4642164	145.1973086	35.5562254	39.17599963	106.6068509	99.76238001
P35	P35	-0.01691838	0.869855722	0.783368571	0.801366788	17.78597492	8.599511441	59.66532068	64.1609617	-0.022920802	0.928808833	0.945510517	0.934095085	10.67076263	2.412641515	99.11338408	63.30808565	0.913212461	0.903235733	81.74239721	77.01576758	59.69167603	51.65563183	33.14081378	35.41191768	150.9887438	141.7077203	113.9936077	110.6376421	36.49654291	29.97402097	1.707759842	-0.789129693	52.62318102	43.46462397	119.6590385	144.0327089	35.27774439	39.07117393	61.61077838	97.91746489
P39	P39	-0.016918029	0.869855962	0.85022167	0.8407143	13.47369639	6.118276813	59.89277832	65.088611	-0.025967197	0.928831236	0.957083144	0.938660034	14.55361099	5.570178583	111.3687834	67.56582636	0.90630737	0.875091013	81.54901405	76.62464817	58.00793588	51.60193972	23.36674736	36.65227592	142.3370822	139.4228318	112.6495211	113.8859614	29.49424952	23.83770906	1.447676565	-0.087559069	49.53689537	49.10824662	132.8032556	144.7580349	36.59761256	39.18329487	79.73577986	98.61912792
P39Goodman-Buckler	P39Goodman-Buckler	-0.016918707	1.022507777	0.845889661	0.836058718	11.65885745	7.130667325	52.22567602	58.37336593	-0.026364743	0.929799729	0.945928379	0.923693531	12.45796436	1.484829007	86.73792774	52.00369422	0.948161701	0.93283813	71.67273535	63.78528623	51.13364821	43.36633657	27.23066807	32.67382626	129.782839	125.3858804	103.1445039	98.00492167	26.89399945	25.46985232	0.865476631	-1.012231084	62.60151572	57.44511938	106.8252099	143.3561039	33.38759979	38.97589248	123.2215591	101.7449594
P39M96	P39M96	-0.016918515	0.869855811	0.853040044	0.857567752	17.98702948	6.932547204	62.85340259	66.7479649	-0.01974073	0.930889414	0.946175022	0.938627478	11.73470263	2.766122352	103.2109687	58.92372625	0.876185388	0.895813417	62.10668235	68.37275006	60.14837188	53.84466264	39.09438017	38.80028925	160.4038408	150.9909162	126.007018	121.3984647	33.95600816	28.32841153	2.111606544	-0.522414642	54.99348867	54.66579625	110.4642164	145.3791989	36.0562254	39.09243513	38.11077848	97.98982043
P39xRp1d	P39xRp1d	-0.016918835	0.869855615	0.84690979	0.855270183	14.1608333	6.821841953	57.99681049	63.50925243	-0.021922559	0.918590464	0.956019561	0.940901494	8.827566009	1.124629219	78.74691584	51.16401243	0.967837458	0.917254737	79.05760393	78.23682157	57.14837188	50.63572802	26.59438017	34.01132348	140.9038408	145.8240888	108.007018	114.6012334	32.95600816	30.04225583	2.111606544	-0.085646818	53.99348867	51.10856543	140.4642164	146.0726323	38.0562254	39.22832904	91.98577877	99.15192652
P51	P51	-0.016918325	0.869855914	0.846798784	0.852360748	14.59126528	9.53181889	63.47471558	66.91465119	-0.023860901	0.929114922	0.9328031	0.915878889	9.711142771	2.130399962	70.29908816	44.12431473	0.856539752	0.869419655	65.08640346	57.01203267	57.27408421	51.87647416	34.95830089	37.21304224	136.8495977	128.0412691	106.5020008	99.22699922	29.85575809	27.37596025	3.529406611	1.602603473	58.55810902	57.15801671	122.4861707	144.1224426	32.84621263	38.65570793	70.61077907	98.47164362
P51wx	P51wx	0.649748463	1.231218116	0.810095079	0.819854195	14.71940305	10.37705667	62.90768983	66.09937448	0.313624294	1.122381007	0.945993333	0.925788194	10.30835957	0.571954912	88.98420816	49.15097381	0.941571	0.939908676	60.11260633	54.74017834	50.42042581	50.49673273	43.68198969	31.1733784	212.1415955	135.8856984	152.7026365	97.19119883	58.89188571	38.09933886	2.442571093	0.830686463	42.27614039	39.35295632	155.3181713	146.7595704	40.16921304	38.86901531	107.7862903	99.79556162
P51xRp1d	P51xRp1d	-0.016918103	0.86985578	0.829293539	0.817920267	10.30312911	6.003868133	65.75469907	70.73222515	-0.024228216	0.92850743	0.944702145	0.920129595	9.029103075	2.746431434	77.18285682	44.66083178	0.899642497	0.881227557	50.50840164	45.04864734	58.33211203	54.59475211	41.36844659	35.41649001	143.5555025	124.7285248	108.3511046	98.46058799	34.45830155	25.85641449	3.371689821	1.389960051	34.07977431	32.57832416	133.8199993	145.1497243	33.23635723	38.80445213	74.98577854	99.28498515
P737M20	P737M20	-0.016918587	0.869855497	0.83794482	0.849526568	14.47437245	9.661775788	64.85405062	68.73019243	-0.025242921	0.928254129	0.93732501	0.921221049	3.129626501	-4.061097324	82.80423125	53.33012567	0.895510881	0.924802076	41.30789502	37.4856177	51.96383459	54.17744026	10.29933432	23.3420401	108.467375	110.9812809	72.28368518	82.81952224	36.38097611	28.2574763	0.92677644	-1.163646491	43.77656259	39.01945618	150.4040441	143.6447029	39.86480164	38.74274324	105.3236749	98.29449969
PAIA_453	PAIA_453	-0.016917916	0.869855765	0.824428341	0.818045989	19.05687265	8.883285812	62.83015304	67.13124374	-0.022255584	0.930330139	0.942984995	0.929160301	11.85407264	4.526921616	85.09526987	42.72642598	0.90829789	0.88780276	62.82423614	57.50945921	59.83211203	53.57687152	45.86844659	43.8100065	163.5555025	144.636458	127.8511046	113.0101634	34.45830155	29.87461088	1.371689821	0.056090381	36.07977431	44.47511044	153.8199993	148.3660881	35.73635723	39.05334308	93.61077919	99.22801444
Pease_Crosby_Sweet_Corn	Pease_Crosby_Sweet_Corn	0.316414919	1.508493165	0.810979551	0.817221578	12.10496146	6.909622426	51.08534161	57.4859013	1.313583179	2.264924738	0.928838227	0.90491191	13.98333535	2.410390792	80.07818739	44.46526514	0.984733356	0.963334976	47.33855946	44.84548586	49.33433738	43.77216681	25.22073073	26.68316868	137.6698768	133.4182421	98.27436093	103.3790374	39.26243715	28.97005523	3.063786395	0.464625668	50.15082625	48.62263653	120.1274062	144.6599318	38.97091452	39.09754066	160.4857788	100.2443203
R839	R839	-0.016918335	0.86985568	0.779896146	0.823241791	18.54805234	7.723023472	65.63341619	70.09324487	-0.021598944	1.072269476	0.917780733	0.919779639	14.35968789	7.577997495	87.6285501	42.70981753	0.941345765	0.931200394	41.26207327	41.66653265	61.26264707	55.33064684	39.67017823	35.58989638	142.7745308	126.1692983	110.1281269	99.87585832	31.92425009	25.48264285	2.837564628	0.005036597	46.21459735	48.47392272	133.8350735	144.096578	30.98523669	38.67311171	90.23577814	97.84629224
R851	R851	-0.016918569	0.869855512	0.807942088	0.827023516	11.45936593	6.293601021	65.30645902	69.19492636	-0.024393843	0.929623899	0.934959695	0.92479011	10.32405404	1.57786897	82.33116963	52.71283222	0.821934525	0.811955673	21.34755887	34.32659891	62.63364821	57.61839977	44.73066807	40.1848903	139.282839	123.2226641	106.1445039	96.66071152	32.89399945	25.25861269	2.365476631	0.713302986	40.60151572	35.7297607	93.32520988	142.1631277	30.38759979	39.19041211	142.2215588	103.6316885
R853	R853	-0.016917966	0.869855501	0.818817799	0.81705811	17.03322344	11.11872969	63.99013035	68.44132213	-0.022108694	0.928675205	0.940738491	0.921761507	6.99819912	-3.074808934	75.81977805	42.28041901	0.816079504	0.817069636	46.88791292	43.20590527	62.00793588	54.21608493	25.36674736	29.38102088	122.3370822	118.1949781	89.14952112	89.01312662	32.99424952	28.1231586	2.447676565	0.006346379	39.53689537	41.67288201	153.8779905	146.2064283	39.94296858	38.77601572	57.44411167	100.7172139
Ranniaya_Zolotaya_401	Ranniaya_Zolotaya_401	0.649748727	1.231218394	0.790821824	0.790505222	19.63080334	14.29253975	54.13585195	58.46340364	0.64516038	1.313554256	0.895383117	0.876861179	7.32149132	-2.560170943	95.36053926	52.47665521	0.954381848	0.926235207	64.08315912	59.60374448	50.00793588	43.45481413	17.36674736	22.8083207	115.3370822	120.7925838	83.14952112	92.83032726	32.49424952	26.92260987	2.947676565	0.661663886	43.53689537	40.90445781	121.8032556	145.0309219	36.09761256	39.12997972	71.98577851	101.2533192
Raza_Maiz_Dulce	Raza_Maiz_Dulce	1.002274315	1.526638452	0.836181791	0.848305244	38.35332892	22.87352864	77.79297679	78.27647293	1.483745023	2.356837189	0.930531327	0.913658347	17.95640992	9.522335549	100.7422821	59.42274227	0.891653378	0.914696676	63.42332251	60.35480949	67.19167603	63.54412548	79.14081378	91.35137993	200.9887438	210.0669385	163.9936077	178.0009952	36.99654291	32.12160958	0.207759842	-1.011609671	47.62318102	42.72400962	126.1590385	145.874521	38.77774439	39.31321977	79.23577908	100.9156882
Red_NCLB	Red_NCLB	1.983081721	2.10659554	0.816118338	0.838248959	16.45855449	6.727836146	65.04302205	67.34132532	1.978443201	2.507091501	0.946430645	0.936615326	10.64193883	2.998783694	97.14126527	47.03683768	0.883772203	0.920080223	86.5570572	69.64062859	63.47326731	53.02063827	52.61726745	48.22890405	182.2318203	169.8909816	136.7203165	130.7148516	44.33054007	37.92223698	2.132036782	-0.155728612	21.88118017	27.36664186	139.0972577	145.6729505	38.4731556	39.13179918	106.267055	98.37398833
Rhode_Island_Sweet	Rhode_Island_Sweet	0.983081311	1.717203525	0.849346966	0.843861205	11.35285192	5.117631098	50.11223031	55.46852034	1.306253695	2.120832306	0.926745667	0.913264692	11.19490417	0.56849925	63.32985161	27.89624318	0.896106288	0.894973289	83.9555744	75.77133685	37.58872494	41.64123296	42.41503611	31.57564203	199.9379956	135.9684582	152.8250701	103.2131464	46.80782466	31.3945226	2.279861934	0.858686805	51.94286846	43.77301082	153.8066091	146.1997955	39.59827019	38.43178707	107.6344208	100.2153657
S4	S4	-0.025377641	0.888894216	0.758785073	0.800036762	17.58609408	9.00265175	54.6524219	58.65884773	-0.031436503	0.938281513	0.897529782	0.889294729	7.520845988	-1.545891804	70.11332931	31.54419193	0.874462398	0.902097432	25.18134174	33.63031249	51.33211203	46.23528206	16.86844659	21.30891279	110.5555025	115.3551914	79.35110463	82.99243865	29.95830155	29.59094152	1.371689821	-0.406780005	38.57977431	36.89352304	88.31999929	140.4974437	24.73635723	38.48701639	69.9857792	97.56899639
S43	S43	-0.016918616	1.175159675	0.835137584	0.833169003	12.54633909	6.775236569	53.57173139	56.82775895	-0.019983908	1.212534775	0.919829633	0.903781655	9.050451122	-1.342753169	63.96056945	37.51171994	0.860709735	0.859622176	90.7239671	81.5037473	50.63364821	44.08439088	24.73066807	27.81088452	130.282839	126.7173915	99.14450389	96.86857239	30.89399945	28.26438562	1.365476631	-0.538335251	62.60151572	55.78385078	117.8252099	144.2783211	27.38759979	38.43402881	115.2357786	100.2542218
S8	S8	1.316415165	2.355840953	0.813446927	0.823967991	23.00174524	13.67719497	54.08743716	59.53307531	1.980509588	2.788790874	0.885921542	0.889192896	7.570888113	-1.187928659	54.82334513	30.67302158	0.99906272	0.947100109	45.15369273	45.81315839	44.64906694	47.62611471	47.67525239	34.86375344	178.748583	112.0338182	136.3426338	85.18130561	41.92791154	25.91096153	1.134258059	-0.513145249	66.35954504	59.94188925	147.9836094	140.4144704	39.51386324	38.67679225	103.4521329	96.24882215
SC1441	SC1441	-0.016918396	0.869855833	0.845342612	0.847753897	9.564536675	4.698279797	63.70061817	66.60856093	-0.020058012	0.931479211	0.952481034	0.935803189	4.722320039	-3.683414153	87.01709096	44.22861472	0.912222119	0.869918256	42.24174449	51.95549071	64.33211203	55.01405164	30.36844659	43.83420038	143.0555025	124.3698714	103.8511046	105.3660785	38.45830155	30.65784625	2.371689821	-0.65282233	42.07977431	42.33788901	133.0972577	147.1639491	32.4731556	39.11673376	75.48577838	101.1611319
SC6069	SC6069	2.004548224	1.497850487	0.807947865	0.825415756	14.90247192	6.926415184	70.29080617	69.03747813	-0.023415611	2.106070785	0.90560706	0.911343636	1.461945463	-6.472882064	82.30276622	43.1608542	0.838710417	0.889993873	4.817711572	13.75443778	61.27408421	54.24581407	34.45830089	28.18884902	174.8495977	136.5534398	142.5020008	104.8675138	31.85575809	30.24333077	0.529406611	-0.688854093	52.55810902	46.31180347	125.9861707	144.0814585	35.34621263	38.733507	74.98577951	100.3070127
SD176	SD176	1.983081778	2.717203583	0.828373715	0.805066312	24.58047821	15.87931136	55.2022092	58.98834443	-0.015061431	0.931895201	0.938813849	0.911060363	4.685931489	-4.37101895	93.87515459	56.48499228	0.958580823	0.92484837	35.6125797	43.63052237	50.63364821	45.02418595	34.23066807	30.58391407	139.782839	104.7569822	106.1445039	75.72122399	33.89399945	27.67635489	1.365476631	-0.225188082	36.10151572	36.99075941	116.8252099	143.044386	41.88759979	39.53762158	80.31911207	100.0573654
SD226	SD226	0.983082005	1.564551693	0.783573502	0.780777701	24.71835444	17.1926104	53.67463724	58.53223025	0.649420633	1.315296765	0.925948247	0.910960027	5.57724416	-2.575243727	117.3649174	82.93658904	0.913550836	0.915169189	65.72791923	57.36153832	49.13364821	43.47121274	11.23066807	16.82615832	97.78283898	97.51408795	69.14450389	71.69690553	28.89399945	24.46136077	0.865476631	-0.979981781	42.60151572	42.00964955	96.87508371	141.8869551	43.21926967	39.69659023	69.98577979	98.62136213
SD277	SD277	1.983082148	2.869855622	0.85355657	0.853105339	13.80839798	8.839541793	60.91242207	63.97268722	1.317018431	2.546931065	0.925605493	0.912770829	6.872484994	-0.586826673	67.57959499	41.4474306	0.924238538	0.88405632	59.85164444	60.05927054	54.76264707	48.89898105	32.67017823	30.88140969	118.7745308	108.8062603	91.12812687	85.49074044	27.42425009	22.93527506	2.337564628	0.206149808	56.71459735	46.88232486	144.3350735	145.5656357	32.48523669	38.8815041	51.61077948	96.56604204
SD42	SD42	0.316415069	1.050537012	0.840825663	0.847955364	11.459663	10.03307722	61.06450211	67.12664136	0.312559703	1.122619978	0.958832787	0.931400495	11.98940998	1.510017091	94.99227288	50.1093374	0.918527999	0.885209746	77.46354677	75.07868245	56.13364821	51.51304006	34.23066807	38.14915873	155.282839	143.6523039	114.1445039	107.9217852	41.39399945	34.89217219	3.365476631	-0.685573514	51.60151572	48.12978475	150.8750837	146.435254	34.21926967	38.87326543	51.11077914	99.31152403
SD469	SD469	1.649748728	2.231218467	0.869871891	0.859493294	14.48055612	8.176626488	54.13585195	58.65117049	1.311827046	1.839113261	0.94844259	0.931321329	10.57149132	-0.197768777	69.92070045	42.12636286	0.943871519	0.885706239	80.74982578	74.51582181	54.69167603	46.51854586	20.14081378	28.04353673	104.9887438	108.3302881	77.99360771	82.74781337	26.49654291	23.60669067	1.207759842	-0.278288585	53.12318102	41.5141347	110.1590385	145.4450381	32.77774439	38.84974169	83.23577914	99.42818747
SD592	SD592	1.649747997	2.078565974	0.845022502	0.844235151	11.45854993	6.915999844	56.18623006	60.34828518	1.648040905	2.174625708	0.940271381	0.921606341	8.971865679	-0.831611449	80.93226352	41.9184446	0.951861701	0.917278247	76.82437229	77.05117708	53.19167603	46.60615763	34.64081378	31.03982295	145.9887438	127.3414788	113.9936077	98.58244195	31.49654291	27.59455019	2.207759842	-0.004158965	62.62318102	58.6768941	126.6590385	143.9263094	30.77774439	38.57358899	93.23577846	97.8817636
SD789	SD789	0.649748536	1.231218401	0.841504922	0.831796462	15.8198083	11.08718139	57.96623212	61.83041994	0.644435802	1.878656121	0.943083675	0.912987893	6.447023019	-2.645569626	74.01813678	43.92981803	0.878558523	0.877381428	60.56994586	66.30793552	53.14837188	47.94463274	26.09438017	30.65419062	120.9038408	111.6162404	82.50701804	83.20888688	37.45600816	27.74116523	2.111606544	-0.030500663	39.99348867	39.36004029	134.4642164	147.599179	31.0562254	38.87004918	94.61077889	100.0713196
SD829	SD829	-0.016918372	0.869855807	0.809739661	0.787911037	17.50394289	11.16603783	58.04242127	64.1070615	-0.023589129	0.92980538	0.916130433	0.879444907	9.52447348	0.134341174	82.8298912	40.38352519	0.920004423	0.915614985	59.42209526	53.66603865	54.83211203	48.93025986	26.86844659	32.42078305	138.5555025	127.3016978	102.8511046	98.3923753	35.45830155	27.8107377	1.371689821	-0.899283876	48.57977431	45.11102193	119.3199993	143.7821892	28.73635723	38.50901495	83.4857789	96.66819303
SD883	SD883	-0.016917935	0.869855774	0.837931878	0.845472245	12.77093382	5.350211718	60.83456849	65.01597028	-0.016382069	0.931655803	0.949287508	0.929066913	13.66920499	2.887297189	99.76991511	55.96379701	0.857289177	0.841222307	87.48482875	82.43001906	57.19167603	51.03632273	28.14081378	34.84794126	127.9887438	129.5132613	98.99360771	102.9168732	28.49654291	25.4689336	2.207759842	-0.745220303	47.12318102	45.17705385	111.1590385	144.4158276	35.27774439	38.9855688	59.11077914	97.36651811
SD884	SD884	0.316414544	1.050537069	0.829578019	0.836503289	13.07747446	9.369657862	58.77659549	62.56460261	-0.027070214	0.927904762	0.944916578	0.928894081	13.51782459	3.059297574	92.42530839	60.59580952	0.863681435	0.843404687	72.53322109	73.64646151	59.76264707	49.10616588	18.17017823	23.82645076	101.2745308	103.5767916	74.12812687	80.12097533	26.42425009	22.03194889	2.337564628	0.327296776	55.71459735	48.17804891	111.3350735	144.5984722	29.48523669	39.0636679	100.8607785	97.95135277
SD908	SD908	-0.016918243	0.869855803	0.82491278	0.80378096	16.11404591	12.77085564	57.68298908	63.16508438	-0.015933155	0.932014801	0.931417066	0.903437055	6.605255085	-2.64596163	88.49695513	53.53754594	0.890067003	0.89235199	66.79539915	61.51896601	55.07890691	50.61566283	25.89611181	31.20409377	125.1228691	124.6073779	89.78404028	94.66422056	35.4219567	29.38439207	2.077481351	-0.126099776	47.12831171	50.70135384	148.9792907	147.3347921	29.30510486	38.88702237	119.4857789	99.29699813
SD909	SD909	-0.016918587	1.175159626	0.854033833	0.859819792	13.24438534	8.461688381	56.61509664	63.68765185	-0.016785937	1.213800201	0.944662065	0.925742731	5.262715201	-3.473960227	95.57903758	44.68482421	0.899289635	0.891498957	62.270032	54.77505423	53.19239531	51.79037551	4.162001823	16.79468136	80.09830293	83.670659	55.00532261	63.60909182	25.40702279	19.68871185	2.804176823	0.252493881	48.96799358	46.4846654	100.7753361	142.824381	27.55592991	38.65107511	107.6107786	98.04612567
STRAIN11D-586-68A	STRAIN11D-586-68A	-0.016918423	1.022507813	0.833289552	0.839699315	24.02450122	15.29221547	65.82813496	71.15539488	1.982478502	2.650031347	0.929438638	0.914272941	6.701813445	-1.016120176	71.92885639	45.98699637	0.88947625	0.841684151	73.02837927	68.56793291	68.63364821	59.49322665	51.73066807	53.54617867	205.282839	192.9403354	155.1445039	145.5187613	49.89399945	46.54047896	0.865476631	-0.875479308	26.60151572	24.58344888	133.8252099	145.9684937	33.38759979	39.04437676	106.0251205	99.72992796
STRAIN18B-5-69	STRAIN18B-5-69	1.974622734	2.702578482	0.832003322	0.842161181	21.03327561	12.82302122	71.74414736	75.30748189	1.968212022	2.412850378	0.917468852	0.899392885	11.05327805	4.23601515	95.58929325	51.54391295	0.928137196	0.922646709	12.87665234	19.10907689	64.19167603	60.60530681	50.64081378	39.65371753	171.4887438	143.1126661	136.9936077	114.3937477	34.49654291	27.7177657	2.707759842	0.451894991	40.12318102	44.8510143	140.6590385	145.4048358	42.27774439	39.22941601	108.1148336	104.8339573
STRAIN304A-408-68B	STRAIN304A-408-68B	1.316414772	1.897884691	0.855214233	0.859804263	10.51478127	3.746173227	56.34833045	63.74659282	0.977802125	2.071157331	0.95794801	0.943539564	10.61679655	-0.374778954	77.64749898	44.3144292	0.960347872	0.926948878	72.4685978	65.94934648	57.70461924	51.34527088	34.76003252	42.15752656	170.0686259	167.4535487	126.2790231	128.4903732	42.82170663	37.81854107	2.495281418	-0.279099951	39.19293206	39.68993492	131.001245	144.3064983	32.5950921	38.94141255	105.5509033	100.1112673
STRAIN451B-4-68B	STRAIN451B-4-68B	-0.016918387	0.869855548	0.842606616	0.846790216	12.48005202	5.678913872	66.19653102	67.97915786	-0.023768097	0.928494754	0.953198241	0.936104663	7.915893537	-1.387260595	67.81160495	36.73171477	0.965338655	0.940252323	51.81850236	49.42128994	61.27408421	53.24772935	44.45830089	41.41689377	165.8495977	149.5445744	124.5020008	114.2544249	41.35575809	33.99301671	1.529406611	-0.528426179	52.88118017	44.87680152	145.4861707	147.5787358	31.34621263	39.1252646	106.3364039	100.2858912
STRAIN675A-415-68B	STRAIN675A-415-68B	1.983081795	2.411899647	0.84391018	0.848688772	15.53027899	9.261689634	59.33604027	62.65754641	1.976781085	2.365209273	0.94785734	0.935278542	14.37787413	7.685544558	76.55303284	46.68710568	0.909407685	0.880593826	66.75792489	71.29654724	60.19167603	51.27960609	39.64081378	45.73651991	176.9887438	172.9981947	140.4936077	133.3078808	35.99654291	37.29028708	1.707759842	-0.353134865	40.12318102	44.50022037	148.7753361	146.2354601	39.55592991	39.33911643	105.1660456	98.79789809
STRAINT20-2-68B	STRAINT20-2-68B	1.983081566	2.86985572	0.827252607	0.849710397	13.15724751	4.457414032	65.43237002	68.5962455	1.987022619	2.933118563	0.955199742	0.940241309	12.22068899	4.386652497	83.57591783	51.02734889	0.926780086	0.931583673	68.06062373	69.17777758	60.20461924	55.56726036	54.76003252	51.15205977	185.5686259	162.174399	150.2790231	131.8238055	34.82170663	29.63211485	2.495281418	-0.601790706	43.69293206	44.70320314	114.501245	144.5253845	29.5950921	38.91967248	106.5453921	100.7594817
STRAINT24-395-68B	STRAINT24-395-68B	-0.016917694	0.869855911	0.85351358	0.853603114	6.953178886	6.782168409	63.78298892	67.86392225	-0.020082683	0.930121052	0.938689049	0.938610809	13.04520692	3.966916124	67.24528234	66.66616408	0.875332323	0.875135535	60.40947129	67.34054206	60.19239531	54.17791944	44.16200182	48.0254512	201.0983029	183.3396006	156.0053226	148.2615612	45.40702279	34.30563163	0.804176823	-0.713966125	45.96799358	46.15378283	114.7753361	144.367752	35.55592991	39.15020678	108.9571284	108.8999747
STRAINT32-397-68B	STRAINT32-397-68B	-0.01691852	0.869855572	0.847478268	0.835196936	15.58960094	9.768435495	63.08378683	67.83510606	-0.020278192	0.930623535	0.952068892	0.933696627	12.39727627	4.978307471	106.0091109	71.44716107	0.928975077	0.928512939	72.87987176	68.44693367	66.07890691	55.88823483	39.39611181	50.78906586	173.6228691	185.772669	136.2840403	150.7792569	37.4219567	33.93659441	1.577481351	-0.881554446	19.62831171	32.19022152	108.9792907	144.6330625	29.30510486	39.4259529	107.7397822	101.8730527
STRAINT33-399-68B	STRAINT33-399-68B	1.983082227	2.869855813	0.850896096	0.859263331	17.88761007	9.200769274	67.39599377	68.44941892	1.980273461	2.930244288	0.953431506	0.941981583	9.213766582	4.172695527	91.57493282	57.2520351	0.87605597	0.885296273	35.60866004	46.61462167	58.76264707	54.09599933	74.67017823	68.5217725	191.2745308	174.7965574	154.1281269	141.1729132	35.92425009	32.85366214	1.837564628	0.179274703	45.21459735	44.2107395	122.8350735	145.6613482	26.98523669	39.08306195	107.6021622	100.3554181
STRAINT35-388-68A	STRAINT35-388-68A	1.649748215	1.925914252	0.844319922	0.856241326	17.1797427	10.26772806	62.59037685	63.86488522	1.646047153	2.033506397	0.960945295	0.944220792	8.381484381	-0.20070429	98.3631743	67.41590415	0.898953079	0.874304761	56.07338335	58.28703561	54.57890691	50.84332151	53.89611181	50.49698859	182.6228691	160.4943078	144.2840403	125.2970892	37.9219567	33.68202372	2.077481351	0.198002005	48.12831171	44.34988843	122.4792907	144.9709251	37.30510486	39.25744526	107.781075	101.2664657
STRAINT36101T-394-68	STRAINT36101T-394-68	1.983081483	2.76912107	0.841890376	0.844907975	11.18204296	5.159409033	66.02771291	70.00270075	1.976896423	2.879594747	0.957557285	0.940255435	8.59373718	0.194351146	83.26666758	47.60766587	0.938223219	0.92650657	35.77009252	35.09703581	55.26501567	57.61586554	40.31081444	30.91653019	214.8423543	155.125621	167.5833787	122.1323666	46.64629947	31.70788844	2.491663284	0.946188618	43.15499495	37.19240582	151.3928389	143.8702745	40.05122555	38.94370357	110.4454445	103.2367646
SYN2sh2	SYN2sh2	-0.016918089	0.869855563	0.841124534	0.846229249	20.7024116	10.68496818	65.14765591	70.32840324	-0.017477422	0.931307517	0.932795838	0.914191261	10.93039033	2.586311512	72.50767086	40.43919994	0.863345585	0.852577031	39.02852987	43.91766723	58.77408421	54.47798438	55.95830089	59.85506419	198.8495977	170.0340972	150.5020008	137.7622574	48.35575809	33.2071626	3.029406611	-0.705474502	44.55810902	36.9647278	179.0972577	147.0415788	39.4731556	39.06882744	108.4932215	101.0585366
Selection_from_231227	Selection_from_231227	1.649748175	2.536522493	0.794291543	0.811293552	13.29396407	7.521827602	46.41285707	53.69550443	1.64270257	1.889225537	0.929079649	0.915457482	7.641634529	-1.69435139	114.8198739	59.70221737	0.939015757	0.923948971	83.39686889	73.17141117	35.79033762	41.63016813	42.40955071	31.84653201	200.5297015	136.9942932	156.1456673	105.8166826	43.71647076	29.22022245	0.940355115	-0.070742397	59.52672765	50.94227457	150.5958846	142.5050438	40.08547076	38.84749434	109.5380148	101.1244227
Separation_from_170882	Separation_from_170882	0.649747739	1.383869941	0.837715016	0.832568644	15.74438469	9.832185118	70.35891722	69.75433824	-0.021156271	0.930229536	0.933128858	0.914588004	11.65985329	1.294976797	85.44366296	40.97520963	0.95238833	0.941662574	29.25619203	36.9059094	56.19095676	56.02084045	43.11962573	35.1916268	151.8791848	127.4178983	114.9818928	98.94759741	35.58606303	28.60029094	0.611342861	-1.154516848	47.27836846	34.67374409	153.9541035	146.2152902	39.53687594	38.59920525	91.73577979	101.1952244
Separation_from_177107	Separation_from_177107	2.322114868	2.322419049	0.849483305	0.849572487	13.79866826	13.77010248	58.06786464	57.78045082	1.328627836	1.328805599	0.895767768	0.895773547	8.836202366	8.934154375	34.69016502	34.78007554	0.928768977	0.92856394	7.597634602	20.73971675	60.07490111	48.68807629	33.29933432	28.3793006	144.467375	117.2526643	106.2836852	89.52494959	37.38097611	27.13457423	-0.07322356	-0.661742737	47.23503786	43.51177565	142.5104766	142.4922798	38.70521069	38.73176254	88.36077948	98.69850617
Separation_from_177589	Separation_from_177589	1.316415431	1.881498772	0.814940691	0.837174403	15.74005645	8.161620715	66.38825509	68.01285928	-0.020554664	0.918308587	0.92819986	0.913222523	12.86247772	7.656952688	73.72798166	38.51196993	0.914549025	0.924842643	33.92104799	30.85608097	58.14837188	55.10026716	26.59438017	34.05513153	128.9038408	126.8227832	95.50701804	94.82115574	33.45600816	28.01948075	1.611606544	0.250232351	35.49348867	36.8707486	103.8311751	144.547583	32.6392952	38.49741245	90.98577914	97.54486939
Separation_from_177604	Separation_from_177604	1.31641482	2.063529774	0.833293197	0.849855804	16.06187382	8.083871936	61.62961292	67.5450548	0.980000756	1.592307352	0.933647171	0.920077081	11.21178522	3.995721788	81.52797172	39.77238941	0.972664877	0.962942518	46.37215146	29.8244924	48.06478067	51.39184066	52.44868968	41.04862997	218.025095	154.2006392	168.2750276	118.9548019	50.14799728	34.39017379	0.420384481	-1.178195895	45.85942443	39.12078418	152.6920105	145.5374184	40.15562636	38.70122839	106.9254917	99.5818143
Separation_from_177642	Separation_from_177642	-0.016918238	0.869855825	0.852839283	0.854445426	11.68746082	7.153006368	57.52808373	66.57078976	-0.024425889	0.929280209	0.94192092	0.90740905	6.967859329	2.307147344	82.57735413	26.52509868	0.981943495	0.965561235	52.89810307	47.00602559	55.07490111	51.11937886	32.29933432	25.45837001	135.467375	99.92091246	97.28368518	76.32436663	37.38097611	22.66298034	2.92677644	-0.318512324	34.23503786	31.18535684	118.8750837	144.76191	23.21926967	38.4614473	105.1392272	98.87659461
Separation_from_183739	Separation_from_183739	-0.016918274	0.869855648	0.788869137	0.820262828	24.3403586	13.81739657	67.4867448	72.88229801	-0.020727765	0.930449015	0.922234592	0.91924723	10.44346173	1.533014795	81.98258834	49.98681608	0.882673594	0.869311175	45.58976434	46.44077628	59.50793588	55.22170553	29.36674736	31.6919595	124.3370822	122.9887565	97.14952112	102.7139103	26.99424952	19.21482267	1.947676565	0.100578035	36.03689537	34.69351648	107.3032556	143.3630001	38.59761256	39.34126634	106.4413623	99.2101703
Separation_from_183742	Separation_from_183742	0.649748366	1.383869988	0.838735661	0.854523276	18.67375846	11.22553536	63.07172638	66.90478143	1.312111588	1.840133342	0.942163773	0.929140563	14.16874031	7.799724315	80.59288598	39.73340155	0.896486319	0.884571722	68.22763088	65.71348404	59.26264707	52.73987695	42.67017823	35.18766242	160.2745308	128.1587805	122.1281269	98.94267666	39.42425009	28.74912358	1.337564628	-0.670352686	33.21459735	36.39331435	151.5427409	144.919832	38.99955887	38.86052066	103.3607789	100.2919936
Separation_from_204812	Separation_from_204812	-0.016918021	0.869855752	0.839059355	0.846312498	15.83709341	10.5619429	59.43499513	64.59443775	-0.012702512	0.932955261	0.94529382	0.92925806	13.31193077	4.491402108	92.99579226	55.25599466	0.912256341	0.926132476	61.25878676	57.40011344	56.50793588	51.76108721	39.36674736	37.92762525	180.8370822	151.8955334	140.6495211	119.7590588	39.99424952	31.38774143	0.947676565	-1.125212951	46.53689537	44.19089551	151.3032556	145.725634	33.59761256	38.96309244	106.5637214	98.93214035
Separation_from_212335	Separation_from_212335	-0.016918324	0.869855889	0.822256595	0.82879786	23.09680971	14.12594734	60.47471558	64.29016389	-0.023860901	0.929114746	0.931767588	0.913343636	8.211142771	1.343612092	83.39972481	46.56241789	0.836418364	0.856211711	74.61021299	75.29482097	61.47326731	52.06325484	21.61726745	37.18779293	132.2318203	143.3652605	96.72031646	114.8891297	35.33054007	28.67476018	4.132036782	0.029882862	44.88118017	40.58729904	140.0972577	146.2219855	32.4731556	39.08409717	105.5924507	99.06208794
Sh2-m1_plus	Sh2-m1_plus	NA	NA	NA	NA	NA	NA	NA	NA	NA	NA	NA	NA	NA	NA	NA	NA	NA	NA	NA	NA	NA	NA	NA	NA	NA	NA	NA	NA	NA	NA	NA	NA	NA	NA	NA	NA	NA	NA	NA	NA
Silver_9	Silver_9	-0.016918343	0.869855923	0.858555997	0.863039569	18.05735432	11.65305337	73.43046533	72.75491555	-0.022302267	0.931042772	0.926977862	0.919966232	12.10536651	7.575332986	85.22057666	45.87303873	0.958348506	0.920102039	30.54214131	37.83791048	59.26264707	56.97385602	78.67017823	59.76250236	200.2745308	160.5892658	166.6281269	130.9610097	34.42425009	28.7439321	0.337564628	-0.80351745	25.71459735	36.47373095	172.8350735	147.1894942	40.98523669	39.0839266	111.4132868	102.3833273
Slatka_Pukanka	Slatka_Pukanka	1.649748133	2.231217979	0.823676699	0.827893536	15.18388531	9.829271291	57.44948889	62.50361693	0.643619266	1.455013743	0.924133973	0.910966485	13.78351207	5.421558387	80.70398075	46.22141187	0.947872402	0.927249294	47.4978983	50.92787752	53.77408421	48.53139894	46.95830089	45.70400181	178.8495977	149.0597269	143.5020008	116.5099297	35.35575809	31.33655579	2.029406611	0.119347408	58.55810902	57.74046338	142.9861707	145.2058992	35.34621263	38.95607086	107.6107786	98.55620343
Sonora_108	Sonora_108	0.004549752	1.231551077	0.863502721	0.836678763	9.71832557	7.830026506	76.6972256	82.61827625	1.978720625	2.947882761	0.924440352	0.893522459	5.865878647	-2.691567511	39.10839737	4.738523104	0.975287898	0.889749895	21.35190532	25.74803075	66.63364821	61.10034189	99.23066807	61.7515518	233.282839	211.60052	189.6445039	167.1435071	43.39399945	42.69035392	2.365476631	1.521952676	32.60151572	34.5354099	168.3252099	146.8009126	34.88759979	37.8111689	138.4024453	104.2085149
Sonora_124	Sonora_124	0.649748413	1.383870092	0.80958225	0.815753778	19.13707484	11.58490379	63.97399637	68.48305587	1.984566575	2.507705565	0.887242763	0.876742039	6.616700086	-1.017000123	71.74267651	32.98863756	0.905367852	0.884218717	56.06436545	64.22034177	67.69167603	57.04992956	55.14081378	53.92233773	186.9887438	174.4961703	141.9936077	136.1244433	44.49654291	38.09827469	0.707759842	-0.4832901	41.62318102	42.18485496	142.6590385	145.1212507	32.27774439	38.17366451	82.86077923	99.13565693
Sonora_22	Sonora_22	-0.016918033	0.850298257	0.833397372	0.836896731	11.99359257	7.434858098	64.55726177	73.91945434	1.982564724	2.921139997	0.941247334	0.922964494	5.732849448	-2.455233624	61.31803668	26.02236353	0.905816418	0.843877911	72.41875191	59.44739117	64.19239531	55.41058345	64.23066807	48.58659415	195.282839	161.4454876	158.6445039	144.324323	36.89399945	29.78774862	0.865476631	-1.076842712	23.10151572	23.1091509	153.4028396	145.6107808	39.96629601	38.79671538	120.6107792	98.11805526
Sonora_57	Sonora_57	8.36E-08	0.930928733	0.864107168	0.865101068	18.13692249	8.661454429	76.47918872	81.86946294	-0.005613293	0.953916329	0.940630599	0.924837909	9.647999538	0.5703737	57.6938599	17.67741465	0.937842004	0.932816749	11.41619502	28.89908175	61.76466284	67.82161523	92.56014989	86.02173468	241.3269125	190.7538411	195.7424663	161.6780872	44.83045591	29.08778182	6.130056262	3.210719477	34.69204316	26.99213982	158.8679047	150.1686525	39.44262981	38.3142934	119.3098375	107.2733702
Stowels_Evergreen	Stowels_Evergreen	1.649748543	2.078566143	0.828731474	0.837422334	19.81378296	12.34409936	63.63624904	69.1432606	1.64288136	2.313602549	0.940593128	0.929279196	11.154083	3.502368281	95.58808922	55.01011222	0.874925375	0.890692299	60.88623181	60.66383061	59.13364821	54.61013005	65.73066807	56.30296697	213.782839	188.1832096	171.1445039	146.7361392	42.89399945	39.72760974	1.865476631	-0.180959999	42.10151572	45.75462726	150.3252099	146.3421339	41.88759979	39.52390867	107.0274463	101.5920378
Strain_T32_397_68r	Strain_T32_397_68r	-0.016918783	0.86985542	0.841256039	0.838548905	15.04708559	11.49890387	65.98421833	70.01457304	-0.024467208	0.929411201	0.954083059	0.9382373	10.7966144	3.385288943	99.63550745	70.12103468	0.92706333	0.920336782	53.89365362	55.15993078	59.14837188	55.18927975	47.59438017	42.18785466	195.9038408	175.3008195	156.007018	143.2329749	39.95600816	31.94199348	1.111606544	-0.251765779	31.49348867	33.13704008	119.0972577	142.8599611	37.4731556	39.37177587	91.23577838	102.8128913
Sunshine	Sunshine	1.983081473	2.717203701	0.841173682	0.842076339	16.63563413	8.997262968	58.3727762	62.72130416	1.9741421	2.504330484	0.958320758	0.940226656	5.558665031	-2.602970479	79.299478	45.35060045	0.98138717	0.950425541	45.31924727	45.80364407	52.70461924	47.67941115	20.26003252	23.60492139	133.5686259	122.1513331	94.77902305	93.65795311	37.82170663	28.25175002	4.995281418	1.256484569	53.69293206	47.16206287	139.001245	144.2789343	33.0950921	39.28832275	73.48577923	102.614321
T-24-56-ILL	T-24-56-ILL	-0.016918447	0.869855598	0.818612984	0.818369517	16.99965106	7.763445574	63.82326755	66.88370705	-0.022654902	0.930190113	0.951835698	0.934716253	13.7023459	5.267163139	117.2307659	71.52519338	0.935194656	0.923908321	64.0971309	62.38460208	61.64837188	54.25778835	48.09438017	52.49606	194.9038408	187.7071721	148.007018	152.8589947	46.95600816	34.94803925	2.111606544	-0.400345569	43.99348867	41.77337649	114.9642164	144.1993408	34.0562254	39.45439402	136.860779	105.017452
T625	T625	-0.016918452	0.869855821	0.838780542	0.843686294	36.27428383	29.3908766	71.25704352	74.06478952	-0.020619514	0.931270918	0.913520717	0.879711149	7.048151048	-0.486994992	78.15065053	40.97667355	0.839134818	0.870041756	46.54957383	38.63928589	64.77408421	58.73548269	54.95830089	54.23930395	193.8495977	168.7339078	144.5020008	129.909485	48.85575809	44.0626561	0.029406611	-1.367090061	42.05810902	44.91691938	168.4861707	150.8531399	32.34621263	39.01735196	95.48577928	99.51279824
T64S	T64S	-0.016918652	0.869855585	0.790393368	0.811005118	22.01585405	18.42992495	68.73945101	73.53505421	-0.019340657	0.930089509	0.919869604	0.887142842	7.319916605	-1.602380487	92.22607859	45.05454209	0.903701285	0.907379014	60.53578277	53.1429238	54.95679873	59.07314885	54.57149289	52.46337141	195.5758614	174.4004359	148.2937196	127.3245814	46.58147624	45.65787013	0.091176307	-1.252200176	46.10579716	43.69521299	153.8311751	148.6644033	35.6392952	38.90555797	48.77744514	100.1610533
Tawaktci	Tawaktci	1.316414351	2.355840903	0.836320477	0.841162317	14.84258441	12.12312667	66.48945226	72.05031199	0.977405856	1.505518613	0.907399563	0.89115864	5.606399773	-0.851174493	69.41444197	27.5220672	0.949755588	0.95335816	54.32877509	56.24308036	58.47326731	56.43717701	21.36844659	25.85306092	124.0555025	122.0055101	96.35110463	92.01248196	27.45830155	27.96502595	2.371689821	-0.007455462	43.57977431	42.83745254	152.8618753	145.8403698	39.78312469	38.47611396	74.50000177	101.5782136
Tesuque_Pueblo	Tesuque_Pueblo	-0.016918343	1.022507703	0.83574472	0.843534212	13.57698827	9.289969801	64.43046533	70.5518887	-0.022302267	0.93104263	0.949745948	0.930713887	7.544802714	1.959195473	105.2578891	58.77481634	0.89011649	0.886916649	32.92309369	35.01345943	55.50793588	53.83315858	56.86674736	54.46253296	208.8370822	170.5331061	160.1495211	126.694886	48.49424952	39.08901546	2.447676565	0.033041631	38.03689537	37.34829297	182.3032556	148.8366697	41.59761256	39.28770842	83.86077825	97.79647421
UFI2EDbt1-1	UFI2EDbt1-1	-0.016917881	0.8698559	0.840663708	0.845874717	12.02125354	9.300214997	69.53162313	70.00845897	-0.018763867	0.930151672	0.944571598	0.920161018	2.529273023	-3.991571277	84.8550895	47.91643888	0.911719351	0.920164956	43.84827073	46.26622292	61.83211203	54.77694665	21.86844659	19.79795281	108.5555025	98.10783614	82.85110463	76.64245604	25.45830155	21.24580932	0.871689821	-0.652980054	56.07977431	56.62938732	112.8199993	142.9542787	24.23635723	38.4683279	64.97155906	99.52128841
UFI9EC	UFI9EC	0.316414881	1.050536772	0.84480447	0.841539471	15.9359932	8.504249163	61.95753538	65.11258034	0.313167043	1.122318881	0.947186546	0.932494413	8.539393784	1.842472123	86.77810712	49.38883268	0.89408265	0.884149209	48.03508325	47.67867786	57.64837188	52.02987704	39.09438017	34.91666685	130.4038408	120.017325	102.007018	88.96471287	28.45600816	29.60404725	1.111606544	-0.597664923	42.99348867	43.54225556	107.4642164	142.6175027	30.0562254	38.84998993	49.86077967	97.80199262
V775	V775	-0.016918054	0.850298739	0.839168566	0.840991944	12.51079177	9.209922628	54.66389147	59.00122633	-0.020116947	0.921066599	0.955336573	0.935111575	7.885362967	-1.573414487	110.5219737	64.12549068	0.954648997	0.913267027	43.67446788	30.85064915	44.74651351	47.20197333	39.84639177	28.77058554	187.2998442	121.0028289	143.9191386	94.44693621	43.04410127	25.97648142	0.676017462	-0.552149825	46.35972728	40.72167551	152.3380266	145.1553897	40.64357019	39.71885991	105.1682677	98.3511928
V781	V781	-0.025377976	0.888894404	0.85528279	0.850320509	16.01292058	9.961919888	60.52854326	63.79158121	-0.03657451	0.937193967	0.95748444	0.941973799	3.561783436	-4.16244112	107.0831047	74.28874456	0.878573939	0.902253856	33.85452236	43.12008712	41.77408421	46.16030384	8.29933432	25.3041565	90.46737502	98.87729047	66.28368518	77.26861307	23.38097611	20.6797387	1.92677644	-1.163757506	51.88118017	42.41276212	102.9861707	143.6336371	27.84621263	39.12480653	45.86077825	98.70977055
VIA5492	VIA5492	-0.016918665	0.869855605	0.843632621	0.848077045	12.7259146	6.317568245	62.34810077	62.82865834	-0.025267807	0.928813769	0.941272557	0.928390069	5.313941625	-1.178412232	68.76414643	37.00267285	0.898327515	0.893310808	27.78301386	40.62998049	54.13364821	47.39227345	8.230668071	16.25809046	115.282839	102.8448966	85.64450389	75.33696773	29.89399945	25.89550567	1.865476631	-0.8885415	43.60151572	43.4666472	105.8252099	144.0112504	34.38759979	38.78534404	102.7357793	97.98728782
VIII_221	VIII_221	1.502275174	1.560849027	0.81561247	0.808959136	17.33987395	11.71144919	63.65993648	71.50945299	1.49063656	1.832875519	0.941417641	0.910913395	7.746671252	3.904577547	86.12098683	50.77776909	0.84379987	0.90888108	56.2858984	45.91655371	53.10087862	55.79644599	56.57413022	45.85841959	230.3660264	157.9702261	177.668077	122.4063876	52.09867505	34.17218206	1.310920456	-0.671965596	46.27594739	38.88731137	154.8985484	147.599998	40.14920966	38.99573599	106.6950154	100.0259457
Vineland576	Vineland576	1.9830815	2.869855616	0.845101088	0.837420219	14.43472261	9.749513137	53.71718028	59.47850894	1.979131023	2.929721177	0.923513365	0.909887889	10.93383128	-0.470311188	69.73321546	40.59929067	0.928696419	0.889484694	80.98956579	72.7067073	57.69167603	47.45081709	21.64081378	31.97937906	110.9887438	107.1567693	79.49360771	79.64108986	31.49654291	26.0060978	2.707759842	-0.178080263	39.12318102	42.87682257	119.6590385	144.0098164	28.27774439	38.7108397	75.98577857	98.25190179
W22wx1	W22wx1	NA	NA	NA	NA	NA	NA	NA	NA	NA	NA	NA	NA	NA	NA	NA	NA	NA	NA	NA	NA	NA	NA	NA	NA	NA	NA	NA	NA	NA	NA	NA	NA	NA	NA	NA	NA	NA	NA	NA	NA
W23ae1	W23ae1	NA	NA	NA	NA	NA	NA	NA	NA	NA	NA	NA	NA	NA	NA	NA	NA	NA	NA	NA	NA	NA	NA	NA	NA	NA	NA	NA	NA	NA	NA	NA	NA	NA	NA	NA	NA	NA	NA	NA	NA
W3607	W3607	1.97234811	2.888045944	0.838300438	0.847389247	15.14125919	8.656631671	64.39616627	65.9259911	1.977052441	2.241123839	0.954564084	0.939308015	11.17157828	4.799703284	100.6641829	66.42955876	0.927929124	0.937045522	7.198663953	23.27599426	52.9743066	52.87972441	46.94787744	44.64997192	220.5807413	158.5319404	172.3021756	124.113287	47.22733836	32.98927538	2.905815791	0.749610753	50.4133433	43.36670449	154.1580564	146.9700826	40.4715752	39.27735626	107.6438985	100.4246445
W3647	W3647	-0.016918732	1.327811795	0.840431788	0.845595563	13.95708952	9.715238443	61.97711787	64.73381302	-0.022123255	1.212971342	0.953994893	0.937603379	5.445471614	-2.041721103	89.5907128	50.6452424	0.923531522	0.899033921	69.6041985	67.85837391	57.33211203	52.71395674	22.36844659	34.61345331	116.0555025	121.765825	81.85110463	91.50553065	32.95830155	29.70480386	1.871689821	-0.26296671	57.07977431	55.58196154	110.0972577	144.3470987	30.4731556	39.05309488	66.86078014	98.99296661
W3722	W3722	0.316414526	1.050536823	0.84901736	0.846056206	12.94390423	7.298462604	54.32707034	57.72653176	-0.026355318	0.929097813	0.936050493	0.920918539	6.264887195	-3.612023784	73.5486216	36.88865332	0.938341503	0.914130542	88.82181062	86.33733784	52.20461924	45.39115678	11.76003252	24.58367482	106.0686259	101.7257662	77.27902305	80.44116729	28.82170663	20.62888996	1.995281418	-0.538301361	48.69293206	39.6629088	127.1274062	145.2529242	24.97091452	38.7929808	89.23577822	97.02209347
W3742	W3742	1.983081575	2.869855849	0.823160119	0.832025079	14.13030861	9.415122232	62.65260489	65.49890274	-0.0220151	0.930209373	0.949814376	0.931344284	4.166044225	-3.098910408	101.2508233	65.12097889	0.935025564	0.928238493	80.34566439	66.44486027	55.70461924	51.36830687	32.26003252	25.05053211	132.5686259	106.9839497	96.77902305	82.36378498	35.32170663	24.25538436	1.995281418	-0.565830405	50.19293206	39.54911329	144.501245	144.9709517	34.5950921	39.5041415	54.73578012	101.3864246
W5543	W5543	-0.016918189	0.869855806	0.837246134	0.830986408	10.64110442	5.257509126	55.42751125	58.39237895	-0.021017254	0.930196619	0.944033397	0.921588734	7.721858945	-1.64635525	76.15240356	36.43041247	0.976518447	0.928988678	67.07521863	72.863861	52.00793588	45.99093723	22.36674736	25.04410462	134.8370822	122.2230158	101.6495211	99.23288589	32.99424952	23.18351793	0.447676565	-0.898094928	58.03689537	49.58392678	133.8032556	144.8037901	27.09761256	38.8142104	121.8607794	101.0250001
W5552	W5552	1.983081383	2.259247114	0.824408166	0.820310021	18.09071902	10.04147834	62.18952068	63.91305803	-0.015889163	0.930967242	0.945174358	0.930327691	7.328034436	-0.090447564	96.95773116	61.4748986	0.919351827	0.899443941	23.82933198	32.34156337	54.83211203	49.90605856	30.86844659	31.19134443	131.5555025	127.1482627	105.8511046	100.803364	25.45830155	25.0695824	0.871689821	-0.609409562	45.07977431	48.39957523	110.8199993	144.2472102	36.73635723	39.54478436	94.36077865	100.5427825
W5579	W5579	-0.016918179	0.869855547	0.841769226	0.825690672	8.868506599	6.018060804	60.22763298	63.92097716	-0.015571089	0.931618827	0.955061199	0.935408036	9.018321043	1.709261691	92.31425124	60.02062896	0.895242795	0.900452654	56.51284865	61.53682332	59.76264707	52.61078747	28.67017823	31.7761565	133.7745308	119.8129359	103.6281269	95.64210452	29.92425009	23.63789981	1.337564628	-0.894638172	53.21459735	48.8978013	125.1274062	144.2083258	31.97091452	38.6586028	85.86077834	98.43444099
W6366	W6366	0.988781919	0.989086008	0.775413738	0.775504353	16.26802689	15.93150897	60.85659156	60.57831075	0.995295033	0.995473338	0.912824686	0.912806068	0.325990226	0.488718	64.647509	64.64403764	0.839773911	0.839431106	-0.423023479	23.3129296	57.69167603	49.63562401	36.64081378	30.97154059	129.4887438	101.7050845	98.49360771	75.97790781	30.49654291	23.82531243	0.707759842	-1.114159946	51.12318102	57.26351786	123.1590385	144.658842	39.77774439	39.85101299	132.7357782	104.2057679
W6462	W6462	-0.016918584	0.86985543	0.837074619	0.830086388	16.36058905	10.88960348	60.28176331	65.59171792	-0.016785937	0.931584411	0.95812268	0.940538411	15.34604853	4.455476956	102.1211696	63.91965761	0.969563475	0.932882368	86.07955581	76.58947958	58.69167603	51.99370723	26.14081378	32.89113446	116.9887438	107.0188696	95.49360771	88.15863619	20.99654291	16.84590677	0.207759842	-1.074521809	55.12318102	46.81089173	96.77533605	141.4650124	32.55592991	39.02603355	44.98577857	99.65165248
W64A	W64A	-0.016918415	0.86985597	0.783415768	0.789315972	16.52580117	10.42082618	66.30995645	68.18454794	-0.023275521	0.930712391	0.943231059	0.930512834	3.393702861	-4.659052155	93.5311232	60.24183126	0.855842734	0.85219389	68.97012476	73.58139143	60.77408421	55.36434675	51.45830089	51.91575237	177.8495977	159.5428148	138.5020008	129.2303384	39.35575809	30.23476296	1.529406611	-1.122197959	42.55810902	44.34354501	155.3030533	147.8503033	40.69451839	39.62504228	85.73577928	101.6235289
W64Abt2	W64Abt2	NA	NA	NA	NA	NA	NA	NA	NA	NA	NA	NA	NA	NA	NA	NA	NA	NA	NA	NA	NA	NA	NA	NA	NA	NA	NA	NA	NA	NA	NA	NA	NA	NA	NA	NA	NA	NA	NA	NA	NA
W64Asu2	W64Asu2	NA	NA	NA	NA	NA	NA	NA	NA	NA	NA	NA	NA	NA	NA	NA	NA	NA	NA	NA	NA	NA	NA	NA	NA	NA	NA	NA	NA	NA	NA	NA	NA	NA	NA	NA	NA	NA	NA	NA	NA
W6714	W6714	-0.016918203	0.869855649	0.848894534	0.854032644	13.35842142	9.134909627	63.90768983	67.66805432	-0.019709039	0.930155419	0.961830672	0.942332715	6.808359566	0.181088017	106.8148881	67.07476093	0.913424297	0.920301239	69.63641585	63.23138491	61.83211203	54.27290225	45.86844659	53.74626385	166.0555025	167.75259	132.3511046	136.617601	32.95830155	30.14099213	1.871689821	-0.527024621	52.07977431	49.94662531	113.3199993	144.9305052	41.73635723	39.43056006	54.23577867	97.34849509
W6720-1	W6720-1	-0.01691838	0.869855591	0.830535319	0.831793524	12.78831911	7.903843349	64.04421906	66.03114228	-0.01964626	0.931600858	0.946613937	0.927960838	9.425848192	2.868411908	104.4945722	73.4145636	0.941200516	0.927679949	43.83587609	52.07534129	57.20461924	52.53853894	43.76003252	28.68171434	171.5686259	125.5086591	135.2790231	94.98460092	36.32170663	28.95347256	2.495281418	-0.023687386	57.19293206	51.2797353	102.501245	142.4462271	34.0950921	39.11919262	51.23577885	100.6014713
W6720_2	W6720_2	-0.016918312	0.869855539	0.85318247	0.852837547	8.938773872	5.769157948	64.78969999	66.9700045	-0.019167379	0.930103783	0.961062885	0.944481566	10.29366516	3.536204224	109.6942496	75.89980717	0.974473619	0.945933485	36.13651177	43.5748965	58.70461924	52.80434418	43.26003252	36.80526928	143.5686259	131.162456	114.2790231	106.9867105	29.32170663	23.81390872	2.495281418	0.466721333	47.19293206	45.57828792	116.501245	144.7166602	35.5950921	39.34009425	59.36077874	97.6258477
W6728	W6728	-0.016917871	0.869855714	0.837451282	0.842345036	16.97115425	10.6879125	60.17092473	64.32171343	-0.021563372	0.928306954	0.950248622	0.930105321	11.08991082	2.208296704	89.39473242	55.90085247	0.902807161	0.877628469	76.21500098	75.72168742	57.64837188	51.86977615	47.09438017	51.72681246	146.9038408	138.1257058	113.507018	107.545421	32.95600816	29.59207338	0.611606544	-0.923194629	41.99348867	47.35170653	137.4642164	146.3302498	35.0562254	39.11387064	68.98577898	99.02745903
W6757	W6757	0.316415439	1.063529927	0.835097475	0.831517553	16.08361747	11.96301499	59.81319205	64.55585962	-0.017213324	0.921105168	0.952796028	0.937655831	9.038432525	-0.679236972	98.93690911	62.750487	0.949238396	0.883904027	62.39645327	48.67071414	56.64837188	50.90121867	43.09438017	40.13983688	152.9038408	145.6886019	119.507018	114.9386698	32.95600816	29.18204509	0.611606544	-0.886326958	57.99348867	60.33544373	121.9642164	145.5262045	37.0562254	39.41828073	60.86077964	100.9293343
W6786	W6786	-0.016918397	0.869855665	0.843229053	0.834038731	13.46921149	8.423935676	62.89056276	66.6247218	-0.020968592	0.930339183	0.945763523	0.930169405	9.160811299	1.282401935	90.17280621	52.66461728	0.933824927	0.925862397	71.8327245	76.54041077	68.76264707	55.02939561	26.17017823	30.24463981	132.7745308	135.4898472	97.12812687	101.9572595	34.92425009	31.35175708	1.837564628	-0.752197651	47.71459735	50.95321871	126.8350735	144.3323903	35.48523669	38.93528122	116.6107791	103.7055155
W7151	W7151	-0.01691798	0.846409956	0.86864267	0.821388799	9.369955614	6.283285288	51.41066266	57.16075295	-0.017582149	0.902794167	0.9607164	0.932651628	7.668269924	-3.232088311	65.72050247	38.11141485	0.972897973	0.910126087	59.53365436	57.10849702	49.07890691	44.03754371	24.39611181	19.97101709	112.6228691	101.4800917	84.28404028	77.69732569	27.9219567	22.43910722	1.077481351	-0.705231391	30.12831171	36.93349222	113.9792907	142.8568584	32.30510486	38.63723736	75.36077983	96.43162489
W822Gse	W822Gse	-0.016918485	0.869855955	0.826479909	0.815454494	14.61715747	11.89787754	49.63822461	61.49506451	-0.024722656	0.929125593	0.931368371	0.906607092	11.91408359	0.465756818	79.83689707	58.96193221	0.999973658	0.938932999	70.76493052	53.75989908	41.40730641	47.33450438	38.41921852	23.47319654	187.0394787	95.70355135	144.0412834	73.08383074	43.04830097	21.19988498	0.387505848	-1.004365265	51.90466705	43.53532768	151.2631078	142.7998342	39.9326551	38.90873804	106.4017016	97.80804165
W85	W85	-0.016918451	0.869855784	0.840980361	0.847764388	14.96277168	7.753134344	54.92371019	58.91169378	0.31271382	1.405711959	0.906470925	0.895989967	4.187039937	-4.381451138	44.49959536	11.85725482	0.970439707	0.959643298	51.31147859	53.04114818	48.20461924	43.88000806	21.26003252	23.4095317	123.5686259	106.2962347	92.27902305	83.49513284	30.82170663	22.59366163	0.995281418	-0.929406682	54.19293206	47.63612124	121.001245	143.1311426	24.5950921	38.13916416	68.23577869	96.30993978
WMT	WMT	-0.016917818	0.869855835	0.730441201	0.742258612	12.97025703	7.87135014	62.35715801	66.53406907	-0.015384971	0.930954453	0.938916918	0.919420788	2.990474123	-5.560272106	93.9100199	51.58596012	0.897557195	0.917520837	78.05452175	70.04975613	50.32431932	52.90631796	38.93261911	29.57023564	181.6254707	121.3162655	136.6926051	89.79100367	44.74087905	30.22512667	0.493053055	-1.259264498	14.52553413	9.566111216	149.3101207	141.4297203	39.9448912	38.81799392	105.0452529	97.77163915
WVG3	WVG3	1.98308162	2.869855752	0.792551314	0.80596003	19.20717026	9.12544259	60.66532068	64.12672999	1.977079198	2.928808816	0.924546351	0.914774266	10.42076263	2.966160633	83.59146969	52.56787179	0.964372979	0.946317746	67.45668292	70.65910202	55.83211203	50.1522201	31.86844659	34.78807387	116.0555025	114.2628835	89.35110463	90.60042043	25.95830155	22.89818243	0.371689821	-1.204105685	56.57977431	51.44283567	105.5427409	142.0752525	27.99955887	38.78796935	117.6107796	100.8063535
We01407	We01407	-0.016918804	0.86985553	0.852021264	0.86077615	14.27734239	7.682838675	61.59514092	66.51957502	-0.02547316	0.929375931	0.948632047	0.937402465	9.392244019	0.512241131	109.809728	69.05414045	0.905372357	0.905845238	62.73960702	49.92383144	56.07490111	52.45265159	20.29933432	17.86056222	126.467375	105.2515306	85.28368518	77.12514891	41.38097611	27.75184308	1.92677644	-0.503663305	45.23503786	43.22493144	131.8750837	144.5928595	38.21926967	39.25594403	118.7357784	103.0251784
We02404	We02404	0.002274347	0.899270367	0.827045539	0.822285426	18.75825014	19.84634006	70.39660546	70.44411475	-0.013272263	0.944342265	0.943917918	0.896908354	11.21886631	5.121268819	102.8114242	60.3395982	0.922150199	0.900928567	11.26722838	25.8734125	57.00793588	55.50389111	34.36674736	30.27065066	151.3370822	133.2827815	118.1495211	107.4862851	32.49424952	24.84202299	0.947676565	-0.347157398	40.53689537	44.30173448	139.8032556	145.7305729	39.09761256	39.5423626	69.44411226	104.0063716
We02406	We02406	2.000000469	1.496762554	0.85177299	0.851862351	9.07105738	8.868706369	72.50240475	67.23073771	1.996871084	1.81777712	0.939606271	0.939668048	11.74967764	8.424032401	80.24000782	79.95682694	0.91414743	0.913842431	3.67041688	23.63403565	62.76936118	54.05532386	30.18420324	28.75492597	169.3288692	118.9020842	131.243216	94.49699384	38.46643188	23.81403537	1.404210189	-0.963104235	51.55933609	48.65799169	145.3236318	145.2628634	39.51453182	39.51023605	99.21052032	99.11811871
We02412	We02412	1.316415427	1.592580896	0.859902768	0.85889996	13.68555752	9.17294442	56.73102054	62.29773003	-0.015213811	0.931879181	0.956074017	0.938657463	4.746312293	-3.761025097	72.8724665	46.68108553	0.957859519	0.902352691	63.4508185	63.25247494	59.20461924	50.29371393	15.76003252	23.71313669	115.0686259	109.1495582	85.27902305	86.39746316	29.32170663	22.06337979	-0.004718582	-1.325658376	77.69293206	69.73038589	112.8750837	144.0234603	31.21926967	38.92950011	67.11077986	98.47811137
We03418a	We03418a	-0.025377567	1.261526348	0.858881752	0.857221392	22.3549604	14.77203639	57.3299432	61.56088635	-0.032802128	0.938117748	0.938616099	0.926259919	5.500162018	-3.279810119	85.71989534	52.66595342	0.935737709	0.942476322	28.99759701	26.91650636	53.27408421	49.19230219	19.45830089	25.72204985	104.3495977	107.0130291	74.50200082	83.63722041	29.35575809	22.53418522	0.029406611	-1.444048153	58.05810902	53.59574353	105.8750837	143.5885534	31.21926967	39.33606679	48.98578041	97.46880738
We04401	We04401	-0.016918231	0.869855702	0.880859183	0.87935084	16.14313375	11.15854221	56.84600316	61.63865967	-0.016462783	0.931432298	0.966704355	0.944779655	11.59483466	0.144773301	110.2090972	66.56606341	0.906604335	0.894934612	75.57056881	74.33226642	52.19095676	48.25667426	21.11962573	27.9793393	124.8791848	109.6124457	89.98189281	86.3686145	34.58606303	22.34963518	0.611342861	-0.885375629	70.27836846	55.21553639	112.5427409	144.0273465	36.99955887	39.47202936	121.3607787	97.77740626
We05401	We05401	-0.016918502	0.869855711	0.827910226	0.831177525	12.62289283	7.175183502	54.56817421	59.30202442	-0.021053232	0.92971609	0.931527202	0.920099809	4.586326117	-3.528183551	88.87793118	46.73931716	0.933569795	0.914980176	67.47316402	68.41990891	42.06572394	45.94484689	27.0110205	22.8318714	158.5727195	110.3596029	120.4571773	85.5634128	37.3830661	24.16461788	0.447254433	-0.987894779	55.77645331	49.85539184	150.0737125	142.9787231	39.84596489	38.824312	107.2496951	100.3269678
We05408	We05408	0.983081691	1.411899489	0.838934758	0.850664975	14.62111054	10.76860232	55.86198725	61.4448963	-0.021695389	0.930465106	0.948000328	0.92758651	14.75486535	4.832304209	96.00485279	50.79629858	0.860148884	0.860064619	68.78620915	71.17254357	44.56174813	47.86725205	35.94375697	23.33355063	161.1693299	95.90113263	127.5503172	76.05970093	33.11223156	18.43154309	1.76793253	-0.022754415	60.27704781	54.97513972	152.0413464	144.1005619	40.43791325	39.13685292	104.7805916	97.27474394
We05411	We05411	1.983081318	2.717203515	0.840199851	0.846821396	16.48347472	8.66662448	55.83743978	59.1178564	1.980352699	2.789832776	0.945687344	0.933183127	7.603290856	-0.550169525	104.5416088	68.81391619	0.958347648	0.929554312	66.5785534	70.50319083	44.43989057	46.4553525	39.76709923	32.92906801	178.4405236	126.8806223	150.611966	107.5433192	36.4954886	23.83230371	0.42571729	-1.232062558	60.94231037	57.03352875	151.6673167	144.0623371	40.22895523	39.05821312	105.8820952	98.59278222
We06409a	We06409a	-0.016918227	0.869855694	0.826468291	0.818714727	14.97123812	11.37866644	58.61513198	64.06598854	-0.022906342	0.918722385	0.944019988	0.919954039	10.2407305	-0.463055877	95.84201505	51.174448	0.913113732	0.921905261	27.09235626	22.54210391	58.00793588	52.62501528	18.36674736	21.10726779	114.3370822	99.36214842	86.64952112	78.56340342	27.99424952	20.18611875	0.447676565	-0.997080629	39.53689537	37.59603565	133.8032556	144.5535563	40.09761256	39.25953281	86.23577901	98.92230068
We06410	We06410	-0.016917871	0.869855967	0.836393188	0.841555491	19.67877298	13.55343834	58.18842702	62.82080362	-0.01953241	0.930614968	0.945109023	0.918480926	3.54450099	-2.941120476	88.30004024	52.00270567	0.850240324	0.865434807	58.00859614	55.70506469	47.52242334	49.86232754	30.79451593	24.00254957	154.4926013	103.1812632	114.2440139	78.24236876	39.89663031	24.50543443	0.468700509	-1.252456177	36.6926967	32.19735453	148.1009089	142.1412408	40.09165521	38.99909239	102.599337	96.35579886
We17401	We17401	0.316414762	1.508493299	0.849285306	0.844112089	13.22130022	9.985484679	66.06238549	70.50372185	1.312071833	2.122970303	0.944180186	0.914425629	7.048086351	-2.061845072	69.06769841	56.16191253	0.942392124	0.937439083	52.02090955	55.27556299	53.64384115	56.7068423	42.68018781	31.23174167	188.6262569	123.47507	146.8899072	98.05744711	41.44171153	24.75298038	0.421088095	-1.20773992	63.27641182	60.19590227	152.8618504	145.1601274	39.86698925	38.86351154	107.7533919	99.9674141
We17410	We17410	0.649748152	1.383870178	0.851815116	0.856034138	16.19032843	8.808122904	53.85340259	57.75185148	-0.01974073	1.071997468	0.948388999	0.936387847	9.1513693	-0.33490741	89.79491584	60.55319027	0.966651301	0.935206432	50.20192044	51.13533594	43.27370298	45.54592265	46.43197141	36.74852171	202.8296863	141.6731529	158.5305518	111.5994316	44.02684221	28.92218608	1.274490512	-0.545059841	51.85925605	47.27406874	154.1221961	146.0992137	40.47331604	39.32991799	106.8754207	98.67699229
We17418	We17418	1.983081551	2.411899672	0.848612536	0.849567307	11.72084357	7.774831553	53.55151452	58.61560943	1.978420604	2.789581269	0.949775915	0.935497022	9.059098607	1.065804313	99.77382852	73.6093323	0.957161443	0.939544967	53.26935789	57.05930408	42.69005167	45.7720975	31.5135573	22.99681521	149.3282108	92.94500402	115.3376999	72.36448285	33.61224484	19.70239286	0.635531458	-1.089957553	47.44327511	41.77089623	151.1035342	143.6275836	40.30681567	39.37491	105.6284921	98.3087981
We17421	We17421	-0.016918993	0.869855532	0.83505216	0.832697431	11.73731464	7.962537777	55.80584884	60.84639978	-0.021175926	0.93015428	0.954466718	0.925316283	9.742462043	-0.091692789	73.15617476	43.53131404	0.996028366	0.971745886	62.28967753	50.65484094	42.59009338	46.1386916	33.35115452	22.53245233	186.0018549	122.4391878	141.0481426	93.05092431	44.78682727	28.60574049	0.403623939	-0.953387071	71.77512757	68.94110691	153.756582	145.419472	40.103845	39.03407837	103.9463084	97.00007311
We17442	We17442	-0.016918123	0.850298298	0.853060074	0.840672932	15.89677841	11.86250784	48.41981612	55.22871046	-0.020150058	0.92116121	0.929443571	0.911978044	9.264099488	-0.953394894	72.43768587	40.89241603	0.963041134	0.934268369	61.83905056	42.86427019	38.06604654	42.61842163	25.38297754	16.69560401	150.3237383	99.73527406	121.6115451	83.2262048	28.10984795	15.67121822	0.479845028	-0.582658822	54.44197101	48.36362943	150.0813289	143.4106164	39.81570179	38.81007978	102.768481	95.77108075
West_Brookfield_white_sweet	West_Brookfield_white_sweet	-0.016917989	0.869855775	0.851799123	0.857608359	11.60320722	4.946761508	50.40189007	55.6582638	-0.023192597	0.928954046	0.942041556	0.927497124	10.44635925	-0.332296923	73.55895602	37.62135481	0.990734389	0.923171898	73.01423218	77.34497757	49.64837188	42.61577609	30.09438017	34.69986057	136.9038408	130.2674781	102.007018	101.4559745	34.45600816	27.48978426	2.111606544	-0.338554942	58.49348867	53.01424467	117.8311751	144.0441932	27.6392952	38.64539859	86.98577983	99.54696587
Wh00033	Wh00033	-0.016917761	0.869855979	0.82640685	0.815043817	10.08401724	6.101316747	59.04825539	64.26857988	-0.018670558	0.929910245	0.956323482	0.932592149	9.579378901	2.918206245	96.06105337	50.2140268	0.951336355	0.9281819	40.7409476	37.4175256	51.70461924	49.85437349	32.26003252	29.15247155	145.0686259	110.1537778	114.2790231	82.84209163	30.32170663	25.148834	1.495281418	-0.366716832	44.19293206	37.79806896	140.8750837	145.2483779	40.21926967	39.31295375	42.23578014	101.827315
Wh00050	Wh00050	4.63E-07	0.930929187	0.828929919	0.825886815	8.533494759	12.45914763	77.50240475	76.09068913	-0.003128916	0.963972219	0.957394604	0.912847426	5.74967764	-1.424309986	57.27181459	42.74174874	0.945363727	0.94594121	1.604931414	12.72323853	63.20461924	61.23537036	30.26003252	25.90481128	156.5686259	131.2151845	118.7790231	99.0510083	37.82170663	31.4869967	0.495281418	-0.985757264	37.69293206	29.07676371	126.1274062	143.8405441	32.97091452	38.39536314	66.48577983	104.9482729
Wh00051	Wh00051	0.987672596	0.989207827	0.853806116	0.853817252	15.14277944	15.15420711	67.33174592	67.34306228	0.992191106	0.992301303	0.919055024	0.918992244	-7.749414958	-7.672809172	39.81304767	39.81594406	0.88049257	0.880388457	-0.785731974	8.923412863	60.27408421	53.89036207	24.45830089	21.41930908	116.3495977	95.25818421	90.00200082	73.85927851	25.85575809	19.9641873	1.029406611	-0.969562605	48.55810902	52.36850156	124.9861707	141.9998009	35.34621263	38.80550066	76.98577964	100.2703441
Wh01001	Wh01001	-0.016918437	0.850298543	0.838031857	0.84370521	14.25096612	8.724449133	57.8402043	64.06639757	-0.024073121	0.919181055	0.940441155	0.922640026	8.482950295	-0.848666237	81.00037391	47.03356817	0.843344014	0.871417865	37.08860941	29.87164439	59.19167603	50.4084141	45.14081378	47.4361088	158.9887438	149.1657426	128.4936077	113.1393137	30.49654291	32.2134215	0.707759842	-1.035701643	54.12318102	50.01013423	153.6590385	145.3927448	37.27774439	39.16525952	46.11077898	97.41609375
Wh09087	Wh09087	-0.016917916	0.869855758	0.823124114	0.829081978	16.16380837	10.89537259	62.3643162	66.76099119	-0.023313326	0.929180312	0.947202186	0.929748299	2.088531239	-6.382014664	84.4154841	51.35532096	0.848868812	0.848016351	54.04132177	53.59584133	51.26578192	54.42248641	40.60289382	29.31963911	196.7499746	130.7073987	154.2512517	105.3311439	42.0341518	24.87533783	0.822574174	-0.913776698	43.02589616	37.59713009	152.6825638	144.5507291	40.61027766	39.4404709	106.1306127	99.55350113
Wh10804R	Wh10804R	2.322115141	2.322419325	0.855576314	0.855665039	10.82492054	10.75905296	74.36505864	73.94983623	2.99529464	2.995472771	0.92922692	0.929318516	-2.278852994	-2.030058777	46.9632964	47.00918252	0.811558786	0.811342165	39.18790462	53.55113913	54.81123837	54.43468749	39.18689724	39.47626869	126.2125171	126.6971593	95.7098622	97.02601155	29.17961073	28.90199786	-1.052491752	-1.113112621	39.15484192	39.21185167	143.9591245	143.9691819	38.90289602	38.94751028	98.33883163	98.2206229
Wh14022A	Wh14022A	-0.016918934	1.480463741	0.769856912	0.797305805	12.78457513	8.096730198	58.52306077	62.09183488	1.310456215	2.262334622	0.950066497	0.934475531	0.270200505	-7.222653065	84.35744177	41.05723218	0.976394804	0.922360675	31.33736542	21.87881539	64.33433738	50.79512112	26.58254379	18.71013101	145.324711	91.69192042	104.2487593	67.75767654	41.50935032	24.5241795	1.639938612	-0.096550527	51.77620977	44.43377082	149.5465999	143.3752401	40.22067561	39.06118897	110.7215591	96.74887435
Wh14100V	Wh14100V	0.991000076	0.988842342	0.906520979	0.869460499	8.108244933	3.279977271	74.50434116	74.56673805	0.994591688	0.994858592	0.962893246	0.940252771	6.98834238	-4.263199957	31.36875092	26.48829048	0.961945351	0.962282064	0.377339793	5.922841385	64.33211203	60.20017702	26.86844659	19.45418732	128.0555025	91.9498142	96.85110463	68.27866462	30.95830155	22.47082716	3.371689821	0.422222668	42.57977431	41.66901825	89.54274085	138.4114219	35.99955887	37.84408108	83.61077961	99.98159835
Wh14201N	Wh14201N	-0.055303993	0.898520793	0.797279246	0.806838462	15.05105586	6.309614559	63.27499645	68.24674018	-0.037564721	0.947203952	0.930845842	0.925444511	4.138347399	-3.240672162	75.14405512	52.74774612	0.975474491	0.953667351	2.706384284	3.813716674	64.26264707	57.56953359	79.17017823	43.91871814	200.7745308	137.2763563	167.1281269	108.3558849	33.42425009	25.97036607	0.337564628	-1.351514746	40.21459735	47.68996024	125.3350735	143.5755445	45.48523669	39.35916785	52.11077877	98.49835517
Wh16003	Wh16003	-0.016918662	0.869855549	0.848964766	0.859070937	16.43135655	9.916764985	61.72251426	64.26999419	-0.017922439	0.931401876	0.947796459	0.934831703	1.40042332	-6.243325352	87.7249666	52.24384121	0.880480864	0.867684609	25.63954235	30.7130622	50.96512433	51.39652863	31.13539628	22.90230186	149.7554141	94.10604679	117.335372	77.11856009	32.54598868	17.08152094	1.492425519	0.02158974	47.19200102	43.42504779	151.2111684	143.5888524	40.08267776	39.07953387	104.3434076	97.54371904
Wh16008	Wh16008	0.004548194	0.917442789	0.780441541	0.795838358	16.57182994	9.391549346	70.16519188	66.96606277	-0.030003516	0.950644853	0.930994948	0.924230666	-1.106839223	-7.152853742	111.3193922	66.35026448	0.855764397	0.913391587	3.417266371	9.504916873	58.65783302	54.06835783	31.28015526	25.44237537	136.9416182	83.23658901	109.8922505	69.03663654	26.5353924	13.29293622	0.881693984	-0.614060705	87.2545344	66.05895567	150.2622035	142.8501693	40.33345858	39.28613706	104.822322	97.91513319
Wh16012	Wh16012	-2.64E-07	0.877550697	0.816283943	0.816418979	11.31070822	11.17566465	79.26541449	77.07055803	0.004669289	0.944877699	0.913884262	0.91378772	7.760508381	-2.371780625	63.52173623	63.13579712	0.805298837	0.804975695	1.912636953	4.87719665	65.53746845	63.22517903	39.15100707	29.82195001	212.5972458	135.0885158	168.3679095	103.5267098	43.6525569	29.14530575	1.392218951	-0.752944937	48.55922938	43.48044287	143.2792845	143.3256028	38.8053995	38.82410705	100.7056877	100.6929309
Wh16015B	Wh16015B	-0.027651419	0.888046356	0.861411515	0.847977402	12.19881433	9.519283612	64.02173506	65.01396056	-0.017832518	0.942188985	0.964314969	0.937856535	6.379554396	-6.032330369	104.2107227	75.57855451	0.989678222	0.919331055	4.650169123	8.827978782	54.71376145	53.24395854	30.52471276	20.99269561	175.0394863	100.3426064	136.2566448	79.45448833	38.85284224	20.10625777	1.444434964	-0.350564927	63.16336843	52.05490543	145.8529117	140.8503359	40.2339049	39.59184303	104.313228	100.4780984
Wh16042	Wh16042	-0.016918532	0.819854766	0.801259032	0.797872176	9.822442249	4.568759632	65.29048698	68.62440691	-0.024450884	0.904243354	0.915310271	0.893659356	3.098089311	-4.791327769	76.82190174	38.2331591	0.943151583	0.893380499	15.10062231	9.668105166	53.88101444	54.88974151	27.11311655	18.04864243	133.5275206	73.59986553	102.8417804	57.96861004	30.12339219	14.79574953	1.214652356	-0.557321023	51.58111027	45.26987837	153.9233533	145.872868	39.86575148	38.78246304	108.4922692	101.3812307
Wh16044	Wh16044	-0.055304306	1.156645296	0.832107621	0.836303449	13.88133556	9.279876014	69.79106912	69.38872914	-0.04229658	1.871979085	0.919948222	0.871564002	-1.010996102	-0.237490995	53.11490724	18.25991184	0.945481758	0.920834692	3.968267321	20.13260989	57.53306887	55.98032875	22.34583033	41.96364999	136.322759	156.5233893	97.74171901	129.0442464	37.46176837	29.39199739	0.428030224	-0.144255314	42.26678041	46.0076433	145.6179184	146.0911132	38.80004581	38.19620862	103.196311	98.76632625
Wh17027A	Wh17027A	0.974622876	1.408052541	0.836314414	0.840800006	13.47833533	7.540459198	67.40420069	73.75742207	0.969334239	1.501829394	0.953059458	0.935612945	12.14241548	-0.68313655	109.6650239	70.31206609	0.837328638	0.862975423	5.252364888	3.930802971	55.06554293	58.2482767	25.28420458	14.56403157	182.4352186	115.0544248	136.6342748	83.63275372	37.00713686	23.71721684	2.378814217	0.406795612	31.76010888	27.15422867	152.4881331	143.862474	40.2896435	39.14347112	108.9381333	101.0980365
Wh17031R	Wh17031R	-0.01691856	0.869855562	0.797645456	0.81087383	14.38620106	6.841292433	62.7923409	66.97977151	-0.024935511	0.929141398	0.934031294	0.918275818	8.640673757	0.976081674	87.2795858	46.67018423	0.883999065	0.882752729	13.37843625	20.92398601	53.28024982	55.1867321	31.29020658	23.56591047	169.0655833	114.4494258	131.702628	93.97346022	36.7792758	20.51329131	0.521757867	-1.095462727	45.47153703	39.06950741	151.8608626	144.0982874	40.02488721	38.83586942	103.9520746	97.37654847
Wh17048V	Wh17048V	-0.025377371	0.888894036	0.802700801	0.75348775	9.296975956	8.402821613	72.87623249	71.5969569	-0.029712351	0.937366431	0.92126761	0.891035957	0.770865594	-5.063831841	12.17575578	10.76856936	0.950832351	0.910072389	7.431708157	9.929563204	65.01687898	59.82375562	23.7107223	16.95914533	136.4185132	70.65129565	140.6342748	61.96275061	44.00713686	21.49921563	1.873088062	-0.125978959	65.76030785	50.56253785	142.7723886	137.7192683	38.129244	37.87709908	103.1941148	97.55965583
Wh17070V	Wh17070V	-0.055303316	0.917617502	0.825728706	0.842873876	13.02633391	7.38299925	58.89505972	64.30402202	-0.019262245	0.958805334	0.916488153	0.920321155	4.801935082	-3.363476975	51.91777001	53.66615904	0.953643392	0.849566844	7.223805457	11.98167545	47.824207	50.59059336	34.72827742	25.8001858	196.1919806	136.0380694	153.1444566	104.4925166	42.68780648	29.80177286	0.898549532	-0.936622387	52.66287524	45.43594683	148.2676366	142.1916343	39.14696675	38.88937142	111.7953134	102.8501112
Wh9261	Wh9261	-0.016918479	0.869855645	0.839518194	0.845958342	11.63863625	5.378890204	56.47164746	59.13541204	-0.027023033	0.927535049	0.945059664	0.927428778	2.011775606	-5.867383769	87.78799439	41.62655172	0.944996408	0.933928338	10.31480311	15.92435912	50.47326731	46.67627992	13.61726745	19.97969966	111.2318203	94.19851973	74.72031646	76.28232292	36.33054007	26.98205704	2.132036782	0.05441969	37.88118017	36.72733023	133.0972577	144.4686378	31.4731556	38.73918611	35.11077948	97.08619558
Wh93006	Wh93006	0.995500796	0.994421481	0.858617425	0.858867387	4.709047366	4.431389337	66.00849649	65.5586463	0.999102178	0.999258603	0.946132937	0.945965836	-5.39925044	-5.59946833	65.05361051	64.54357227	0.912537695	0.912015917	-1.492546868	-0.263181033	53.30067539	53.02493645	31.59091388	30.87416162	130.5846829	128.5002014	97.28128178	96.00616248	32.32904252	32.29432795	-0.388189043	-0.403179319	43.62538541	43.75664099	144.6233549	144.6155911	39.39604517	39.39084681	103.2088431	103.1073207
Wh93016	Wh93016	-0.05530323	0.91761752	0.827544034	0.84419793	11.46038383	8.049664372	57.57949328	70.94385048	-0.029990657	0.956028533	0.945696555	0.930146496	8.602879062	-3.040172167	143.1364478	68.97622836	0.935158302	0.871420397	-0.363902658	9.733494029	63.47326731	58.50763243	41.61726745	37.94803324	162.2318203	133.1577656	132.7203165	106.062026	29.33054007	25.1246546	1.111606544	-0.084850508	32.99348867	38.60861095	108.0972577	140.937313	36.4731556	38.94002205	33.99999869	97.22657196
Wh93017	Wh93017	0.002274624	0.899270211	0.858954244	0.861822057	14.07510372	9.340837197	62.20496284	65.25381769	-0.009422646	0.946019498	0.959956449	0.936505594	3.802954713	-4.742526899	103.9312466	62.93385882	0.898506457	0.91837616	24.18885713	19.00837465	49.53866354	52.19817353	27.49171961	18.6381418	157.8793391	96.85511015	118.420625	71.52274377	39.14557277	23.9859199	0.938108436	-0.377941015	38.53035522	36.46673504	150.3536284	143.3035096	40.30918232	39.18079582	104.5669607	96.69475894
Wh94053	Wh94053	-0.016917707	0.86985589	0.800355282	0.818546701	17.70664156	10.47141751	57.67101568	62.06465424	-0.014349352	0.931401242	0.943099505	0.930605136	4.467986117	-4.352118123	96.14471186	60.82664862	0.935379937	0.940838456	60.08416182	55.59035739	46.28604756	49.18421951	30.98642216	21.46179833	166.2433591	104.3632823	127.6546793	79.72235762	38.71993511	23.55238214	1.263746684	-0.499373209	39.8591965	34.34947469	150.1791252	142.7620608	40.15017306	39.03242096	103.5742498	96.13687219
Wh95016a	Wh95016a	-0.016918213	0.869855744	0.828626	0.832967911	12.32397234	9.750957607	62.96172165	64.86307983	-0.024159619	0.929202529	0.940760134	0.917737084	1.938948011	-5.77682394	102.1309484	60.20960285	0.885131015	0.879470983	20.47582056	22.68014166	55.50793588	51.50456988	14.86674736	23.08951161	99.33708217	87.89480077	70.14952112	62.97404854	28.99424952	23.35644536	0.447676565	-0.819720363	32.03689537	34.32253298	117.3032556	144.0775287	32.09761256	39.11505757	32.23577873	97.47051907
Wh96011	Wh96011	0.975344483	0.978414791	0.876749829	0.876886666	13.2849498	13.07434898	73.89838956	73.41503291	0.994592019	0.994858676	0.929573249	0.929324533	-9.596460685	-9.344887328	35.12577498	35.04089063	0.895954852	0.895469524	-1.26660712	8.416701596	59.33433738	54.36221947	20.22073073	17.02966243	113.6698768	68.61485906	84.27436093	52.62941116	28.26243715	15.96906049	0.063786395	-1.113039037	35.15082625	31.7520555	93.12740623	138.0285339	31.97091452	38.43576599	96.16826649	96.07404644
Wh96015	Wh96015	-0.016918342	1.175159794	0.832868825	0.832744989	17.96011011	13.84474849	59.22822214	67.80409587	-0.015591242	0.931813283	0.951454224	0.92201503	8.702666432	1.820772148	116.6495831	69.43233422	0.868691446	0.877979129	19.10949193	23.24103988	47.51675984	53.79686353	46.50379844	39.56648218	184.3402656	134.3713146	141.9075945	106.9202721	42.17977518	27.42369129	2.142804603	-0.26416222	43.66436873	40.14905457	152.7728118	144.9886615	40.65783398	39.46507157	107.2381631	99.85895582
Wh96034	Wh96034	-0.016918698	0.869855598	0.851315785	0.842277442	13.78765975	8.418566711	54.77742875	60.2890597	-0.022322632	0.929170567	0.944393985	0.924524414	3.82568537	-5.250330802	73.00142047	46.92076199	0.94910696	0.8786798	42.53326541	42.79469969	45.11563253	48.5638596	38.7477406	26.15172244	181.9683546	120.6623774	135.9460804	89.68878203	45.49192853	29.6014434	1.443510994	0.082682377	52.52602604	47.4163495	151.0924589	142.8832707	39.76946981	38.57436426	66.23577923	96.04449132
Wh98044	Wh98044	-0.016918161	0.869855802	0.815765461	0.823866246	14.92285085	7.404608769	59.4475206	63.44048107	-0.016285985	0.930425978	0.939955863	0.922342641	4.199705302	-3.414587873	112.9001007	65.27004134	0.908992647	0.914221847	40.22425912	30.23934915	56.76264707	51.22431175	21.67017823	23.84980253	134.7745308	122.8237268	94.12812687	89.31231057	39.42425009	33.28184495	1.337564628	-0.524397515	37.71459735	36.02300409	120.8350735	144.7711075	37.98523669	39.39131428	106.7218984	101.1731429
Wh98063	Wh98063	-0.016918343	0.869855803	0.81366191	0.821402514	12.07108002	7.700059535	50.70010795	56.07746307	-0.026003176	0.928350921	0.935231398	0.919597375	6.834744829	-2.111929356	77.65486506	33.94179852	0.945506924	0.904346551	55.75648324	64.76345621	61.47326731	45.67014597	16.61726745	25.41673046	97.2318203	109.0592992	72.72031646	87.15848495	24.33054007	20.7064488	2.132036782	-0.624029916	47.88118017	42.49770592	152.7264309	145.8542584	40.04192022	39.08053053	76.86077956	99.55908888
Whipples_White	Whipples_White	0.649748327	1.689174281	0.846425589	0.839340307	15.96198917	11.91157223	53.48118794	58.56124006	-0.021684124	0.929399067	0.939221961	0.92014823	6.546978203	-2.826996548	92.44048424	56.77888211	0.970624504	0.959979291	35.67924428	47.41044559	60.13364821	47.92069511	12.23066807	22.35327049	95.28283898	96.53956178	64.64450389	71.26594093	30.89399945	24.5193599	5.365476631	0.691573507	43.60151572	34.34707452	90.77533605	138.7584004	33.55592991	39.05953236	104.7593044	98.04565447
Whipples_Yellow	Whipples_Yellow	1.983081808	2.869855776	0.793684239	0.802228006	23.50305295	14.02706228	55.6764696	61.52975745	1.310645409	1.839508222	0.941423997	0.920191572	11.41241395	2.447677922	99.51709452	60.57857489	0.911722584	0.915391792	51.76699958	48.80672732	53.19095676	46.00802933	41.11962573	33.54616539	174.8791848	146.1785605	135.9818928	112.9020063	38.58606303	31.17067522	1.611342861	0.261431556	41.27836846	47.29497078	125.5427409	145.5491022	45.99955887	39.50087029	130.9857788	101.7399761
Wu00801	Wu00801	-0.027651913	0.888046539	0.842483541	0.845447586	19.20869807	15.72027925	63.04870823	68.83452742	-0.022729551	0.941696713	0.905343363	0.903305665	8.862665384	0.28698382	85.98249693	60.56307055	0.934580647	0.91844383	41.4490592	48.70163286	66.07890691	54.51224873	26.39611181	33.13839583	153.6228691	142.5050794	117.2840403	110.9748668	36.4219567	30.60445956	3.077481351	-0.143448683	54.62831171	58.61560955	121.8311751	142.8481756	35.6392952	39.31567169	103.2357789	100.1654748
Wu00802	Wu00802	-0.01691821	0.869855618	0.78435839	0.826211011	13.97082257	6.663924787	70.66577089	70.93553135	-0.018081183	0.931709425	0.920232033	0.921942304	5.012576126	-1.626780761	84.20024176	54.85736794	0.853078507	0.884980397	39.35347148	50.67154392	58.07007749	56.75404608	30.77086227	22.89437348	171.3490663	118.1469502	127.0153064	87.69800523	43.59075987	29.85560752	1.122530578	-0.648223211	46.10882409	41.43838301	150.1801554	143.0515766	39.95973914	39.12187882	107.2941476	100.4575651
Wu99811	Wu99811	0.649748476	1.231218404	0.835107226	0.852934045	16.61418143	10.20628692	62.25809982	66.73622197	0.646536452	1.314330968	0.943814896	0.929562456	8.857189786	-1.25661695	89.15091704	45.55556894	0.899034699	0.887771286	36.04801638	39.44916952	60.26264707	54.92427626	47.17017823	44.75458453	194.7745308	175.103274	156.1281269	137.404633	37.92425009	35.86271381	2.837564628	0.518594676	38.21459735	40.69459462	139.3350735	147.6076562	27.98523669	39.25384928	91.11077851	101.9555823
Wu99823	Wu99823	0.002273905	0.899269849	0.828567297	0.824298526	15.45320409	18.22347204	65.94114014	65.65572132	-0.009322966	0.945421024	0.935344418	0.911664505	2.398113221	-5.086293171	93.4648705	68.38272655	0.909415764	0.888656748	8.992102862	22.95713289	65.33433738	54.03061038	19.17017823	23.7896446	122.2745308	110.2673211	89.12812687	81.50448821	32.92425009	28.07997729	0.611342861	0.436537482	59.21459735	55.47573021	115.1274062	144.0485367	38.97091452	39.26379426	68.86077923	101.2185673
Wuh07183i	Wuh07183i	-0.016918279	0.869855858	0.844641266	0.836418665	15.31314615	7.256641309	50.37635538	55.78775245	-0.021556799	0.930414878	0.935221013	0.918684395	8.225272161	-1.840777089	73.45384161	42.9576782	0.949324544	0.921207685	77.03324768	68.16857126	39.90183256	43.10978992	34.08972974	24.3150195	189.6864164	136.2848151	148.8875631	107.8583578	40.22550451	27.42326472	0.952260178	-0.699258133	65.77485413	55.99341331	149.7795466	143.1720679	39.75718282	38.73219479	105.0744033	97.81251999
Wuh09188i	Wuh09188i	-0.016918358	0.850298543	0.843157141	0.83660067	17.67413312	10.61706497	57.32269356	61.01707909	-0.021200655	0.921114299	0.953295275	0.933808533	7.671609598	-0.629384639	98.42004849	66.87526928	0.972299163	0.949975792	26.04196024	20.45886115	46.20747554	48.28986218	33.71738355	22.70801718	153.9699297	91.25974618	116.2560603	69.16630405	37.39392044	21.37908275	1.489185234	-0.105269364	57.02551279	50.08475172	152.4961425	144.589046	40.40467223	39.23865259	104.0899045	97.38969431
Z07_001	Z07_001	1.316414966	1.592580859	0.82043022	0.834644193	18.88146394	12.50736141	68.57107415	74.33189256	-0.017479352	1.249368474	0.925958273	0.904650613	10.25427256	2.798597276	58.76879987	24.24420925	0.940929196	0.937695269	65.94241083	65.5546562	68.70461924	59.90562615	73.26003252	71.45553123	241.0686259	214.3362936	188.7790231	167.6475895	51.82170663	45.94024811	1.995281418	1.536030405	38.19293206	39.01403627	155.001245	145.7452359	33.5950921	38.08840399	108.944112	104.4506358
Z07_002	Z07_002	0.988781584	0.989085986	0.816000701	0.84957545	18.20939131	7.25215047	79.93550308	79.85347504	0.995295033	0.995473421	0.794895056	0.864776377	6.602879062	-0.889564337	44.02340932	16.70507975	0.993780392	0.933459566	11.06176339	31.84382682	55.57890691	54.13274011	90.96374367	82.91160264	258.7857617	198.9741929	195.3557173	155.4021426	63.08567806	43.70176178	1.091176307	0.178635073	27.51767739	26.9842154	155.0601274	145.7863668	38.81206896	38.08008791	110.7092643	103.4984794
Z07_003	Z07_003	1.316415542	1.897885124	0.835962068	0.836898353	18.43593858	11.07301727	71.48677754	74.86184718	1.984905579	2.2260806	0.945589876	0.925243693	14.01615795	4.317400192	63.36342557	22.86478544	0.895951377	0.900424498	71.33297537	60.31523656	56.6713044	62.60835052	81.65013204	72.63529099	239.7996863	178.2956748	186.7994922	141.3689017	53.06712326	36.36820084	3.031059291	1.468877382	30.27607288	24.2835048	156.7187659	148.5402003	40.02847756	38.72800403	111.4472383	103.8603508
ZapaloteChico	ZapaloteChico	0.002274314	0.881147583	0.801149958	0.800515737	23.31377309	13.20969662	68.29297679	69.84705066	-0.016254977	0.944180547	0.945908256	0.931035924	6.309855642	1.025689549	117.0264337	74.32597505	0.890961225	0.902488545	13.06296933	16.97948612	60.63364821	56.50821238	48.23066807	44.73286068	153.282839	124.9355062	119.1445039	96.38207028	33.89399945	28.0715058	0.365476631	-1.04071235	46.10151572	45.54685878	105.8252099	141.5565793	40.88759979	39.37987941	106.3134242	98.49914158
Zarya123	Zarya123	1.983081469	2.717203514	0.84137957	0.830495036	17.6754706	9.970315189	48.26365647	54.41584864	1.974799225	2.363075957	0.933990649	0.914176926	8.68208562	-1.716044052	71.5398007	41.1373301	0.934836696	0.910522063	81.8409742	68.33106904	49.47326731	41.57399622	41.61726745	32.47777964	148.2318203	121.2464351	113.7203165	94.11913208	33.33054007	25.99639538	1.132036782	-0.67935723	50.88118017	42.70339164	124.0972577	145.6609407	34.4731556	39.13523626	105.2719843	98.60388482
we04806	we04806	0.649748596	1.231218365	0.844626954	0.828858565	18.71172987	13.82483536	56.51940922	60.98699132	0.312247111	1.121666249	0.947331305	0.918301111	7.249885914	-1.429974329	91.43157666	60.86689363	0.901927588	0.896445055	79.38403588	73.24478151	51.50793588	46.05965556	18.36674736	27.37375013	121.3370822	120.580348	88.64952112	92.87073721	32.49424952	26.63232838	0.447676565	-0.993547727	53.03689537	51.59458246	140.3032556	145.4553137	37.59761256	39.25953402	111.3607797	99.32412651
we04819	we04819	-0.016918498	0.850298001	0.835413215	0.838565067	21.91829037	15.2984719	63.9200106	67.33177822	-0.015623963	0.922650939	0.943079502	0.928636791	3.568241261	-1.558174375	94.13366125	69.8034715	0.858643902	0.870214027	31.43977373	37.46754931	56.83211203	52.1267944	26.86844659	24.52940343	115.5555025	97.18650245	90.85110463	77.16320816	23.95830155	19.55329159	0.871689821	-0.887607077	37.07977431	40.81302977	97.81999929	142.6914891	36.73635723	39.2102952	53.23577857	97.71481228
we05407	we05407	1.316415183	2.050536904	0.792116899	0.818721084	15.68176567	10.18558535	46.14550787	52.83953418	1.314786317	2.405150275	0.93890228	0.920982106	7.337232525	-2.553420787	109.3822283	66.46457725	0.969501621	0.898876647	77.36807687	71.07640515	52.07890691	41.9513633	9.396111811	20.23189727	76.6228691	89.44659253	56.78404028	70.65246432	19.9219567	17.82713782	0.577481351	-1.154190288	45.12831171	45.69362331	151.8398551	142.5063755	40.45985728	39.16881336	53.24999932	97.54539239
we05410	we05410	1.983081584	2.411899413	0.850546474	0.844867794	13.30472753	9.315320758	50.22130552	55.55951019	1.976972794	2.788258863	0.934175071	0.915345762	8.240301154	-1.758031026	74.63476433	39.01510895	0.989539937	0.920010952	60.66768939	52.85434458	48.69167603	42.55251903	18.14081378	27.00028731	126.9887438	134.9074546	90.99360771	106.1417511	35.99654291	28.02156393	0.707759842	-1.120049424	81.12318102	68.33307846	130.7753361	144.6314238	35.55592991	38.94657069	56.11078002	98.13018849
we07403a	we07403a	-0.016918394	1.022507758	0.866317415	0.858736127	9.605606646	5.424178408	52.29445371	58.46201484	-0.021537251	0.929941889	0.953150717	0.938295396	1.778224393	-6.507474438	82.09369028	57.140079	0.948475824	0.904700075	79.51672278	73.15429051	52.83211203	46.3500395	14.36844659	18.3316371	107.5555025	98.90308488	78.85110463	72.11659604	28.45830155	26.1281674	0.871689821	-0.93573793	41.07977431	29.36271229	117.3199993	144.0838924	34.23635723	39.13370938	106.9857794	101.9598997
we08405	we08405	1.983081563	2.717203485	0.825474812	0.826487089	12.84995258	9.776800787	52.57373108	57.97379966	1.979903126	2.789658058	0.905411532	0.896979165	11.64947631	0.90905709	68.90613591	40.09271711	0.999537404	0.934702372	67.85987455	57.2485845	52.00793588	46.31177469	24.36674736	30.0780316	125.8370822	125.8982389	101.6495211	104.3723198	24.49424952	19.50417301	0.447676565	-0.629276208	41.03689537	41.57036627	138.3032556	145.0773842	30.09761256	38.86173365	91.86077834	98.48460397
we08408	we08408	-0.016918497	0.869855748	0.847936498	0.845855938	11.36903537	9.128216213	56.91842651	61.13510846	-0.026308137	0.928727946	0.954654288	0.936034972	6.997058013	-1.503518457	104.2960079	63.49742864	0.894670499	0.870200395	57.55577358	61.36693191	52.82347645	46.92219372	30.57149289	28.63409369	126.5758614	115.3857261	87.29371963	89.19277261	38.58147624	25.57460455	0.091176307	-0.933231697	34.10579716	41.52704588	85.83117507	143.4418308	32.6392952	39.09389495	116.8191128	98.95027809
we08414a	we08414a	-0.016918202	0.869855625	0.849009192	0.830777758	19.67272251	13.52028804	55.84259498	60.81113434	-0.018130702	0.931227902	0.950291571	0.917935484	11.56506955	4.312361632	98.1753088	54.49154759	0.894725523	0.903752022	58.53095304	47.70771321	44.84420584	47.76187073	33.79826085	23.49895901	172.0888347	112.2040772	130.1619421	83.7552511	41.48699251	27.20093286	0.613826021	-0.826183787	58.27490634	51.09991735	152.9755569	144.7901229	40.36771228	39.1242567	106.0962198	99.67500428
we08417a	we08417a	-0.016918722	0.869855611	0.852227618	0.85453773	14.87815316	9.703026081	61.32738795	64.60094035	-0.023541473	0.929443285	0.957492286	0.938524442	5.392742677	-2.196763057	100.9881184	66.00173253	0.938641115	0.913151861	49.73853416	58.01234538	54.76264707	51.24780151	25.17017823	30.59378714	132.2745308	107.1288801	101.1281269	81.7743415	29.92425009	22.93324408	0.837564628	-1.072855247	46.21459735	45.0777721	127.3350735	144.1560026	38.98523669	39.16825714	73.98577896	98.51301349
we08424	we08424	-0.016917862	0.869855799	0.786025365	0.786901775	23.81209069	13.03730207	55.57309223	61.2656718	-0.022213438	0.929582927	0.931640182	0.915732515	8.073198429	-1.770864846	93.30154133	47.56436182	0.903554671	0.871551296	62.88112484	49.20054496	52.13364821	48.02515647	8.730668071	13.16742242	97.78283898	69.54614417	75.64450389	55.97692099	21.39399945	12.22818971	-0.134523369	-1.269828033	52.60151572	47.47897969	106.3252099	143.0378042	32.38759979	39.20036105	60.47155758	96.70412311
we09402	we09402	0.00227422	0.89927013	0.848079717	0.84993505	18.25764887	9.615625272	61.60844077	63.06728095	-0.011448761	0.94522464	0.954087035	0.935761291	6.059496827	-2.295103289	120.2853587	65.91086078	0.902333414	0.893131551	30.69097105	38.96435979	52.64837188	49.25175168	26.59438017	23.91050248	122.9038408	107.8917268	86.00701804	79.90454714	36.95600816	28.29414082	2.111606544	-0.586724991	47.99348867	40.71717753	107.4642164	144.6972586	38.5562254	39.65388018	57.11077908	97.36624848
we09413	we09413	1.983081813	2.869855732	0.810771688	0.817603327	13.97379924	7.454915172	59.17803344	64.41429981	-0.015576782	0.931488604	0.940640756	0.92289474	5.633745413	-2.082650184	127.2572327	77.45103679	0.938283005	0.911739368	66.84040336	62.71304224	55.70461924	50.4597649	27.26003252	27.24256848	150.5686259	117.7804819	116.7790231	92.51025976	33.32170663	24.3876832	2.495281418	-0.891927824	41.69293206	37.99907125	110.001245	146.9026525	38.0950921	39.50837262	97.36077816	101.369488
we09425	we09425	-0.016918459	0.869855948	0.818641051	0.829892777	13.94913939	8.544666553	57.48644982	62.41863114	-0.02322252	0.929764314	0.93643322	0.916267497	11.55891922	3.418293188	98.38417324	56.44410876	0.874647873	0.885297509	48.52247463	49.75248731	54.83211203	49.44381876	25.86844659	25.40722505	126.0555025	103.7115837	92.85110463	77.59900582	32.45830155	24.57284087	0.871689821	-0.59851214	40.57977431	36.07172921	159.3199993	147.3800679	37.23635723	39.08481407	65.7357786	97.12114979
we10401	we10401	-0.025377472	0.863453395	0.840132438	0.853241481	15.15222165	6.378411731	65.35806456	66.76601507	-0.027164921	0.925757923	0.947279527	0.937013541	16.17061072	5.110450944	78.45608114	49.74988809	0.950526506	0.939221549	8.110407614	15.52499438	62.19239531	53.96396225	33.16200182	29.96677095	139.0983029	129.5336364	105.0053226	100.2407445	34.40702279	28.87745715	1.804176823	-0.002428686	49.96799358	44.3438547	133.7753361	144.9468101	27.55592991	38.87390095	62.9857792	99.5943174
we1095407-2	we1095407-2	1.316414967	2.050536897	0.865779697	0.856869672	11.65831436	7.51615166	56.06227127	61.51614069	-0.010580923	1.074241431	0.946855661	0.925032008	17.06510889	5.445461066	88.98334905	49.11345587	0.914079683	0.867713886	52.60836179	48.49160489	55.13364821	47.79932939	21.73066807	26.97366005	119.782839	112.5145633	88.64450389	84.44260565	30.39399945	26.42615616	0.365476631	-1.142841569	33.10151572	34.58306158	136.3252099	145.0450566	32.88759979	38.8411823	106.6107791	99.62323831
we11401	we11401	0.988781626	0.989085801	0.795672087	0.795795307	15.38234831	15.22252939	68.15519274	67.7907593	0.995294713	0.995472757	0.911001514	0.911221316	-0.26165762	-0.060631087	66.32348992	66.59659398	0.893393094	0.893086625	2.247962608	26.30942911	56.85498432	56.47116553	15.1720376	17.35606127	146.2226122	63.05084541	101.4461388	49.18874856	44.08820572	14.42046148	0.51699256	-1.00240962	50.75052529	32.86850101	139.4048901	139.4256284	38.85385367	38.9034108	105.7878349	105.7006515
we11405	we11405	1.316414933	2.203188625	0.853391637	0.843386215	15.8393238	11.85320165	52.16026708	57.62244592	-0.020898387	1.070623108	0.925936908	0.909908628	15.61496546	5.071447193	73.19600646	53.65449982	0.950505871	0.927239191	78.48059533	76.83860413	41.11675712	44.90690093	42.85457757	30.14766686	193.2122158	127.0135758	157.1311501	102.2121795	35.75349621	22.57183927	1.237284808	-0.631314711	48.85998968	44.15007562	151.7663895	144.3288494	40.27429881	39.29937489	104.1624892	97.23866164
we11408	we11408	-0.016918206	0.869855687	0.83784792	0.84058107	25.27102262	19.43560036	56.06923535	61.48870685	-0.018589162	0.931456314	0.913016205	0.898670615	12.53477341	2.633337808	61.07639178	30.334832	0.997575701	0.948103478	72.54928341	63.45756293	52.19167603	47.91501811	21.14081378	28.59093591	121.9887438	113.8117783	92.99360771	89.85359565	28.99654291	23.44171005	1.207759842	-0.804880423	46.62318102	43.08909308	154.6590385	148.388247	39.27774439	39.5282023	116.6107782	99.56904421
we11416	we11416	-0.016918435	0.869855648	0.825704263	0.827643271	12.86118052	7.987423077	58.73481051	65.71039039	-0.02158952	0.930459875	0.951766981	0.935701502	8.924180323	-1.427939732	83.45622025	54.39549007	0.897391496	0.874606227	67.93495806	69.12599474	56.20461924	51.75120824	36.26003252	36.48479059	128.5686259	122.5732262	96.27902305	91.6661243	32.32170663	28.53443041	3.495281418	-0.20174986	52.69293206	49.20467293	126.001245	145.3955203	34.0950921	39.18023693	74.36077865	97.31107697
we12401	we12401	1.974622638	1.952483073	0.82290306	0.817794619	11.93664122	11.34150809	63.87623249	64.77241822	-0.029712351	0.92667041	0.902058552	0.888803901	3.639228583	-3.986780477	65.20020968	44.28910309	0.989386151	0.915342707	9.812660538	16.29077638	55.26264707	51.78482938	22.17017823	20.63578483	128.7745308	101.7335428	94.12812687	73.14007773	33.92425009	27.75526713	0.837564628	-0.477617586	36.71459735	42.62324174	135.8350735	146.5473531	31.98523669	39.10705048	61.48577939	97.69077339
wh03031	wh03031	-0.027652212	1.260678092	0.828659536	0.825801772	50.86639325	25.8572284	65.57865457	66.33945737	-0.019238108	1.117546787	0.928366321	0.915771804	2.495457238	-4.927892874	95.50587223	44.90304417	0.787699256	0.810818179	5.243400711	19.57435877	57.33211203	51.59967021	19.36844659	18.26539418	109.0555025	96.12728608	78.85110463	71.06804593	29.95830155	24.53850179	1.371689821	-0.667164999	48.07977431	41.37260169	150.8199993	146.7596242	31.23635723	39.13153488	43.23577885	98.6661345
wh04020a	wh04020a	0.002274047	0.878759771	0.834043116	0.819748285	30.89425949	17.52083673	56.12450401	59.73191516	-0.017723468	0.931357612	0.9351837	0.921638016	1.546951274	1.704939443	95.44606119	54.52529492	0.950884449	0.916545762	3.111466035	8.634576599	52.20461924	46.62639011	9.760032523	17.68293854	97.0686259	93.92474935	71.77902305	71.65627426	25.32170663	21.64278756	0.995281418	-0.640756742	47.69293206	44.83668756	113.501245	143.6765633	31.0950921	39.11189837	46.73577923	97.47856502
wh04036VW	wh04036VW	0.004549518	0.910663097	0.894842452	0.793220591	5.696504882	7.613939781	67.14451119	70.6551542	-0.02351458	0.948343275	0.961876013	0.921154809	-0.487932289	-8.717054189	55.22467709	54.95568671	0.869148688	0.879662171	0.264757122	1.753776377	58.64837188	55.9598909	25.59438017	16.7615083	117.4038408	78.82905058	83.50701804	52.80735279	33.45600816	24.16336001	1.611606544	-0.313863017	35.99348867	35.65091958	147.0972577	143.0783633	37.4731556	38.82459433	92.9857783	104.5111264
wh05032a1	wh05032a1	-0.016918203	0.869855654	0.856224462	0.832676017	15.83367644	9.605383753	70.93917153	70.58245339	-0.021186195	0.930213595	0.938443684	0.915215759	3.689616018	-5.254043843	71.38759304	52.63073994	0.948715549	0.896240355	23.77287168	31.4423738	62.26264707	58.93403198	23.67017823	17.64252031	116.2745308	72.50372825	82.12812687	52.83455644	33.92425009	20.23344179	1.337564628	0.445943035	41.71459735	41.45466327	106.8350735	142.2011389	35.48523669	38.89649412	36.55489096	98.95914163
wh05051	wh05051	-0.025377641	0.8888941	0.841328851	0.845443257	11.63410765	6.57066481	62.6524219	67.5074438	-0.031436503	0.938281196	0.962048216	0.939075735	5.270845988	-2.394395182	98.46175066	52.92910322	0.908969989	0.892444574	45.8719638	31.84037616	57.20461924	54.08813058	30.26003252	29.98884444	135.0686259	128.4268261	102.7790231	97.9797398	32.32170663	28.96778721	-0.004718582	-0.947270727	48.19293206	43.5111935	145.1274062	147.1903865	22.97091452	39.5278945	118.1107798	104.202186
wh05066a	wh05066a	-0.016918446	0.869855599	0.819340753	0.827208655	17.67960393	11.16725614	65.48088462	66.99828401	-0.019992685	0.930916232	0.940652159	0.9294042	4.026913722	-2.993597057	93.41121005	61.52292794	0.829892305	0.826778687	46.13148156	48.21231108	57.82347645	52.14416124	16.09438017	21.80008154	107.9038408	116.0824628	73.50701804	84.12953267	33.95600816	31.70418913	1.091176307	-0.695020552	55.49348867	48.81158525	144.8311751	146.6743738	37.6392952	39.74245593	122.2499993	99.15461844
wh05070a	wh05070a	0.002274228	0.899269817	0.811468809	0.836745575	20.6004291	10.67234587	67.67124792	68.22968666	-0.008154808	0.945751143	0.931207264	0.926168791	7.998610598	0.405265961	104.2612968	61.10934872	0.929475121	0.898749809	19.90724808	16.7263126	64.20461924	57.11288572	27.26003252	28.58052801	145.5686259	129.696209	112.2790231	105.9919535	33.32170663	24.03116712	0.495281418	-0.96677855	57.19293206	56.56751319	112.501245	144.4246769	36.0950921	39.38018626	92.36077911	102.6555336
wh07013	wh07013	0.98878207	0.989086293	0.770203903	0.770214242	8.269421368	8.09637954	64.56446836	64.28601456	0.995294927	0.995472929	0.917265726	0.917204268	-5.078898352	-5.092886481	49.42726211	49.19562105	0.878182754	0.878038312	-2.744855039	1.393648513	56.19239531	51.51398841	9.162001823	19.96239952	110.0983029	99.57198121	71.00532261	69.06990853	39.40702279	30.91460767	0.804176823	-0.415281573	33.96799358	33.2314284	110.7753361	141.295004	34.55592991	39.1168673	104.735779	100.3425921
wh07020a	wh07020a	-0.016918425	0.869855776	0.850178288	0.855636465	15.70399148	13.80440969	59.8414091	62.83956324	-0.0220151	0.930209255	0.952705751	0.935277995	4.721599781	-3.945140946	97.95823456	66.69746216	0.982866745	0.898875462	32.72661677	36.60775389	56.83211203	50.28260767	24.11962573	23.36677071	96.87918475	96.35506567	70.98189281	76.26536597	25.58606303	18.93040529	0.611342861	-1.12601578	61.27836846	49.35851556	147.5427409	141.7079646	36.99955887	38.90100879	65.77744658	99.45553647
wh07029	wh07029	-0.025377524	0.888894357	0.803617305	0.823886959	15.20013192	7.007049287	74.26350203	72.66895286	-0.032467428	0.937803068	0.895412122	0.900200731	5.743782102	-4.360005262	61.6242846	45.8247732	0.949757983	0.928627998	6.014622634	8.414492346	54.83211203	55.65921288	20.36844659	19.58940264	132.5555025	113.0355247	101.3511046	83.77733622	30.45830155	27.50221734	3.871689821	1.462002529	42.57977431	41.83040285	87.81999929	142.1095226	31.23635723	38.40611765	64.48577865	100.1590106
wh07051	wh07051	0.98767298	0.989208021	0.869841989	0.869853217	4.297899102	3.975927073	70.8302929	70.39375211	0.992190974	0.992301575	0.925247766	0.925352506	-5.008448372	-4.791077276	37.82315344	38.18387161	0.871327004	0.871180491	-1.706152266	-1.407521448	61.77408421	57.70052584	31.45830089	28.01068756	122.8495977	107.4766188	95.50200082	85.39473659	26.35575809	20.38613294	1.029406611	-0.174541979	59.05810902	56.0895813	130.4861707	145.8005717	31.34621263	38.73359234	104.1870058	104.1075157
wh07061a	wh07061a	0.983172472	0.983629129	0.86771495	0.867965495	5.95842331	5.736749888	82.23984082	81.8082423	0.994591431	0.994858446	0.91976185	0.919978098	-8.410588522	-8.189335717	14.71897409	15.1620703	0.937373851	0.937039733	-2.299800345	-1.702382709	64.50793588	63.89769699	32.86674736	23.43843115	120.3370822	86.09327628	91.64952112	66.32795404	28.49424952	19.13421156	0.947676565	-0.987271962	37.03689537	31.92036287	141.7753361	135.4367521	37.55592991	37.13964957	NA	NA
wh07061b	wh07061b	0.988782067	0.989086545	0.802571136	0.798436188	26.20771351	19.09522073	76.15815962	76.13911409	0.995294697	0.99547299	0.917428307	0.898614884	3.321419209	-3.17388165	67.34191487	42.46049645	0.952843399	0.950623679	4.520417632	8.593197425	63.00793588	61.39382775	28.86674736	18.84026335	119.8370822	91.34039204	93.14952112	72.4127801	26.99424952	18.76869897	1.447676565	-0.93155935	37.03689537	40.02733225	147.8032556	141.0999323	45.09761256	38.68445787	27.25000065	96.26515888
wh07165R	wh07165R	-2.70E-07	0.916013088	0.82335293	0.829601604	9.605602446	10.28788019	66.26541449	69.74701057	0.004669289	0.960291002	0.959220241	0.937330003	13.76050838	2.317024051	92.3226153	51.0501365	0.916089842	0.837334267	4.15149542	4.040488051	64.07890691	57.46197466	27.39611181	30.54655534	122.1228691	124.8579109	90.78404028	98.49772752	31.4219567	26.38201839	0.577481351	-0.027155308	37.62831171	36.21009046	96.47929065	144.9751345	33.80510486	39.17001006	85.36077914	102.6140164
wh07166R	wh07166R	0.988782026	0.989086318	0.825592185	0.825599757	5.112543751	5.071203348	69.57670831	69.10349729	0.995294323	0.995472758	0.933615866	0.933483231	-6.803456391	-6.682982897	62.74564827	62.8743466	0.851241716	0.8511627	-3.096930991	9.040113998	57.33433738	51.60098005	40.22073073	23.53363043	138.6698768	102.37657	104.2743609	72.63011183	34.26243715	27.97647993	1.495281418	0.022429718	30.19293206	32.32206952	104.1274062	142.8650866	40.97091452	39.1565836	116.3607798	103.2088173
wh08022	wh08022	1.004548278	1.214933398	0.803884931	0.840433812	16.2063664	7.719739909	63.51584778	62.94197035	-0.021800715	0.940266749	0.936778047	0.928840866	1.405009047	-7.586795748	81.8811662	42.6663381	0.862612203	0.918472153	14.77310706	25.1364014	52.57890691	46.8294959	22.22073073	15.55620153	136.6698768	102.0468125	104.2743609	75.73736983	31.26243715	25.02368794	1.077481351	-0.723318987	40.12831171	40.77830388	109.4792907	141.640053	29.80510486	38.69340219	35.36077858	96.99424828
wh08039	wh08039	0.987672688	0.989207858	NA	NA	NA	NA	64.27934486	64.12516405	0.992191371	0.992301473	NA	NA	-5.193313381	-5.051857529	NA	NA	NA	NA	4.969286051	17.03266479	62.47326731	52.86860601	39.61726745	25.25218411	136.2318203	83.60887472	106.7203165	59.99238997	29.33054007	21.30666293	1.132036782	-0.722761032	32.88118017	29.33341598	NA	NA	NA	NA	136.9999993	151.6551978
wh08042	wh08042	-0.025376777	0.888894368	0.848624396	0.834452413	8.348142486	3.46719799	57.423281	63.43049339	-0.028559566	0.938573732	0.935703172	0.921555175	5.192971565	-3.924963872	63.49460581	42.13310132	0.904092701	0.867552068	12.77280719	9.415752111	56.57890691	52.26541845	35.89611181	21.73208677	111.6228691	90.63681333	82.28404028	65.43839366	29.4219567	24.30706901	2.077481351	-0.080548579	42.12831171	39.24439591	123.9792907	143.6307684	30.80510486	38.62935637	122.3607791	101.5801151
wh08045	wh08045	1.999999095	1.735789731	0.880711912	0.880961299	9.879906384	9.514296663	66.85243293	65.36677758	2.006662352	1.590468412	0.942850486	0.942585152	8.892881865	-4.708000464	45.11249352	44.38064311	0.842725876	0.841990485	13.86269081	21.57233588	53.13364821	51.42591098	9.162001823	22.55936121	96.09830293	100.7599185	62.00532261	73.06717356	34.40702279	27.8940485	-0.134523369	-1.040095707	33.10151572	33.93689887	120.8252099	144.7760807	33.88759979	39.37808772	56.11077942	99.44757397
wh08092	wh08092	-0.016918436	0.848419866	0.827725493	0.829644124	34.32009358	26.59438873	61.90706441	64.00188991	-0.020096874	0.919093199	0.921201414	0.908816352	14.94763187	12.54795879	88.84558426	52.12626347	0.804272914	0.829863449	27.38368408	24.09009649	56.57890691	51.38877746	29.39611181	25.33631093	109.6228691	87.92235275	85.28404028	70.69528884	24.4219567	16.81771433	2.577481351	-0.475211685	57.12831171	46.98700786	124.9792907	147.9082191	39.30510486	39.69326124	64.61077816	97.64727071
wh08114	wh08114	-0.016918622	0.869855829	0.8334222	0.825923358	16.9658063	15.1318402	56.22716711	60.5623721	-0.023552328	0.929644454	0.94974808	0.921364722	19.3434234	8.249183636	100.5064023	60.80704947	0.880062194	0.85970564	44.05259679	39.16628436	55.00793588	48.79394219	24.36674736	26.27313059	99.83708217	89.47686835	74.64952112	70.39184496	25.49424952	18.46372714	0.947676565	-0.729441606	53.53689537	50.81860856	123.3032556	145.5503086	36.09761256	39.62103174	67.8607786	97.53674954
wh09009	wh09009	0.002273676	0.899270107	0.853000624	0.848533425	15.65371712	8.128074878	63.33864383	63.7733632	-0.012742926	0.943809575	0.951534813	0.936884921	2.29009771	-4.867554853	88.47145491	57.7914931	0.829273149	0.873481059	25.44187961	18.62010851	56.70461924	51.75241826	17.26003252	13.96393186	117.0686259	103.3641045	85.77902305	71.67683429	31.32170663	29.68727879	1.495281418	0.576056633	30.69293206	30.28175957	97.00124497	143.89073	27.0950921	39.20045428	142.1107791	101.3792911
wh09033	wh09033	0.002274231	0.899270115	0.83417102	0.841969489	10.15530187	7.817128681	65.17124792	69.35678448	-0.008154808	0.945751116	0.923951568	0.897668481	4.998610598	-3.585854296	79.02185325	56.88595085	0.804966953	0.900833832	13.2177743	12.13095271	59.07890691	56.36582076	25.89611181	25.61163773	128.1228691	113.2050325	87.78404028	84.69943597	39.4219567	28.87641115	0.077481351	-1.083182557	29.62831171	28.55867908	127.9792907	145.4322394	34.80510486	38.67735508	44.73577831	97.77682743
wh09068	wh09068	-0.016918488	0.850298139	0.807069722	0.822220488	14.85534071	7.318577377	67.9766577	70.61020683	-0.025586264	0.918106137	0.933398365	0.920857725	1.838125039	-6.775827653	88.07167808	58.12722812	0.866067583	0.89798812	36.17122586	28.79642173	56.82347645	53.08894177	12.57149289	11.01266094	127.5758614	88.42022286	95.29371963	60.66815856	32.58147624	25.98673325	1.091176307	-0.662978104	36.10579716	23.55793022	102.8311751	141.7223818	30.6392952	38.87803996	84.19411163	99.97070631
wh09083	wh09083	-0.01691798	0.869855886	0.843455259	0.839385823	12.22054346	7.779512424	57.07732933	61.13681031	-0.017582149	0.930017919	0.942046068	0.925577701	3.501603258	-5.716655286	77.71867671	41.37668978	0.874549576	0.871917161	30.96222579	33.46808945	55.20461924	49.78484231	11.76003252	16.02209162	122.0686259	97.05617576	87.77902305	70.10301814	34.32170663	26.37947573	1.995281418	0.166103997	49.69293206	44.86148604	122.1274062	142.7757586	29.97091452	38.65583091	52.72155776	97.72580552
wh09086	wh09086	NA	NA	NA	NA	NA	NA	81.49836537	81.26412607	1.001502672	1.001816127	NA	NA	NA	NA	NA	NA	NA	NA	-2.105643549	5.74425656	59.63364821	59.76010119	20.73066807	19.08898868	118.782839	82.30945856	88.64450389	65.18910903	29.89399945	18.66178839	2.865476631	0.910514988	52.10151572	51.00391621	122.8252099	142.6418258	33.88759979	38.5637866	NA	NA
wh09117R	wh09117R	-0.016918223	1.175159895	0.804134647	0.836025866	13.9572969	12.74102528	65.53554253	70.15870196	-0.015061431	0.93189516	0.953996547	0.935876509	0.685931489	-6.145105249	98.44048336	62.98939163	0.931996484	0.919630244	9.422103505	6.215333679	60.33433738	57.42613407	36.58086682	28.49847562	169.1639606	115.6031079	121.2651436	81.37830118	48.01394083	33.6880693	0.924179408	-0.701939746	33.50889432	28.31210805	150.5135053	143.7198303	40.28333373	39.01653994	37.22155806	100.2731846
wh09126R	wh09126R	-0.025377227	0.888894302	0.807114358	0.806617592	12.79406775	9.896710563	63.7147792	65.06524409	-0.032871314	0.937562168	0.920448401	0.911382143	0.379554396	-6.093216861	69.14089355	48.98992686	0.924825429	0.905024042	8.125595172	11.50007688	54.64837188	50.75956283	18.09438017	18.17305286	128.4038408	94.56330114	85.00701804	70.57896074	43.45600816	25.89884039	2.611606544	0.206962726	38.49348867	34.94929125	105.9642164	140.6036938	40.0562254	39.01746932	72.86077858	96.82563741
wh09137R	wh09137R	-0.016918037	0.869855722	0.75740863	0.771585691	19.73838124	12.66317057	59.63635214	63.63187848	-0.022027464	0.92907319	0.931044639	0.918354965	5.687693122	-3.060950076	97.42171948	63.11966225	0.928776183	0.91383704	43.73296206	45.11868981	57.07890691	50.9344789	19.39611181	22.34325361	120.1228691	107.2562465	91.78404028	82.43728713	27.9219567	23.37161521	1.577481351	-0.192997725	40.62831171	37.30190868	122.9792907	144.4546116	36.80510486	39.60405053	86.02744547	99.70868263
wh09141R	wh09141R	4.17E-07	0.930929292	0.803861046	0.816289514	23.06905609	13.13015676	69.42076171	69.840983	-0.002506437	0.964450764	0.951739379	0.928965382	6.37318993	-3.420380311	113.8440509	62.00987076	0.849020845	0.857354395	4.18956485	14.69541419	58.57890691	54.74946638	26.89611181	20.7431863	118.6228691	109.3896286	90.78404028	82.56389215	27.9219567	24.44184155	3.577481351	0.915513277	41.12831171	44.06590423	139.8311751	143.8612829	37.6392952	38.988631	100.1107798	101.8207755
wh10006R	wh10006R	0.002274427	0.842754031	0.727037078	0.762102188	28.58709086	21.74386856	70.37964159	73.5759097	-0.010893346	0.91548484	0.918190402	0.910936994	7.618464257	0.199555796	117.5898892	85.35602958	0.839882951	0.859920373	2.897425785	0.124055919	62.50793588	58.88152211	42.86674736	34.39357279	149.3370822	123.4694761	117.6495211	97.30414604	31.49424952	25.21169697	-0.052323435	-1.310198292	37.03689537	43.26849303	128.3032556	144.5604351	39.59761256	39.3844063	89.90244609	103.2525333
wh10034R	wh10034R	-0.016917974	0.869855993	0.807396227	0.809733269	15.16872686	10.97133801	60.42910442	62.87738042	-0.02340009	0.92865973	0.939053531	0.911804558	5.960744044	-2.409242667	100.0915722	58.00216533	0.90087459	0.90328043	33.14839464	42.70157264	53.64837188	48.49570802	13.09438017	16.4629925	102.9038408	88.12500532	74.50701804	66.46622613	28.45600816	21.16226787	1.111606544	-0.464973333	43.99348867	38.61395214	98.9642164	143.5126015	28.5562254	38.97053708	70.61077896	96.65754898
wh10035R	wh10035R	-0.016918098	0.869855615	0.824673631	0.795466325	16.53782679	9.217727607	60.51332813	59.91736014	-0.01882332	0.929916064	0.954989652	0.93117794	3.225832877	-6.826207606	71.96536899	43.04157039	0.9235062	0.922345869	6.681537494	21.78623041	49.77408421	46.95108982	18.45830089	18.79027179	95.84959766	85.98277447	69.00200082	65.03578728	26.35575809	20.78097486	1.529406611	-0.46465571	28.05810902	28.04210719	109.9861707	141.0692249	29.34621263	38.57363255	84.86077865	97.22643428
wh10040R	wh10040R	-0.027652131	0.888046061	0.789959301	0.825434906	12.15347357	5.370642358	64.27020547	68.46998062	-0.016447716	0.943812741	0.938387386	0.920108637	0.19942789	-6.635020566	90.01656584	32.48871899	0.861073253	0.862398307	4.609917096	13.77870095	64.33211203	54.18796261	19.36844659	17.11211192	102.0555025	89.08269672	76.35110463	65.73813976	25.45830155	21.67928872	0.371689821	-0.750324294	40.07977431	42.43293103	131.0972577	143.656899	34.4731556	38.6326817	43.40244575	96.90660554
wh10046R	wh10046R	0.00227406	0.899269804	0.831825144	0.831095868	12.26654382	7.454785976	60.78039457	66.72447327	-0.013818958	0.945530539	0.919632449	0.906230925	2.59213654	-6.4091083	88.59022786	48.91716015	0.96493089	0.911841303	26.51092728	39.83894719	59.33211203	54.65108373	25.86844659	26.39304332	144.0555025	128.2291549	105.8511046	97.1967169	37.45830155	29.59027916	0.871689821	-0.816879497	53.57977431	49.01144327	136.8199993	141.6550769	35.23635723	38.4812543	44.11077816	100.0501728
wh10049R	wh10049R	-0.016918509	0.869855769	0.852485653	0.840084068	17.53664365	11.63358481	61.15928274	62.63341053	-0.025218486	0.92930094	0.947716556	0.934238415	7.443363379	0.309030075	105.8997301	83.84015115	0.959248448	0.938968126	26.10131229	32.4460292	55.83211203	49.46670932	19.36844659	25.25085195	124.5555025	108.548654	89.85110463	82.65382588	33.95830155	25.39897478	2.371689821	-0.158197345	43.07977431	46.34872279	103.3199993	142.0518108	33.23635723	39.32715907	61.11077964	100.2973027
wh10052Ra	wh10052Ra	-0.016918593	0.869855645	0.807382735	0.815696656	13.1132105	10.3780261	59.03105306	62.76375047	-0.023580177	0.93010078	0.937273377	0.918527179	3.912649625	-4.220920386	96.93219701	64.37552299	0.883985686	0.852058903	25.30425948	32.91457094	56.27408421	50.45216816	26.95830089	29.89594793	133.8495977	125.1226032	101.5020008	96.70123821	31.85575809	27.09218491	2.029406611	-0.732005046	42.55810902	40.87022077	156.8750837	146.4677666	41.21926967	39.30004524	59.23577955	96.64242765
wh10057R	wh10057R	-0.016918633	0.869855613	0.860800031	0.855587761	13.4706715	7.541200158	59.52183616	66.2972249	-0.027037493	0.927859801	0.957833868	0.938699687	3.914029959	-3.456613917	83.7978915	49.26138639	0.893012511	0.894162641	19.72674881	18.99838905	55.26264707	52.64228233	29.17017823	25.91989156	129.2745308	117.5900275	104.1281269	96.49177937	24.92425009	20.6779995	0.837564628	-0.634249157	40.21459735	42.88906269	132.5427409	144.2287575	24.99955887	39.11882424	46.27744527	97.06733121
wh10062R	wh10062R	0.98878175	0.989085816	0.872734129	0.878091178	15.34139627	9.232104795	65.75390795	65.65304029	0.995294825	0.995472569	0.922734604	0.924400759	1.891785641	-5.383719168	53.75035453	39.98986137	0.849573286	0.84921348	7.379847119	14.20869722	60.13364821	53.57874886	27.23066807	18.7948894	137.282839	89.00933605	108.6445039	69.68122549	28.89399945	18.30358403	-0.134523369	-0.90339582	38.10151572	36.99128799	133.8252099	139.7853958	40.38759979	38.48631827	59.3607792	98.85864693
wh10067R	wh10067R	0.974622462	1.410439815	0.824724251	0.832753469	19.62150623	13.3564896	65.35995722	71.78525656	0.974294775	1.504601924	0.936530929	0.922583272	9.300264887	0.599221581	103.5254237	65.6129251	0.918360549	0.911068998	6.89092579	5.236959387	61.19239531	57.72273171	35.16200182	35.65462631	128.0983029	130.1789321	99.00532261	99.67536755	29.40702279	28.96194607	0.804176823	-0.31392442	37.96799358	36.87872869	129.7753361	143.6934781	35.55592991	39.0645533	54.48577923	104.5517963
wh10068R	wh10068R	-9.13E-07	0.912737444	0.861885203	0.848154414	14.29679214	8.154642586	70.85243293	72.57459114	0.006662352	0.955220543	0.943019697	0.931164843	8.892881865	-2.410965326	72.97816227	59.02042023	0.993437116	0.954413494	2.821305986	5.334199453	61.26264707	56.27470776	33.17017823	49.46633426	167.2745308	139.4370684	122.6281269	98.54523724	38.92425009	35.49257174	1.337564628	0.671089749	32.71459735	32.4158862	142.3350735	144.7821423	36.98523669	39.01063458	83.44411306	101.7473246
wh10070R	wh10070R	0.002274327	0.881147418	0.826248933	0.825143374	17.56068455	9.743441519	75.29297679	77.49736972	-0.016254977	0.934926761	0.937732075	0.924382669	2.633175354	-6.177735801	111.355272	62.73171807	0.947233608	0.931129018	3.377198934	7.06546727	59.70461924	60.72186767	26.26003252	17.31725346	109.0686259	89.4159332	84.27902305	64.49464171	24.82170663	22.73920695	0.995281418	-0.962858745	25.15082625	33.90347583	126.1274062	143.848133	38.97091452	39.05620683	56.48577873	98.22436773
wh10080	wh10080	-0.016918388	0.848419771	0.832140259	0.839552817	15.03807743	7.859436209	57.87526338	64.88925029	-0.025595689	0.916637158	0.941289011	0.925444206	6.197868868	-2.85807642	89.60781774	43.09047421	0.824521428	0.823190318	28.54596012	21.13712943	49.47326731	50.38083708	58.09689134	43.56516553	210.1428516	140.5574947	168.083241	112.6448545	41.30145319	26.0187807	1.566188904	-0.204887895	55.19359277	49.10658386	154.0667232	146.3304535	40.28408114	39.06412726	94.72155906	104.362774
wh10088R	wh10088R	0.004549518	1.410072239	0.719449014	0.766653569	25.38520518	15.96839801	74.14451119	69.5575728	-0.02351458	0.959428604	0.909996629	0.899244789	0.012067711	-8.948641165	94.20529745	48.25857524	0.846227303	0.853066716	4.018617379	19.13554795	58.77408421	54.42430582	35.45830089	19.07419989	126.8495977	80.40737956	99.00200082	64.08065303	27.85575809	16.07013678	3.029406611	-0.356998481	70.55810902	54.65993076	139.8750837	139.5749298	39.21926967	38.74806652	26.9857797	97.5325088
wh10090R	wh10090R	-0.055303076	0.917617871	0.814581493	0.803493261	13.18310706	10.57806767	65.70205081	69.87952498	-0.033604552	0.956849456	0.954536184	0.930968215	10.12387542	0.790774044	98.65782624	65.66409877	0.887850702	0.904805252	3.527040067	11.40191423	61.57890691	55.27609058	19.89611181	21.36755642	109.1228691	84.4283587	78.78404028	61.16554065	30.4219567	22.3463926	2.077481351	0.46537118	44.62831171	36.58676848	115.1274062	142.4080133	36.97091452	39.12096996	27.98577951	101.2072048
wh10105R	wh10105R	-0.016918142	0.869855641	0.82551997	0.83662992	9.34472763	6.803370303	61.83098227	65.53067956	-0.016951258	0.930335054	0.950355198	0.933430698	6.540951172	-1.552150106	111.8741352	57.91119771	0.900580147	0.90839505	24.66090743	33.67658787	57.50793588	52.00657944	37.86674736	40.08753079	171.3370822	156.6085017	135.1495211	125.3393565	36.49424952	30.48319382	2.447676565	0.160081113	60.03689537	56.79326402	117.8032556	144.5008848	33.09761256	39.32693494	57.98577907	97.55490431
wh10113R	wh10113R	-0.02537717	0.888894195	0.832214292	0.824114932	11.71133009	4.57542588	67.72882751	68.81834658	-0.031898203	0.936598695	0.935821342	0.926448749	9.332285158	2.357030649	101.4906608	60.41164434	0.960997487	0.884273167	5.901080647	7.956958346	60.27408421	55.24699838	41.45830089	33.70685229	156.3495977	133.691337	125.0020008	104.5990419	31.35575809	26.51680822	0.029406611	-0.68341051	41.55810902	40.03294698	154.4861707	144.896215	32.34621263	39.09162048	54.27744556	102.4673757
wh10117R	wh10117R	1.988781986	1.989085942	0.862621518	0.862710919	8.621338571	8.483459701	66.29367099	66.18707192	0.995295251	0.995472864	0.902934196	0.902788039	1.071374266	1.09893887	40.29335291	39.92410876	0.938639918	0.938463079	-0.20255517	15.30651909	62.76264707	54.73953255	31.67017823	33.1206934	149.7745308	145.8680759	108.1281269	109.6701411	41.42425009	36.16050526	1.837564628	-0.660280717	46.21459735	35.71364418	151.8350735	144.5846704	33.98523669	38.39270122	142.4999993	99.89118751
wh10127R	wh10127R	-0.016918211	0.869855961	0.840465406	0.849543413	12.97925339	8.640930198	66.99910422	69.75810965	-0.018081183	0.931709308	0.941761769	0.92342176	6.762576126	0.02339837	104.3864534	60.24681075	0.927137404	0.899273861	53.63918577	51.89128447	59.70461924	55.10195027	31.26003252	29.63981904	134.5686259	128.9280828	98.27902305	95.8939339	35.32170663	31.76846278	0.495281418	-0.590124481	42.69293206	41.64849067	122.501245	146.0380078	30.0950921	38.89853817	96.4857803	102.6940766
wh10135R	wh10135R	-0.016918291	0.869855633	0.844462649	0.849178058	13.83177087	7.602607595	72.37064708	76.07093492	-0.014053256	0.932312987	0.932925282	0.917363132	5.288514402	-2.872809134	81.21575481	39.82411232	0.893361429	0.889928951	40.29725905	36.112016	67.00793588	62.33349726	39.86674736	38.50046099	141.8370822	134.0473335	112.1495211	105.161163	32.49424952	28.54200505	-0.052323435	-1.267358404	39.03689537	48.41843201	141.8311751	145.0478606	34.6392952	38.8575818	70.23577942	100.3513574
wh10137R	wh10137R	-0.016918471	0.869855568	0.751743101	0.788694165	13.18005749	8.834174372	75.03666873	74.8342947	-0.022910934	0.92972448	0.908130261	0.907126839	4.226841635	-3.188867685	78.60407376	41.21866852	0.9197134	0.894291129	26.88318051	30.59589985	64.26264707	58.83756166	36.17017823	38.66843881	142.7745308	123.2080275	107.6281269	95.17544964	34.42425009	27.75859818	0.337564628	-1.097176136	33.71459735	39.97958051	140.3350735	145.8636499	32.98523669	38.89677766	60.1107791	101.2032811
wh10140R	wh10140R	-0.02537804	0.866008004	0.774009444	0.790160015	14.09726726	7.178721783	56.54093765	62.50629249	-0.032856096	0.92391511	0.937545238	0.92233788	4.130196109	-5.474582995	107.0494478	71.09789443	0.862831804	0.875078923	14.99796429	11.41144887	56.00793588	51.31306835	17.86674736	15.11647425	103.3370822	87.31093716	67.14952112	63.92170434	35.99424952	24.0504093	0.447676565	-1.087693017	31.53689537	32.8981978	110.3032556	142.464006	36.59761256	39.22536021	74.86077983	97.64208652
wh10163	wh10163	0.004548228	0.932016646	0.825955383	0.841274455	18.8306002	10.48377023	77.77404448	78.18395385	-0.027893549	0.948278212	0.914693528	0.912334555	3.900970532	-3.842135479	68.262087	39.9685844	0.904315766	0.910762028	27.79592384	25.21875992	69.33433738	65.55592695	52.22073073	34.11887642	121.6698768	107.4754686	98.27436093	86.09911817	23.26243715	20.32150672	1.063786395	-0.614236701	39.15082625	44.88811161	152.1558294	143.4004126	39.81167532	38.73172059	76.22155758	100.1432194
wh10173V	wh10173V	-0.055303312	0.91761751	0.849573621	0.824699302	8.706611302	7.856312184	70.89505972	71.22999016	-0.019262245	0.958805336	0.91078427	0.891561502	3.837641964	-2.867026053	42.25952222	26.55366407	0.987291122	0.908006236	4.11592962	16.36973468	65.64837188	59.06164558	37.59438017	34.65976877	133.9038408	132.1365591	100.507018	101.7539811	33.45600816	30.3841083	1.611606544	-0.751901234	31.49348867	35.74843396	141.0972577	144.8403203	40.4731556	38.47049054	142.944113	109.2570818
wh10216V	wh10216V	0.975344669	0.978415287	NA	NA	NA	NA	82.31279424	82.18515253	0.994591877	0.994858645	NA	NA	NA	NA	NA	NA	NA	NA	-1.457349939	2.524414538	59.64837188	59.58514558	27.59438017	22.58912946	100.9038408	69.34467958	75.50701804	55.07303798	24.45600816	14.44074231	1.111606544	-0.852859257	48.99348867	46.21987719	97.9642164	118.5975183	38.0562254	42.98515384	NA	NA
wh10231V	wh10231V	NA	NA	NA	NA	NA	NA	NA	NA	NA	NA	NA	NA	NA	NA	NA	NA	NA	NA	-1.243182472	-0.91038121	63.33433738	57.90817929	22.22073073	20.14897876	131.6698768	113.7742801	99.27436093	87.18815611	31.26243715	25.03377472	0.337564628	-1.62077505	16.15082625	15.93751076	93.12740623	112.3142866	35.97091452	41.47982702	58.36077956	72.59542181
wh11001	wh11001	0.988781753	0.989086224	0.826919939	0.827009282	8.825751515	8.750795383	71.31269671	71.03935976	0.995294657	0.99547291	0.862509605	0.862444615	-2.04537304	-1.929613024	38.31093758	38.57716465	0.887819291	0.887575062	0.236989976	2.450762485	60.64837188	54.22215718	57.59438017	43.89444451	161.4038408	133.3364832	129.507018	113.7500712	31.45600816	20.39453686	0.611606544	-1.202189373	50.99348867	53.00790594	150.9642164	144.5281731	45.5562254	38.7102364	142.4857783	101.764062
wh11005	wh11005	1.999999095	2.909232572	0.803526683	0.814336832	15.19656024	7.563666262	76.85243293	77.52827325	2.006662352	2.95674143	0.933587747	0.913972884	6.392881865	-1.836968776	116.5502482	60.05400537	0.848638609	0.880847589	6.656036747	4.021078538	58.19167603	58.41340809	13.11962573	16.73252032	82.87918475	103.1564817	62.98189281	78.1189795	19.58606303	22.52078947	2.611342861	0.630906696	35.27836846	41.14978482	149.0011268	142.6832688	40.18000727	38.97946951	103.2225506	96.78255343
wh11008	wh11008	-0.016918688	0.869855378	0.796898535	0.813825608	12.92911395	6.570701227	62.28877827	67.75331325	-0.025233496	0.927552378	0.953685229	0.939991049	5.380993782	-2.259545282	91.17134627	55.63409901	0.932164849	0.917251831	60.83792267	59.94361838	66.69167603	57.48414685	35.64081378	39.81914239	164.9887438	159.4811168	122.4936077	122.7086238	42.49654291	36.60541619	2.707759842	-0.598365261	32.12318102	41.13409796	119.5427409	145.6621507	29.99955887	39.29790151	69.50000039	97.76231229
wh11017a	wh11017a	1.983081121	2.411899276	0.815104131	0.825252562	12.0045768	6.586613916	62.9840947	66.52955217	1.645649809	2.314222371	0.956694239	0.93582556	3.739514273	-5.271639562	116.1511828	66.58543349	0.895877826	0.902540976	49.08944254	38.64241263	57.76264707	53.0474835	16.67017823	17.01360607	115.2745308	91.35807555	75.62812687	63.32095399	39.42425009	28.04699356	1.337564628	-0.197612477	55.71459735	51.14677805	148.7415932	140.9754949	40.37215949	39.08052462	66.24999972	97.22410673
wh12001	wh12001	-0.016918222	0.848420107	0.829930512	0.822955103	15.07708001	10.35440945	62.75087775	66.34836974	-0.019486056	0.919149577	0.95307292	0.933685946	1.341377548	-5.915680732	83.51991215	51.60393043	0.826290217	0.85105542	68.32553048	55.70016339	56.50793588	52.12966832	27.86674736	31.40366686	118.8370822	114.3252277	95.14952112	93.44163909	23.99424952	19.88407696	1.447676565	-0.717745705	61.03689537	49.61743501	147.3032556	146.4218683	37.59761256	39.54453839	105.1107791	98.74089782
wh12004	wh12004	-0.016918496	0.869855882	0.840869665	0.850725208	13.36430991	10.80803984	61.77776644	67.55770518	-0.026815541	0.927829932	0.93447997	0.914837394	6.886279702	-1.197827712	78.20319576	35.1679705	0.892588666	0.903482499	45.41873589	36.78811307	53.19167603	50.33659894	22.64081378	24.54653409	128.9887438	109.7567896	96.49360771	85.19653036	32.49654291	23.89250498	1.207759842	-0.859096093	50.12318102	49.88276354	154.6590385	145.7778157	37.77774439	39.09404786	78.36077816	98.4917914
wh12005	wh12005	-0.016917816	0.869855837	0.85345452	0.859545397	15.47588932	10.44111038	63.23915989	70.10089772	-0.019809596	0.92987367	0.955208783	0.922933397	8.562586849	-0.052110245	86.48181086	34.31333123	0.879594283	0.890854153	29.81509158	26.24092667	61.64837188	56.69807889	40.09438017	41.09022909	160.9038408	158.3017015	125.507018	121.6655315	35.45600816	35.11251788	2.111606544	-0.029062491	43.49348867	44.4952921	141.8311751	145.3797729	34.6392952	38.80785082	41.25000121	102.1940903
wh12008	wh12008	0.988781931	0.989086161	0.837421168	0.837429355	7.912685221	7.767834988	71.55932523	71.27643251	0.995295034	0.995473062	0.935473705	0.935318073	-4.454271135	-4.428005915	56.80318345	56.37082879	0.831383687	0.831311359	-0.473762919	3.459245506	57.33211203	55.913086	17.86844659	21.07732287	136.5555025	118.8450444	104.3511046	94.08690802	31.45830155	24.13140163	0.371689821	-1.324046372	52.07977431	50.20185183	126.3199993	143.6046489	40.23635723	39.32533817	66.6107786	100.0062076
wh12014	wh12014	1.655448859	1.655752982	0.83716181	0.837251587	13.18193951	12.93803502	69.82918568	69.46405965	0.995294747	0.995473055	0.929131183	0.929216569	-2.620812354	-2.594120978	57.0179028	57.10436446	0.924635923	0.924398135	-0.012554206	7.521713805	61.07890691	54.8343068	39.89611181	33.36876644	143.1228691	122.3431568	112.7840403	94.97898739	29.9219567	25.07153311	1.077481351	-0.26100165	36.12831171	38.76345108	126.9792907	145.3200266	32.30510486	39.00528606	54.50000177	98.14296381
wh12048V	wh12048V	0.988781697	0.989085749	0.817339411	0.817429263	7.213735949	7.007181291	65.33233737	65.24838206	0.99529508	0.995472946	0.937463766	0.937418182	-2.990059968	-2.871496361	58.32035507	58.06642041	0.93953709	0.939222533	-2.769195783	1.004143739	57.63364821	52.61329065	23.23066807	27.71519386	114.282839	100.2821953	85.64450389	79.42139219	28.89399945	21.18002389	0.365476631	-1.309169942	30.10151572	31.36486231	127.8252099	144.8785132	29.38759979	39.25596374	61.86077914	98.35961914
wh13022A	wh13022A	-0.016918633	0.869855384	0.834190092	0.81730616	19.04368446	16.22367359	60.4508676	66.92994038	-0.021168695	0.930124838	0.940611559	0.917794461	2.08617045	-6.389305541	82.38516689	51.1791195	0.845561586	0.842079506	45.89586559	41.27485632	55.26264707	52.92389283	20.67017823	20.97522237	124.2745308	94.8031116	88.12812687	67.82772574	35.92425009	26.57723065	0.837564628	-1.121007869	50.21459735	48.59291291	133.8350735	145.3422841	34.48523669	39.03782224	54.36078041	96.40628436
wh13037	wh13037	-0.016917932	0.86985598	0.817153333	0.830661812	19.95184928	10.21600114	65.69687789	69.84577715	-0.02021489	0.929119138	0.928393558	0.916493878	3.831168618	-2.998243978	76.22376983	40.43956239	0.893513474	0.862650513	46.87029644	55.97110181	65.26264707	57.3293506	28.17017823	29.46765187	122.2745308	110.6732028	92.62812687	86.24825235	29.42425009	23.88009088	1.837564628	-0.103765475	46.71459735	54.5905811	128.8350735	146.9288734	33.98523669	38.76840211	69.86077979	97.38255603
wh13040	wh13040	-0.01691815	0.86985565	0.82524565	0.829798919	14.26924839	9.600206886	66.32249448	71.23364302	-0.023063083	0.928626115	0.943665886	0.9219358	2.849070016	-4.68482588	82.9446308	47.23118893	0.792579594	0.819858799	23.6080839	25.31490864	57.76264707	55.51761761	32.17017823	29.66064963	135.7745308	122.1879411	110.1281269	99.24900207	25.42425009	21.26395591	1.837564628	-0.077451057	55.21459735	49.99777964	128.3350735	144.2758293	34.48523669	39.08049006	72.48577948	98.85792528
wh13041	wh13041	0.649748673	1.231218194	0.80825574	0.804761745	14.84220576	10.43659805	60.3413039	65.36300492	-0.017246034	0.930845475	0.932955564	0.900238275	5.910577493	-2.928085485	94.79684857	50.07404874	0.925481	0.898115597	58.58506208	49.79434449	59.63364821	53.16766413	19.73066807	23.02315609	137.282839	119.7990063	101.1445039	87.34262865	35.89399945	31.40745628	2.865476631	0.189850128	47.10151572	43.23610774	149.3252099	147.0310327	33.88759979	38.96259052	150.4857791	104.2697287
wh13048	wh13048	0.995500084	0.994421429	0.844224841	0.844346345	11.29927019	11.05424344	68.54210989	68.60511069	0.999102455	0.99925975	0.893100844	0.892915816	11.15159366	11.22332779	40.13207222	40.01489731	0.854208224	0.85376345	-0.83239343	-1.822325897	61.00793588	55.50109695	17.36674736	16.8524099	103.3370822	98.58749749	78.64952112	79.36441356	23.99424952	18.75375838	1.947676565	0.366971912	43.03689537	44.60490089	111.3032556	141.828343	32.59761256	38.44815939	108.9857794	110.807008
wh13053	wh13053	0.004548227	0.932016939	0.871420704	0.860044557	15.56095301	8.981655825	73.77404448	70.02966625	-0.027893549	0.959379099	0.949337401	0.938105572	-0.571166302	-2.90130984	75.74197073	51.37841275	0.985912816	0.909454708	9.317712818	23.37878214	60.47326731	56.26058689	43.61726745	30.75424517	141.2318203	113.5841375	111.7203165	89.42864181	29.33054007	24.40182431	2.132036782	0.316989395	30.88118017	35.10721768	113.0972577	143.6139469	34.4731556	38.88931819	72.48577846	99.37514131
wh13063A	wh13063A	0.002274345	0.899269912	0.783978049	0.831568427	8.927541727	9.758506206	68.39660546	70.29927466	-0.013272263	0.94434222	0.94714334	0.918308335	0.63553298	-6.742249028	77.78363037	45.88357046	0.861481175	0.872839068	21.85473987	21.35263172	65.20461924	56.80923695	23.76003252	22.20663703	112.5686259	102.0644011	84.77902305	80.64504938	26.82170663	20.16421926	0.995281418	-0.108853931	52.69293206	57.65561696	107.001245	142.1713386	31.0950921	38.71208971	96.11077909	100.632433
wh13064	wh13064	-0.025377513	0.829312071	0.822078562	0.819194868	9.786512616	5.307792205	69.37234258	75.13805356	-0.029997087	0.90847648	0.951569243	0.911928552	2.62301992	-6.791008519	104.6995842	43.71581007	0.875707671	0.898553626	9.271770684	3.801186284	58.64837188	56.38511552	24.09438017	24.84031591	119.9038408	99.33816746	91.50701804	76.67335388	28.45600816	21.32248384	2.611606544	0.194113286	52.49348867	47.99226638	96.9642164	142.6793887	40.5562254	38.70007901	105.7357796	101.0376978
wh13070	wh13070	-1.61E-07	0.912737716	0.860649768	0.849276577	11.93330321	8.811124615	73.42415329	70.37425997	-0.003298731	0.954975289	0.927120071	0.919066029	6.950971202	2.161576699	91.42148264	60.91074653	0.906246062	0.875230518	3.081199957	4.777093956	59.19239531	56.10459154	36.16200182	20.29931039	115.0983029	86.13240601	84.00532261	65.82894907	31.40702279	20.8347935	0.804176823	0.02565566	40.96799358	27.3763675	132.7753361	143.4517502	38.55592991	38.76666209	76.77744586	104.0414747
wh13074A	wh13074A	0.004548854	0.932016804	0.807827059	0.794142294	36.32172396	15.60463643	68.88849303	68.45562051	-0.033206509	0.957900749	0.918247653	0.903510517	4.142040658	-1.857079611	86.59610054	59.52080556	0.883571803	0.919576381	2.93817051	12.02267278	57.50793588	54.85689123	26.36674736	20.30773436	115.3370822	72.77391158	90.14952112	57.23562743	25.49424952	14.75640567	1.447676565	0.177602694	39.53689537	37.06311843	123.8032556	140.1549535	33.09761256	38.77052877	72.23577814	97.61350448
wh14022B	wh14022B	-0.016918139	1.026562683	0.767719375	0.730230884	19.9664282	14.48462271	61.15020574	65.36074749	0.313203022	1.307806131	0.913340544	0.891026824	4.924926612	-4.756777944	74.95769661	41.71991692	0.873615827	0.910828372	23.82761406	21.33046334	50.9863142	53.51717531	31.02125596	20.30910473	147.2333649	85.45421187	107.5073763	61.65067516	39.17345117	23.2381943	1.027834988	-0.571935204	44.58169794	38.75699017	146.4654211	140.7132679	39.68730279	38.78200724	104.3573095	96.67108773
wh14082V	wh14082V	-0.016917852	0.86985578	0.815406577	0.816618268	16.88234126	11.05131273	60.03042019	64.69482795	-0.011890277	0.932462825	0.936873187	0.908039693	15.56952455	10.52490922	84.57875779	40.30210656	0.857937999	0.919879072	62.85297937	61.18901616	48.70339958	50.88299651	46.10288097	33.02483031	174.0250097	109.9826247	136.962281	85.60150651	37.22201824	22.59189361	0.626705566	-0.674573136	45.25912784	40.44491045	149.2085967	141.3032972	40.00944552	38.70472699	106.9236811	100.568008
wh14101V	wh14101V	-0.016918802	0.850298237	0.779515528	0.79897014	14.29701001	6.950138036	75.13142512	76.7884587	-0.024769837	0.919899901	0.89358762	0.888552317	6.015246104	-1.08942668	63.32386635	41.30910837	0.860275668	0.87653998	16.31668184	14.80479617	60.60809628	62.14569185	33.22447535	26.04858466	185.7602815	136.2052536	141.9011949	105.9276042	43.73417891	29.94053165	0.879153678	-0.937184215	36.47029088	31.98071515	151.1597331	144.382248	39.72090054	38.76227047	111.4630375	102.9342226
wh14102V	wh14102V	-0.027651654	0.867353602	0.829970823	0.829122852	16.82596322	11.66545711	72.27401529	75.51528009	-0.01121727	0.934621079	0.915121179	0.89805408	7.257667165	0.070507787	81.56381719	48.60852691	0.897795349	0.890087306	18.60286336	11.24665564	59.37161013	61.50341925	33.22844776	27.51959134	183.6161914	133.9004128	137.8744686	103.0070808	45.50116813	31.15100319	1.734596026	-0.257785765	42.44257745	36.71436548	154.2132491	147.1926463	40.04974984	38.99703778	108.0701837	100.8903828
wh14113V	wh14113V	0.002274021	0.899270328	0.825064079	0.825105081	17.63246689	10.70224719	68.79467259	68.31493495	-0.016651124	0.945142718	0.927814458	0.905580736	11.97111206	7.407835616	81.48304887	30.18304055	0.897336397	0.922990449	25.78023654	25.49232982	57.17255579	55.23210334	51.93304103	42.48754429	201.3412867	141.929562	155.3896783	110.7522396	45.45161085	30.43542947	0.90778921	-0.431666757	53.15733719	47.73195039	152.7006444	146.0154364	40.2653733	39.13108143	106.1062064	98.71532535
wh14119V	wh14119V	0.004549517	0.932016978	0.904707691	0.863557393	34.35194977	19.97444467	69.14451119	64.15163695	-0.02351458	0.959428472	0.939467197	0.903197032	3.512067711	3.37192552	50.57585887	34.63600475	0.751102161	0.810951575	-0.039274123	13.61540553	53.53985864	50.32725889	28.83243214	27.19034763	157.9114324	116.7357929	113.9733405	87.91706863	43.88858865	29.06789693	1.483997922	-0.840676328	52.75148106	35.56526374	155.3547449	147.8930941	39.52535347	39.06977154	108.9862079	99.05670605
wh14202N	wh14202N	-0.016918205	0.848419879	0.837584262	0.847795126	10.63847205	5.320837953	63.56275688	67.19633193	-0.015268924	0.920064932	0.956284663	0.939889141	7.228094059	-1.829072998	110.8432647	73.93382378	0.957833519	0.913749471	26.6991231	24.36077478	52.14666733	53.93319368	39.6153123	30.6291656	178.5522635	116.9272339	137.5911677	89.97817475	41.16477118	26.07177801	0.41817745	-1.166028539	54.77570825	50.93561616	152.3318625	144.4370918	40.49938705	39.4062428	107.3184124	99.59600171
wh14210N	wh14210N	-0.016918076	0.850298704	0.831615361	0.836905723	15.45399584	9.110871692	63.93989643	68.13790537	-0.023334456	0.920173403	0.951109967	0.934835963	4.72404563	-3.573208899	91.67248444	62.55364628	0.911731749	0.894031822	34.68856244	25.655535	53.28755236	55.094655	37.54448249	26.46429223	174.8663161	112.4683462	132.3102722	82.94725867	41.97696139	27.97670422	0.959966491	-0.869598709	55.94303129	52.49835483	151.2143737	143.4821159	40.43925027	39.29100923	104.501413	97.20660501
wh92047	wh92047	4.13E-07	0.912737928	0.839485496	0.820213376	11.57537969	8.540112703	67.42076171	68.93372464	-0.002506437	0.953337332	0.93321961	0.914651982	1.706523263	-2.586489679	86.40693201	50.63699451	0.84822481	0.803803173	3.818659958	8.976544218	61.50793588	55.59002346	38.86674736	40.95944711	130.3370822	121.6618894	107.6495211	102.6147256	22.49424952	18.00967388	1.947676565	-0.603485556	36.03689537	40.76664732	139.3032556	145.4228731	36.09761256	39.00124645	54.23577939	98.47625145
wu07812	wu07812	-0.016918205	0.869855743	0.860502749	0.86026282	14.54636413	8.531037562	57.5839925	63.79121545	-0.021598273	0.93007107	0.958500923	0.937801017	9.914274869	0.839786189	87.26741359	52.15642927	0.941423139	0.930722144	79.83634781	70.14273849	56.50793588	49.9101447	26.36674736	33.02340079	142.3370822	129.7457006	117.1495211	105.8532142	24.99424952	21.76011011	-0.052323435	-1.247705892	44.53689537	35.66159765	102.3032556	143.4615544	30.09761256	38.98434026	125.1107791	100.281442
wu10802R	wu10802R	-0.016918152	0.869855632	0.850005229	0.833061712	13.38285036	8.178420805	60.89966498	65.34016764	-0.016818927	0.931308827	0.945190014	0.925846015	4.842941665	-1.918042359	99.95267506	66.02710799	0.963617722	0.952097922	43.22852292	46.98807909	54.83211203	51.89389061	30.86844659	32.97531099	122.5555025	111.8657493	93.85110463	89.48864146	28.45830155	21.59587352	0.371689821	-1.243210515	51.07977431	55.94329263	102.8199993	142.2083625	33.23635723	38.83537876	130.8607794	100.8529192
wu10804R	wu10804R	1.972347552	2.759997498	0.831321487	0.834279868	20.00838663	13.96524317	72.06371469	76.17582229	1.984548816	2.885779719	0.936505566	0.919062701	7.140614632	-1.56438317	65.18916187	28.88265139	0.874873986	0.863265809	27.56229412	27.97358126	65.27408421	60.50150794	41.45830089	39.4853011	122.3495977	115.9441084	89.00200082	85.38038492	32.85575809	29.38468356	1.029406611	-0.60529682	33.05810902	33.93682783	104.4861707	143.3495598	35.84621263	38.98245023	60.86077848	100.078599
wuh07177i	wuh07177i	0.004549762	0.9320169	0.864036521	0.820902506	12.99577461	10.66008693	68.6972256	66.07264042	-0.021279375	0.959073845	0.963061506	0.937512042	0.617552204	-5.651607611	102.7784756	79.12652199	0.82312718	0.859161989	1.964518998	9.250394531	55.00793588	52.13447021	27.36674736	21.53814378	130.8370822	83.7370285	102.1495211	71.91557901	28.49424952	21.50258192	0.447676565	-0.973917761	44.53689537	41.72919807	123.8032556	141.9282071	40.59761256	39.55048071	48.48577928	97.13480798
wuh07182i	wuh07182i	-0.016918267	0.869855432	0.80234824	0.816515759	17.03822361	11.01930104	55.39533042	60.83813941	-0.022355622	0.928895292	0.91651465	0.911288859	7.905911834	-0.675859394	85.99857915	57.09951544	0.886318253	0.89209294	63.9679468	62.21753141	52.33211203	47.18482835	14.36844659	18.26926433	115.5555025	113.2685753	86.85110463	90.99187895	28.45830155	21.43292633	1.371689821	-0.200731233	62.57977431	57.85734128	98.81999929	142.7282321	32.73635723	38.91935657	86.56911218	97.90753462
wuh07186i	wuh07186i	-0.016918133	0.869855744	0.855989547	0.84649538	12.83299671	7.106684761	69.02936516	71.92359101	-0.019851363	0.930293901	0.936289044	0.919197141	2.989435561	-4.741145489	82.72129055	58.1909927	0.886893143	0.866049389	66.3675128	66.3365092	57.14837188	52.34460502	24.09438017	20.41106082	126.4038408	101.0591849	97.50701804	81.54341066	28.45600816	18.63675997	0.611606544	-1.132756388	47.99348867	45.54200155	121.0972577	144.3987186	34.4731556	38.77819293	84.48577867	99.14347831
wuh07422i	wuh07422i	-0.055303319	0.917617557	0.82218255	0.830664505	12.9271052	7.032294831	58.89505972	64.79028872	-0.019262245	0.958805394	0.949794469	0.927524432	9.496549551	2.205488128	97.44077987	48.73602358	0.89575824	0.866994759	6.792348797	19.98940487	59.19095676	50.80247867	21.11962573	23.8199645	102.8791848	110.5513175	75.98189281	83.90967837	25.58606303	24.75152703	1.611342861	0.115448744	43.27836846	42.29483528	129.5427409	144.5849271	36.99955887	39.10748498	42.73577857	98.39893891
wuh07428i	wuh07428i	-0.016918431	0.869855457	0.870112455	0.866482383	13.79813836	7.407869426	51.81111951	56.42212769	-0.026508103	0.928540376	0.947278809	0.935562779	2.192962485	-6.123809979	77.57650854	49.81157909	0.890236298	0.918358832	57.07308649	53.55361055	54.14837188	45.67192879	12.59438017	22.37455087	83.90384085	88.03501087	58.00701804	67.98248095	25.45600816	19.61397674	1.111606544	-0.8375102	42.99348867	46.24641846	89.4642164	141.5495826	28.5562254	38.8144388	20.73577992	95.99380652
wuh07429i	wuh07429i	-0.016918889	0.85029798	0.835630999	0.836179379	9.594062376	5.148538969	65.30049129	69.77178167	-0.019598639	0.921749015	0.953723009	0.935379721	1.403354321	-5.890371497	91.23554127	54.01440168	0.905394142	0.89926662	21.33605927	23.57564248	54.63364821	54.53372743	20.23066807	25.36340193	115.782839	101.3047053	87.64450389	77.76587003	28.39399945	22.91798402	1.365476631	-0.772314293	50.10151572	50.71650156	78.32520988	141.6859674	28.38759979	38.62594224	85.61077823	99.17043697
wuh07466i	wuh07466i	-0.016918204	0.869855661	0.835324682	0.836533193	10.04092408	5.173191248	56.33604027	60.81069218	-0.023218915	0.929640572	0.941946215	0.924139849	10.7945408	2.123248598	107.4179426	66.04651986	0.906337174	0.902662286	50.09125823	46.92012698	44.95256624	47.05667507	33.27191175	22.93609201	173.5003335	109.5717136	137.7942764	88.38356233	35.28082353	19.87875873	0.461383823	-0.941188141	52.27572472	47.21931952	151.540667	143.9548016	40.23253655	39.10092859	104.0345975	97.19156214
wuh07469i	wuh07469i	-0.016918644	0.86985556	0.852376116	0.843721956	11.09148491	8.189666836	56.51004471	61.52860677	-0.016737651	0.931595692	0.944931968	0.92877986	10.14248177	1.482790047	77.8103839	51.31421271	0.971624934	0.940753087	22.84859625	23.52247889	59.27408421	49.61223805	19.45830089	25.95648678	117.3495977	117.6714982	99.50200082	93.10258417	24.35575809	24.16992769	0.529406611	-0.444688696	45.05810902	51.48104694	147.9861707	144.2692399	28.84621263	38.93047604	46.86077984	99.08815235
wuh07481i	wuh07481i	-0.01691865	1.175160054	0.854413994	0.846540787	19.98813277	13.10777855	57.62144721	61.92716339	-0.023622323	1.21306387	0.956064507	0.931879091	13.94352384	3.506047752	90.46463319	59.09277438	0.980434583	0.920685376	46.6759422	50.55277724	54.63364821	48.37404022	25.73066807	32.27994249	127.782839	121.7225732	97.14450389	95.22516867	30.39399945	25.43147148	0.365476631	-0.947097235	54.60151572	52.11803526	120.3252099	144.8294742	37.38759979	39.46443532	37.11077869	98.26281139
wuh07492i	wuh07492i	-0.01691829	0.869855635	0.829661216	0.827969711	14.07424339	5.827388528	53.74854154	56.86005741	-0.022410285	0.929271989	0.923384415	0.910779622	5.852916272	-1.557807494	82.47890253	46.0818766	0.978911701	0.933196308	33.45000057	25.43370475	54.57890691	47.46709552	13.39611181	21.01137229	108.6228691	111.4773257	75.28404028	84.88303477	32.9219567	26.05955563	2.077481351	0.176690669	59.12831171	59.6697479	110.4792907	143.4197009	25.80510486	38.6827513	50.69411306	97.38606419
wuh08127ia	wuh08127ia	1.322115138	1.322419596	0.790463252	0.790552099	21.0636315	20.95354637	62.2900867	62.14475384	1.328627757	1.328806396	0.933993019	0.933970567	-3.007361452	-2.765530129	69.62675028	69.91686263	0.863125205	0.862851222	-0.647005065	18.84406983	54.64837188	50.61740178	37.09438017	31.02881565	149.9038408	108.8947085	117.507018	89.01838441	32.45600816	20.11280262	1.611606544	-0.746319529	48.49348867	43.16402682	117.9642164	143.0132387	36.5562254	39.38170255	53.11077865	98.38031538
wuh09093i	wuh09093i	-0.016918335	0.869855769	0.858716307	0.851586052	12.90334174	7.628577455	53.63341619	57.31038048	-0.021598944	0.931162134	0.937214483	0.921808607	11.00614638	0.164288322	86.55351439	53.57807596	0.907811821	0.889228764	72.21445422	69.32661805	52.83211203	44.94058683	23.86844659	28.53667501	138.5555025	125.3210414	104.3511046	95.84363099	33.95830155	28.07820045	1.371689821	-0.351645204	58.07977431	56.25783841	129.3199993	144.2498341	31.73635723	39.0852522	57.98577822	96.25148679
wuh09097i	wuh09097i	-0.016918398	0.869855763	0.848586187	0.8471731	16.25966349	7.776519088	62.39614999	61.589038	-0.019475946	0.93064549	0.946986832	0.926574419	3.302773951	-2.393085549	90.20119084	41.86559304	0.897422179	0.877300837	26.51954575	27.78926333	50.59924572	48.49220916	23.73558505	16.54040305	124.1735518	85.53868829	91.6956301	62.19954335	32.11655492	22.52619526	1.372058236	-0.044930984	42.44351991	37.31843734	151.1313893	143.650516	39.94988729	38.70812171	103.3579345	98.1201348
wuh09098i	wuh09098i	-0.016918428	0.869855797	0.831074829	0.829326604	19.0595275	16.33047331	62.48051772	64.9482467	-0.019254176	0.930125551	0.958410781	0.931070456	6.580280055	1.338632	89.61455502	59.23178043	0.852049583	0.877805284	16.07571886	24.11685019	54.82347645	51.04901313	14.57149289	32.45747762	144.5758614	136.1617186	111.2937196	103.819326	33.58147624	31.01739568	1.091176307	0.121093597	41.10579716	40.55246802	137.8311751	145.5481744	43.6392952	39.6128137	55.11077936	100.1647218
wuh09144i	wuh09144i	-0.016918001	0.869855467	0.847595577	0.854667251	17.86431902	8.78840083	59.49651938	63.02878486	-0.022391498	0.928154788	0.953173025	0.938358633	7.903569585	-0.836019737	121.5771038	76.84435007	0.950513758	0.943535033	65.00357941	59.06570278	57.64837188	50.59233807	23.09438017	29.09564892	110.9038408	113.9626876	78.50701804	82.96874758	32.95600816	30.03487833	3.111606544	-0.262886265	49.49348867	50.81718705	117.9642164	145.3423179	34.0562254	39.22814148	61.98577831	97.94578247
wuh09149i	wuh09149i	-0.016918322	0.869855501	0.86095675	0.847084268	19.49706517	10.62244768	58.66873092	64.74455294	-0.02351605	0.929345797	0.955649645	0.938194704	12.55940605	2.194872475	85.743334	56.09505972	0.947180885	0.893915107	57.22224467	51.96304981	55.50793588	49.88595828	7.866747359	22.33967401	87.83708217	99.47050238	60.14952112	75.4149524	27.99424952	23.33234179	1.447676565	-0.932337756	49.53689537	43.84153219	125.8032556	144.9028873	36.09761256	39.11154353	63.61077914	96.40234278
wuh09150i	wuh09150i	-0.016918136	0.869855703	0.821645741	0.835704943	24.82787135	20.16714155	57.41085156	61.57465033	-0.021543418	0.931169056	0.945435281	0.926290643	6.611298102	-3.15212846	111.4623016	74.16041039	0.972166767	0.925172891	24.29998394	26.68244885	53.20461924	48.1176483	16.26003252	20.46345987	120.0686259	106.579551	89.77902305	80.29178513	29.82170663	24.78103533	-0.004718582	-1.335046574	55.19293206	48.00735425	114.001245	143.0937229	36.0950921	39.40155218	70.99999886	95.30930457
wuh09153i	wuh09153i	-0.016918836	0.869855454	0.815729342	0.820733008	23.38928022	12.94258043	64.99681049	69.88645428	-0.021922559	0.928370603	0.942966753	0.914789666	15.91089934	3.274160992	120.4856489	61.92487381	0.901628171	0.903335507	31.43855631	22.70383604	61.63364821	56.86557131	29.23066807	40.33829794	112.282839	101.7069427	81.64450389	75.41727817	30.89399945	24.50379009	0.365476631	-1.07937661	43.60151572	43.76551181	152.8252099	149.5723077	34.88759979	39.45118149	70.61077846	97.91603619
wuh09164i	wuh09164i	-0.016918625	0.869855542	0.850721792	0.818396252	15.04253417	12.18517548	55.75226031	61.97986399	-0.01849217	0.929460819	0.946641514	0.915138318	9.644358161	-0.745916552	90.67420996	45.36140222	0.848757834	0.846381604	51.99270898	42.97578332	56.69167603	49.61658087	12.14081378	20.68020469	87.98874384	95.333732	59.49360771	73.36508215	27.49654291	21.91341115	0.707759842	-1.208139575	45.62318102	48.26476923	115.6590385	143.965085	29.27774439	38.84666536	71.48577911	98.46630795
wuh09170i	wuh09170i	-0.016918243	0.869855414	0.83064935	0.8267296	12.26761032	5.450506093	54.81867922	60.37634797	-0.018344289	0.929410436	0.939960108	0.927499661	6.005341832	-2.6859937	90.37103404	55.67607658	0.968209921	0.951190797	48.17854651	44.10702385	53.83211203	47.42420612	15.36844659	23.0987156	112.5555025	112.111435	81.85110463	89.77503989	29.95830155	22.11000188	0.871689821	-0.812889883	56.57977431	52.79907535	129.3199993	144.1755142	32.73635723	38.90115844	62.98577909	97.39004541
wuh09174i	wuh09174i	-0.027651734	0.888046672	0.831884113	0.84550331	18.82232267	11.28448983	63.98260933	64.58325738	-0.017917426	0.943515571	0.906656423	0.907950842	9.089308868	5.462653252	72.58582189	43.31005139	0.879710622	0.906457688	6.862368986	25.41839419	53.07890691	49.11417771	25.39611181	25.36476403	144.1228691	124.0990556	109.7840403	95.50847364	33.9219567	28.13741321	0.077481351	-0.685047639	43.62831171	43.61153492	139.9792907	147.6944048	33.30510486	38.86743841	96.48577919	98.80204322
wuh09183i	wuh09183i	-0.055303232	0.917617899	0.844603765	0.828244178	10.66101429	5.594147599	57.57949328	60.12528045	-0.029990657	0.956028223	0.956510779	0.932201519	8.102879062	2.529323038	85.00670861	54.11544626	0.840860832	0.91686799	1.894131985	21.82332412	54.19167603	47.41263995	22.14081378	21.6915613	98.98874384	88.82368224	74.49360771	73.80409163	23.49654291	14.75196895	0.707759842	-0.892729141	47.62318102	44.83230868	141.6590385	146.0965277	28.77774439	39.00583665	63.48578012	99.09899973
wuh09191i	wuh09191i	-0.016918773	0.869855592	0.836006218	0.840971928	14.05216502	8.97979145	59.96044611	65.2114926	-0.023258499	0.929284088	0.939664905	0.931220121	10.64560861	-0.775517942	136.7433398	76.2770204	0.945979466	0.928883414	15.58708669	19.70378473	57.83211203	51.34003008	36.36844659	31.47824388	155.5555025	141.6235947	116.8511046	114.4510013	37.45830155	26.44821301	1.871689821	-0.573414478	64.07977431	60.02780011	137.3199993	144.1560214	39.23635723	39.65532713	61.36077984	101.1806288
wuh11801i	wuh11801i	-0.016918223	0.869855892	0.872419867	0.849194243	13.33421316	8.218406479	56.72076372	61.65393905	-0.022911057	0.929752797	0.951774813	0.932955779	12.92719965	3.475601734	104.216122	68.81549783	0.92478446	0.892053603	50.42616844	55.14947941	52.83211203	47.70536738	29.86844659	32.06164978	130.0555025	112.3208123	100.3511046	87.04185851	28.95830155	24.20762564	0.371689821	-1.166198972	45.57977431	50.13112683	136.3199993	145.9441029	33.73635723	38.95787323	98.11077845	99.45063426
wuh11809i	wuh11809i	-0.016918587	0.869855599	0.840490378	0.849571839	19.27883615	12.31846182	67.85405062	66.38953659	-0.025242921	0.92825423	0.948482425	0.936005542	5.046293168	0.035348486	81.909503	53.8958624	0.961990696	0.919163937	5.593609309	15.76474251	59.29716793	55.11707176	17.57149289	30.11759105	98.5758614	124.7542085	80.29371963	100.5737243	17.58147624	22.97414815	0.091176307	-0.011445999	34.10579716	42.23296425	153.650739	147.0275398	40.10651872	39.19563751	48.00000177	99.51996367
wuh11810i	wuh11810i	-0.016918487	0.869855602	0.847397546	0.847433499	12.24159337	7.456548911	70.54836015	72.73374503	-0.024212534	0.929335916	0.945645761	0.932971148	14.98662264	9.05571032	88.80247861	48.2197353	0.883358329	0.882734733	26.77916842	32.43758881	58.07890691	56.2484678	34.39611181	29.56533664	139.1228691	116.7997193	103.2840403	89.42727728	35.4219567	26.96915039	1.077481351	-0.484272337	40.12831171	43.56527994	112.4792907	144.8908866	36.30510486	38.8460898	82.36077942	100.4666859
wuh11811i	wuh11811i	-0.016918385	1.022507906	0.861504276	0.852654752	18.37103607	12.46150044	61.59256368	64.90479394	-0.020394312	1.071764425	0.949650529	0.934064299	5.915814256	-0.930230676	97.84642485	58.77891161	0.917572174	0.890375332	65.06104537	65.35077449	54.19167603	50.01959994	25.64081378	21.7310712	126.4887438	96.91332019	91.99360771	73.30481308	34.49654291	22.78674297	0.207759842	-1.167664551	47.62318102	50.46659384	130.1590385	144.1043174	40.77774439	39.10233054	154.1107782	100.6923021
wuh11812i	wuh11812i	-0.01691828	0.869855835	0.84894036	0.863353539	18.11715298	10.72320879	61.49286023	64.73575565	-0.027375802	0.927937279	0.955008713	0.941760712	16.41335131	7.931547304	109.4551297	70.26879928	0.881066481	0.831847742	59.4576301	62.70331584	55.33433738	49.53428507	20.22073073	22.23268246	94.66987679	91.45131631	72.27436093	68.83602471	22.26243715	20.91708427	1.063786395	-0.874089108	50.15082625	50.18921719	119.1274062	143.7230862	39.97091452	39.28582853	108.7357796	100.1719565
wuh11813i	wuh11813i	-0.025377194	0.888894329	0.82821962	0.820271899	21.84971463	16.95077227	72.29456012	68.11421656	-0.03221244	0.937108953	0.906802937	0.909757751	2.42397915	-4.843299424	61.72653874	49.57281565	0.882620136	0.870034113	4.685238656	13.58158133	50.19167603	50.6584268	20.64081378	15.64329397	114.4887438	69.56569095	87.49360771	52.27720808	26.49654291	15.84959512	0.707759842	-0.946215787	43.62318102	45.06609583	104.6590385	142.3587624	40.27774439	38.69577779	59.8607791	96.73901527
wuh11816i	wuh11816i	-0.016917849	0.869856047	0.814215289	0.833279928	22.48727665	12.17443015	75.16651095	75.68917916	-0.020097143	0.930445533	0.916748359	0.905833829	10.28079461	2.564361626	79.0904866	44.1099813	0.898394395	0.920581699	10.29760747	23.68769766	59.73336822	59.64876887	45.57149289	42.964679	158.5758614	142.8460697	126.2937196	109.7243475	32.58147624	32.39983252	2.091176307	-0.457426493	37.10579716	38.5654487	149.6558891	142.3500514	40.1104041	39.0058875	107.2192126	99.13663813
wuh12018i	wuh12018i	NA	NA	NA	NA	NA	NA	NA	NA	NA	NA	NA	NA	NA	NA	NA	NA	NA	NA	0.94384349	-2.497965496	56.50793588	50.89738055	29.86674736	30.08809279	133.8370822	119.909842	103.6495211	95.03701047	29.99424952	23.97863822	1.447676565	-0.412555147	58.03689537	57.11227136	128.8032556	149.1689229	38.59761256	43.16482486	22.00000065	36.65028356
wuh12019i	wuh12019i	-0.016918191	0.869855984	0.850428129	0.845807929	9.788368725	5.646004699	57.62603876	61.35624461	-0.024370074	0.929283387	0.935589123	0.928157631	5.829866969	-0.339703061	77.51962064	68.55371389	0.923503764	0.904353061	38.37320809	44.24026926	57.83211203	49.16493556	18.86844659	31.19066396	98.55550252	102.7747781	73.35110463	75.98215015	24.95830155	24.13118637	1.371689821	-0.271672646	49.07977431	43.16703802	106.3199993	143.9540338	27.23635723	39.05907718	56.61077881	97.2580036
wuh12020i	wuh12020i	-0.0169185	0.869855553	0.841712175	0.831183775	11.60236304	7.327370098	56.05051361	61.01431305	-0.020868977	0.929721269	0.96090452	0.938824653	9.489386833	0.310799322	88.45317997	56.82726051	0.935031646	0.930429354	54.7990896	59.02132883	58.50793588	49.22477794	15.36674736	24.15764566	82.33708217	85.69408073	60.14952112	70.24352451	21.99424952	15.02045855	0.947676565	-1.016785429	40.03689537	35.14861319	150.78395	143.7581771	40.27091952	39.12233596	58.86077814	97.34787393
wuh12027i	wuh12027i	-0.016918546	0.869855625	0.869925554	0.869898299	14.13930607	7.039018851	56.36007338	63.70655907	-0.020126232	0.930457544	0.957558038	0.93717041	5.064860451	-4.161443759	85.56678393	46.27151537	0.91965007	0.905319159	46.97887358	34.98234429	53.69167603	49.69711363	39.14081378	23.41362831	90.48874384	88.82874836	69.49360771	72.47150175	20.49654291	15.72383799	0.207759842	-1.101525963	39.62318102	37.52309304	139.6590385	146.8256399	34.27774439	38.9710662	56.15244578	97.83223722
wuh12035i	wuh12035i	-0.01691844	1.175159795	0.857464274	0.856495327	12.9132351	6.852124639	60.21044486	62.29437965	-0.020005012	1.212747113	0.947246045	0.933301783	2.914680999	-3.483388514	66.707944	36.27588756	0.881603109	0.862769998	24.17504675	37.49607371	53.70461924	49.66269793	23.76003252	22.31162984	103.5686259	88.41802123	80.77902305	72.65429187	22.82170663	15.64842566	-0.004718582	-1.127012291	59.15082625	52.11296694	107.001245	142.267757	26.5950921	38.57217236	44.98577914	98.01715687
wuh12037i	wuh12037i	-0.025377124	1.634158044	0.849089125	0.836580063	15.47562904	7.808545229	66.90420069	66.46594965	-0.030665761	1.637293301	0.946665029	0.922880466	9.392415483	1.359778062	79.65855051	47.81992898	0.840211644	0.868007852	12.54635807	21.63020189	59.27408421	53.48046496	15.95830089	20.90577022	116.3495977	113.5439865	85.00200082	89.58591977	31.35575809	24.46991273	1.029406611	0.119014728	55.05810902	55.50043277	96.98617072	145.3253231	26.84621263	38.9230785	51.90244646	100.2167474
wuh12039i	wuh12039i	0.004548227	0.932016401	0.68691258	0.795708893	16.5816433	9.827586304	77.29080617	65.76240482	-0.023415611	0.959876373	0.889628887	0.908121169	2.02138832	-5.501214045	101.8213213	58.25534865	0.851922142	0.892183221	6.806238956	14.26395178	56.77408421	51.54548025	18.45830089	14.64523809	106.3495977	61.20945932	80.50200082	44.84239346	24.85575809	15.3689895	0.529406611	-0.548369256	26.88118017	32.89312368	110.9861707	142.2089823	34.34621263	38.8117432	76.36077948	98.37465566
wuh98032	wuh98032	-0.01691817	0.869855797	0.833177	0.827241767	14.97551473	7.00791333	62.0427878	65.87778995	-0.021325112	0.930084395	0.954441907	0.934860405	3.544176966	-5.411835945	92.65256838	47.16810126	0.93403347	0.895352625	38.16887985	34.36235337	64.82347645	53.84403195	16.89611181	22.65015602	120.6228691	120.2428368	94.28404028	95.00507709	26.4219567	24.0731992	3.077481351	-0.63084546	54.62831171	49.94854576	149.4924358	142.7979319	40.41804897	39.27584506	27.27744543	100.4311997