geno	ID	STC_19	DTP_19	EH_19	PH_19	FLH_19	TE_19	TIL_19	LA_19	EL_19	EW_19	KRN_19	GER_19	NEL_19	SL_19	GER_21	LA_21	EH_21	FLH_21	PH_21	TIL_21	TBN_21	DTP_21	AC_21	DTS_21	SC_21	ASI_21	TE_21	TPF_21	SL_21	EL_21	EW_21	COV_21	SOL_21	TP_21	CUR_21	PH_22	FLH_22	EH_22	LA_22	NES_22	TIL_22	TBN_22	EL_22	SL_22	EW_22	COV_22	SOL_22	TP_22	CUR_22	TPF_22	STC_22	DTP_22	AC_22	DTS_22	SC_22	HP_22	TE_22	Carb_Starch.BLUP	Carb_Total.Polysaccharides.BLUP	Carb_WSP.BLUP	Carb_Glucose.BLUP	Carb_Fructose.BLUP	Carb_Sucrose.BLUP	Carb_Total.Sugar.BLUP	Vol_beta_pinene	Vol_β_Myrcene	Vol_beta_ocimene	Vol_linalool	Vol_DMNT	Vol_benzyl_acetate	Vol_methyl_salicylate	Vol_Phenethyl_acetate	Vol_Indole	Vol_methyl_antranilate	Vol_cyclosativene	Vol_epi_sesquithujene	Vol_β_trans_Caryophyllene	Vol_trans_α_Bergamotene	Vol_β_Farnesene	Vol_Humulene	Vol_Germacrene_D	Vol_β_Bisabolene	Vol_β_Cadinene	Vol_γ_Cadinene	Vol_Cadina_diene	Vol_trans_Nerolidol	Vol_TMTT	Vol_Caryophyllene_epoxide	pg21_BLUE	pg28_BLUE	ww21_BLUE	ww28_BLUE	adjpg21_BLUE	adjpg28_BLUE	spg21_BLUE	spg28_BLUE	sww21_BLUE	sww28_BLUE	sadjpg21_BLUE	sadjpg28_BLUE
13B-587-68A	13B-587-68A	10.40647569	63.64836439	37.59507993	152.4038805	111.0070372	41.45592234	2.111606205	44.49346972	119.6100302	37.05640042	13.00750573	80.52123249	1.410320157	36.6107732	54.62889665	49.38294738	24.96137585	88.90548886	129.3181299	1.377718045	9.973673463	65.9205884	1.983081587	68.1353457	1.979950447	-2.409897689	40.24118022	0.893346108	3.917633204	11.81816439	4.023842074	0.831982201	0.933075676	96.08504604	23.03411364	108.8305751	76.76726866	19.15454601	52.01053816	1.092759263	0.640994249	4.879066822	7.667350247	3.070291209	2.459739268	0.810207632	0.902087596	64.08964852	13.02444824	0.986690779	14.71149409	68.7615821	1.988781423	72.68331942	1.998594742	2.014218492	32.39000924	NA	NA	NA	NA	NA	NA	NA	NA	NA	NA	NA	NA	NA	NA	NA	NA	NA	NA	NA	NA	NA	NA	NA	NA	NA	NA	NA	NA	NA	NA	NA	106.1569314	98.52169342	71.96587514	57.55250171	376.0441507	232.7803895	105.6161355	97.74588266	71.99001655	57.71897269	373.3688281	230.2554127
14H-588-68B	14H-588-68B	8.145945343	61.63364469	46.23097024	188.2828635	145.6445119	42.39560233	1.365486478	46.1014928	122.9787011	37.38782815	13.11337709	31.20184831	6.846297489	163.1107691	14.02684877	59.09599301	32.10824618	123.901427	165.0511179	1.514832577	9.022097911	69.21099308	1.983081599	68.86946847	1.646358988	0.203445108	40.81988121	0.900927713	17.17578201	13.95929469	3.417299111	0.827121407	0.940344226	75.77113374	30.5431866	154.3491325	110.3010828	29.99857442	56.7979482	1.842759642	1.116646296	9.431911612	11.5766085	12.68977135	3.573051676	0.806548133	0.931559627	87.18760302	20.60696187	0.867152746	63.7802115	61.43357975	1.322114759	61.79403932	1.331925391	4.455791832	43.35731499	NA	NA	NA	NA	NA	NA	NA	NA	NA	NA	NA	NA	NA	NA	NA	NA	NA	NA	NA	NA	NA	NA	NA	NA	NA	NA	NA	NA	NA	NA	NA	81.55222399	126.0716935	71.44382789	56.60256172	282.2079859	292.5931126	81.05428113	125.2959509	71.50662008	56.76901501	281.3201935	290.0684213
176	176	NA	NA	NA	NA	NA	NA	NA	NA	NA	NA	NA	NA	NA	NA	78.39339463	33.80001097	23.24706193	67.21615232	100.1306818	0.108403531	5.676941802	54.81700435	1.983081939	56.31145123	-0.022734902	-1.482019292	32.82033257	0.907919564	6.018270634	11.27276783	4.114555835	0.837754261	0.940239998	119.2395648	19.94236225	97.79296603	64.15097802	14.48865727	42.02901354	1.342760377	0.268028367	2.843072371	10.01082981	6.427032632	3.381859417	0.816312189	0.934134911	80.4453229	19.20406324	0.922648765	81.70365081	54.38516276	1.32211473	53.61326899	0.665262253	1.241781687	33.81306028	NA	NA	NA	NA	NA	NA	NA	NA	NA	NA	NA	NA	NA	NA	NA	NA	NA	NA	NA	NA	NA	NA	NA	NA	NA	NA	NA	NA	NA	NA	NA	NA	NA	NA	NA	NA	NA	NA	NA	NA	NA	NA	NA
197A-381-68A	197A-381-68A	3.145491806	59.69168358	25.64050364	163.9887154	124.4935944	39.49633621	0.207755852	54.12319098	NA	NA	NA	23.73783306	4.611883055	122.2774445	52.9646521	50.52152172	31.05550843	113.0139388	151.7165717	-0.023594131	10.33613559	63.53961467	-0.016918264	63.05716941	-0.016765792	0.50554729	39.14310683	0.873500656	7.470318753	15.72731002	3.765199336	0.819488754	0.94680949	109.4005678	15.76926542	145.8848291	111.973048	23.01500837	55.78517504	0.926095802	0.30010297	8.742931996	10.48569107	11.99186107	2.650619745	0.806549998	0.904664288	67.41607155	18.19102921	0.909066574	64.12038629	62.05366004	-0.011218769	63.3281245	-0.00140882	1.318878612	33.94716235	NA	NA	NA	NA	NA	NA	NA	1274769	148876.6667	258913.3333	234634	4534764.333	28619.33333	3871.666667	10641.66667	5118887	53382.66667	1113307.333	60362	138143	1431146.667	2309757	120224.6667	242537	67956.33333	148827	233398.3333	434507	25602.66667	191825	6334.666667	NA	NA	NA	NA	NA	NA	NA	NA	NA	NA	NA	NA
2	2	6.645491806	68.19168358	46.64050364	143.4887154	115.4935944	27.49633621	1.707755852	35.62319098	101.1987946	28.77754641	10.9676838	50.63783306	2.346291227	51.2500209	26.22015658	44.68847134	22.63410581	75.35220552	99.41400866	1.1914962	7.672191618	71.41389571	1.974622269	70.83296968	1.964484399	0.735464628	24.00481598	0.893232474	3.948498804	10.07299696	2.477306916	0.83021977	0.927008966	73.04196013	10.9730114	121.5303986	93.00890007	34.91574546	40.95971133	1.842761644	1.12541198	7.707488967	10.21000894	3.419073791	2.78846581	0.801430666	0.937370155	76.48228102	11.91060061	0.942095791	67.05821725	64.64280679	-0.011218519	64.78523741	1.665259427	0.575641258	28.11553097	16.59656083	35.88754883	19.13756903	3.897333755	3.644814644	8.950750552	15.7513449	64709	109194	98479	181020	832298	5793	31	112211	419446	749	20795	864	16436	6045	15350	21462	3054	14451	7858	11667	20492	1519	110014	603	83.90875878	104.160008	68.72924423	53.10002281	269.8617393	222.0895637	84.56872214	104.1600784	68.76896992	53.10000231	269.7776739	222.0895792
21-396-68B	21-396-68B	11.33789576	58.07890387	44.89635606	183.6228845	144.2840474	39.4219893	1.077482578	42.12830549	105.8783559	30.30505101	12.58019443	88.03569105	8.688933441	161.2357695	31.66930897	48.04955128	24.36838801	105.6775609	148.2446581	1.624752352	7.061663493	67.77357559	0.002274521	67.28433164	-0.01340638	0.529885643	42.33922074	0.936278886	13.04907017	11.39733517	2.586553708	0.868126708	0.940164457	71.90285835	9.179698953	159.6474726	116.6134546	32.10616718	46.93235979	1.676093358	1.426663676	10.28250244	12.065675	12.79279553	3.618647467	0.821062673	0.949221141	94.70546735	12.26558194	0.956565895	87.97162733	59.09913697	-0.01121862	58.97563947	-0.001404756	4.693171106	42.82474158	NA	NA	NA	NA	NA	NA	NA	207817	137806	54751.66667	894274.6667	1711383.333	30694.33333	132884	2752	2992225.667	40843.33333	372164	19320	1861682	843681	1644767.333	539330	163191.3333	50126	65646	46504.33333	160983	88538.66667	289785.6667	123497	110.082861	142.0099921	69.58011592	42.89998764	359.40584	248.7040136	109.4442153	142.0098846	69.59174905	42.89997126	355.6224127	248.7038547
226	226	NA	NA	NA	NA	NA	NA	NA	NA	NA	NA	NA	NA	NA	NA	70.38910155	38.80022006	15.8599194	72.67669995	102.3167879	0.195793272	5.426426557	54.67515664	1.983081762	53.41526742	-0.015675218	1.21065019	29.80873039	0.928263402	5.094714319	10.67541978	3.768426843	0.82927939	0.939543133	102.5474632	17.69448545	88.42155329	59.94027591	17.11778401	50.38294688	1.592759451	1.500261742	5.846003139	11.09119618	8.079263757	3.19664469	0.795896414	0.914797439	70.98111591	11.39290316	0.939025689	33.81724077	56.32908144	0.988781477	60.19775364	0.998593838	2.178101324	28.46113253	NA	NA	NA	NA	NA	NA	NA	111105.6667	53502.33333	65272	278404.3333	931684.3333	24763.66667	20380.33333	471	150783.6667	1246	32830	5069	538722	107266.6667	216176.3333	241934.3333	46939	22451.33333	12920	189726.3333	92150.33333	11716.33333	220463.3333	19493.33333	NA	NA	NA	NA	NA	NA	NA	NA	NA	NA	NA	NA
245	245	1.145038269	70.19097346	46.11837622	159.8790961	117.9818556	41.58386072	3.611326934	31.27842197	NA	NA	NA	8.68450863	1.856361988	72.86077442	16.77033983	35.47237241	32.07213493	106.4285276	146.7908753	3.216209514	9.318916472	66.99374969	0.002274606	71.03098516	-0.008299951	-3.967569197	40.41181226	0.835675364	9.447484214	11.15590825	2.859670919	0.867175615	0.946974133	70.82046625	11.6563954	145.4344852	106.7002492	27.83262243	37.26197368	1.00942796	2.353353903	10.00655996	10.31893482	12.384718	2.375344725	0.797895762	0.91375128	59.43393711	13.9547692	0.887071954	36.14383855	62.99091009	-0.011218636	66.25228536	-0.001406789	1.806994131	38.85930408	NA	NA	NA	NA	NA	NA	NA	NA	NA	NA	NA	NA	NA	NA	NA	NA	NA	NA	NA	NA	NA	NA	NA	NA	NA	NA	NA	NA	NA	NA	NA	68.049364	100.4400028	66.79754918	47.80001735	203.9334464	192.4138019	67.17780441	100.4400497	66.88947447	47.80001562	200.6044026	192.4139342
257A9	257A9	NA	NA	NA	NA	NA	NA	NA	NA	NA	NA	NA	NA	NA	NA	22.21166164	63.30076716	33.83097441	97.70341819	125.4732104	0.10915602	4.794105501	63.06391707	1.983081692	63.18146306	1.978033813	-0.140320432	27.63827298	0.91293066	7.824119995	10.72423639	3.101432268	0.79410271	0.915106379	83.30393859	18.1659275	139.3592816	104.9917776	40.85367402	73.23024805	2.009427567	-0.207648584	5.928928687	9.661559836	7.656078685	2.992920703	0.803428654	0.924960378	77.71075994	9.172724847	0.906966368	69.87684737	57.07386401	0.98878154	57.91079357	1.998594895	2.51671161	33.64229307	26.8405263	31.6647912	5.087299284	5.450694402	5.784259588	6.910270826	16.4256302	NA	NA	NA	NA	NA	NA	NA	NA	NA	NA	NA	NA	NA	NA	NA	NA	NA	NA	NA	NA	NA	NA	NA	NA	NA	NA	NA	NA	NA	NA	NA	NA	NA	NA	NA	NA
34f	34f	1.837895756	68.57890387	37.39635606	138.6228845	104.2840474	33.9219893	1.077482578	41.12830549	142.3783559	30.80505101	13.08019443	14.98569105	5.765492283	135.4441215	56.9192429	41.32470145	20.89503666	80.51052063	106.3220854	2.012766068	9.84136131	69.46788113	-0.016918343	68.82828136	-0.019709358	0.564124171	25.90659354	0.851424144	11.17525977	11.86800569	3.147883819	0.819480927	0.93983042	73.35801681	13.14278947	95.91681072	71.71563005	13.30715034	32.23097567	1.092758653	1.564919262	10.30079448	10.69492814	5.620915548	2.632514645	0.800259065	0.925738902	56.51032343	11.33017743	0.865573923	71.22602589	66.71772808	-0.0112186	68.37939456	-0.001406161	2.660049256	24.19382432	18.73384553	17.90602053	2.662399163	4.83928412	5.784019932	17.40053927	23.88244563	150063.5	55622.5	35410	513575.5	2054244	39145	3310	13106.5	896981	19633.5	138054.5	33357.5	136321	1180103	2429651.5	123724	1135201	182654	15679	69847	301520.5	164576	313896	4357.5	NA	NA	NA	NA	NA	NA	NA	NA	NA	NA	NA	NA
442A-431-68D	442A-431-68D	8.837895756	63.57890387	59.39635606	195.6228845	161.7840474	33.9219893	0.577482578	54.62830549	98.8783559	31.80505101	12.08019443	68.78569105	1.143137227	111.7357825	32.40368592	56.93862539	28.27108383	119.4536457	153.3159674	0.021525363	6.981427851	65.1282636	1.983081575	66.75045251	1.646387688	-1.76981968	33.90644552	0.913355607	9.794768306	10.99529773	3.097059843	0.834193533	0.923367133	100.3245186	20.20030142	170.4436	136.61759	41.14611458	54.80763362	1.842758878	-0.10805084	9.435747148	10.35642478	12.69266523	3.353033027	0.810928615	0.926164652	114.3132945	18.16462757	0.964517426	91.64159095	64.05424001	1.6554481	67.31606274	1.997889888	1.330606702	33.79469376	NA	NA	NA	NA	NA	NA	NA	47980	8933	62505	10881	361491	3524	75	73	2992	3512	257858	3481	800992	385690	111499	312714	41916	23423	33071	86698	114679	736	9755	7380	90.50182328	185.8616941	71.96333007	40.20252833	325.1271886	312.691015	90.70292876	185.0859357	71.83897731	40.36896021	324.8009327	310.166266
469	469	7.406475695	52.64836439	22.09507993	119.4038805	81.5070372	37.45592234	2.611606205	39.99346972	132.1100302	34.05640042	10.00750573	57.42123249	3.448968345	50.36078656	55.42226524	40.2165677	22.05163306	83.51217434	113.7654381	0.429175264	6.987633218	54.09220294	1.983081461	53.76471269	0.311916745	0.222842303	30.34358697	0.912942627	6.455651715	14.7603622	3.392027211	0.843317844	0.947411657	77.57860107	14.10455803	142.7314249	101.6313074	35.01025061	47.47886616	2.009426592	1.44035899	8.288496823	13.28138423	5.734682862	3.324657926	0.833496224	0.955466708	76.70080231	9.433304709	0.955498801	87.33334458	55.05398216	0.655448024	55.24454363	0.665263367	2.785411423	41.10476	NA	NA	NA	NA	NA	NA	NA	NA	NA	NA	NA	NA	NA	NA	NA	NA	NA	NA	NA	NA	NA	NA	NA	NA	NA	NA	NA	NA	NA	NA	NA	85.08823541	175.9266985	68.18726243	43.70247298	281.3986499	209.735091	84.84353296	175.1509773	68.10155004	43.86892613	279.6854991	209.7349418
471_U6	471_U6	10.33789576	62.07890387	51.39635606	166.1228845	126.7840474	38.9219893	2.077482578	19.12830549	101.8783559	28.80505101	9.080194434	80.33569105	3.833071198	63.36076806	43.30736207	30.46610228	26.7710435	92.51977584	131.8138341	2.104904303	6.982557916	70.01934893	1.983081623	69.75174693	-0.023005794	0.204511123	39.11757615	0.957697723	8.061571707	10.74206288	3.191558134	0.823184477	0.934248494	82.15160287	14.85173763	151.1142641	109.453868	36.56424292	31.87532945	1.842760347	1.587637827	9.162094166	11.29262566	4.653946328	3.020776899	0.844111887	0.950970845	67.55439946	10.10587384	0.946049568	86.21525178	63.65667115	1.655447994	64.16385928	0.665262294	2.94091068	41.55331787	10.8360421	28.3887385	18.72733658	5.19041993	5.572882514	11.76439078	21.34263244	148471	61136	18757	229706	267116	18247	181	3623	516354	5992	70689	3705	23316	72625	126038	14848	6165	15236	5941	42999	33395	4683	28710	1778	88.07069951	126.2566914	74.13911935	51.90253704	339.0570622	264.2592016	88.15696179	125.4808836	74.25233978	52.06900396	338.8971358	261.7344443
592	592	5.906475695	58.14836439	25.09507993	139.9038805	103.5070372	35.45592234	2.611606205	69.99346972	135.1100302	28.55640042	8.507505725	45.92123249	NA	NA	85.2967959	65.1336671	26.90093811	94.23395116	128.5129671	1.972831616	9.349352148	57.65413718	1.983081699	58.73210722	1.644511842	-1.134594828	34.04459032	0.956358995	4.603780554	14.31373766	2.887901266	0.868481608	0.952072806	65.96964064	10.09141082	127.5919017	91.45822146	20.01054593	61.11370407	1.592505961	2.209586898	6.301198618	14.17268207	5.624021266	2.746040222	0.824351843	0.939802905	56.09280042	11.4453925	0.991501488	46.99235903	53.27767116	0.487672079	55.37436949	0.995489896	2.786724139	36.55863411	NA	NA	NA	NA	NA	NA	NA	NA	NA	NA	NA	NA	NA	NA	NA	NA	NA	NA	NA	NA	NA	NA	NA	NA	NA	NA	NA	NA	NA	NA	NA	NA	63.30000504	NA	36.89995339	NA	100.3169489	NA	63.30006186	NA	36.89996801	NA	100.3167997
789	789	6.50174283	51.76265805	23.6691684	117.2744664	86.12809956	30.92276092	1.837555462	46.71463887	127.8543596	31.48482059	9.992341605	50.32669422	5.004840478	113.8607795	50.58881789	42.71658747	15.50020793	68.53860752	97.11896411	0.42792029	6.725018515	55.4137702	-0.016918263	56.24102386	-0.019710347	-0.834672997	28.31763771	0.899684888	7.176538016	14.80865661	3.295988417	0.847845709	0.939574981	87.72936404	16.10178806	89.28279166	62.43629668	16.20937568	51.57058729	1.564985195	1.920729619	3.443534709	15.17684687	7.053255815	3.188699223	0.837826312	0.918816432	52.69845442	18.36169901	0.925804944	46.31058052	55.13162244	-0.011218623	54.51060232	-0.001407398	2.187170553	27.10067302	NA	NA	NA	NA	NA	NA	NA	161338	179658	29940	373936	1106482	7907	18911	1380	726449	29192	405151	9990	479823	867742	665758	126543	444636	16172	45429	61569	192808	45235	28143	14904	82.15276075	101.586687	63.32809538	41.20256288	222.7487138	174.6374764	81.43064273	100.8107958	63.33512223	41.36899224	219.4355669	172.1125594
81-1	81-1	NA	NA	NA	NA	NA	NA	NA	NA	NA	NA	NA	NA	NA	NA	28.22091133	36.63372078	61.63530866	127.0076577	165.6923491	0.659531965	16.41058981	78.47768133	2.93E-07	78.62264859	0.002549996	-0.039194609	38.56113534	0.970485109	8.324934898	12.05887106	2.095386506	0.884111824	0.92061208	46.35982934	9.350989125	166.3546697	120.5828845	51.25348327	35.63514532	1.34250745	0.30471539	16.52344266	13.11065459	8.080090632	1.988524866	0.879229741	0.917519788	23.10806178	8.559018165	0.999999999	33.44308106	83.41168342	-0.012327437	87.59051153	-0.009020975	0.662217316	46.34145008	11.17852389	30.23714568	21.2743716	4.49958218	4.745875483	11.70503027	20.23762185	244667.5	56477	75519	1049822	1812234.5	11980.5	646.5	2677.5	170030	6834	151890	23656	119262	1773662	2335667	144867	278994	61007	73175	57295.5	606489	92979	1160602	6203.5	NA	NA	NA	NA	NA	NA	NA	NA	NA	NA	NA	NA
83610b	83610b	10.98164473	60.00792941	29.3676913	165.3371334	126.1495423	38.99556458	-0.052317032	50.03685761	145.2227909	34.59777683	14.55553663	84.49682989	0.096061035	32.98578765	50.39013104	44.88354685	29.74866734	110.8811048	146.1692107	0.407473305	11.40435493	61.61136984	1.649748306	62.18625468	1.975025036	-0.520046001	35.21391745	0.950355256	5.302959914	14.69167778	3.466987267	0.807221694	0.944533674	68.89352005	11.24913187	129.981566	88.30251897	18.43501042	52.94258116	1.75942864	0.099981763	10.88048879	14.29863083	4.214906409	2.936901751	0.736348619	0.903527723	60.88211482	19.06459021	0.984861461	47.2117492	61.28439092	1.6554481	60.91166349	1.665263615	0.119929225	41.75316522	10.59541352	27.27027483	17.26886423	5.307756985	5.264772852	12.26498384	23.7320608	3177	54784	32962	289112	1059277	2313	78171	24725	157829	5588	6202	434	14367	1469	12426	12531	4547	2577	2105	3842	6753	11407	180966	1071	101.5687588	106.676702	65.52924423	52.90254592	295.9517212	227.1586837	102.2287221	105.9010326	65.56896992	53.06897574	295.8676558	224.6340219
83612b	83612b	9.473674088	58.70461915	26.259635	147.5686146	112.2790171	34.82202704	0.495286088	34.69294068	108.1342661	31.59510233	13.1380349	73.19070947	0.185708842	85.98577965	67.48127962	35.80015197	26.25398168	98.41658569	126.0328152	0.185098596	6.653143693	63.41755313	1.983081822	62.48652493	1.980900654	0.886045446	27.61459687	0.941319561	6.303121257	11.91312066	3.548995599	0.853027389	0.961662854	90.66747374	12.47217809	126.1047265	96.55671751	17.92935017	38.73389197	1.592759243	0.19551227	8.646082838	11.50073531	7.495627034	3.263277728	0.830647659	0.953875797	76.95519762	9.435987458	0.965469161	89.70555814	61.58527712	1.98878162	62.56894526	1.998591732	0.854892822	29.38847815	11.17746192	26.70322257	16.45484156	5.320154454	5.800321269	13.60635798	25.40782458	NA	NA	NA	NA	NA	NA	NA	NA	NA	NA	NA	NA	NA	NA	NA	NA	NA	NA	NA	NA	NA	NA	NA	NA	76.6781944	72.02338162	71.26944609	51.90503448	264.8834855	149.8384604	76.62826423	70.47173342	71.38505977	52.23793052	265.728053	144.7885974
908	908	0.837895756	64.07890387	15.39635606	120.1228845	84.28404739	35.9219893	5.077482578	49.12830549	NA	NA	NA	7.285691052	4.58976727	67.9857719	59.54826733	46.30106523	36.06863706	100.5643134	134.5469264	1.715306574	7.873677547	56.51565809	-0.016918283	56.46767889	-0.024596322	0.147996525	33.81037304	0.94783408	5.219093991	15.01044096	3.25395526	0.846155158	0.944014478	77.19532168	13.14083963	120.8462997	84.17095245	19.73888837	55.81355485	1.59276224	1.206497762	5.953558497	14.66744577	8.273142985	3.10551655	0.801339272	0.921540581	76.12409093	17.49847963	0.914734152	64.75955941	56.89185902	-0.011218591	56.93217649	-0.001409374	3.029695019	36.58420535	NA	NA	NA	NA	NA	NA	NA	521454	43311	16256	62709	455519	8203	1253	8300	209879	8653	278367	7657	34060	190307	111810	2648	16846	5364	15523	18696	31392	2206	11552	2022	NA	NA	NA	NA	NA	NA	NA	NA	NA	NA	NA	NA
A10579	A10579	12.33789576	57.57890387	51.89635606	161.6228845	129.7840474	31.4219893	1.077482578	49.62830549	117.3783559	28.30505101	12.08019443	95.73569105	2.335884159	71.61078401	8.939680707	70.80014906	19.80968413	71.03372698	98.64091067	0.532538643	11.44931153	71.29336894	-0.016918298	71.60769235	-0.023596063	-0.445849551	27.18953461	0.788019227	13.95470648	13.35139805	2.981934835	0.803692125	0.900045579	53.79916589	12.79453143	89.25615734	64.25345483	21.93493099	50.05942137	1.676094007	0.500410441	17.77303167	10.99477555	7.418347631	3.41332133	0.831973158	0.947280399	80.53171091	19.78508243	0.89260843	75.83316292	57.80270676	-0.011218438	58.21822899	0.331930563	1.915665919	24.6255186	15.23807034	25.11873125	8.963754597	4.872345533	6.300190273	12.85658108	25.2421536	765950	95670.66667	33181.66667	183184	49926.33333	14099.33333	1841	7574.666667	749750.6667	22211.66667	914157	35775.33333	156352.3333	696135	207730	33694.66667	149097.6667	33800	158826	103795	219546	27363	30882.66667	1486.333333	54.14739101	73.93339608	77.3991959	64.30506903	245.2863698	211.0197273	NA	NA	NA	NA	NA	NA
A15	A15	11.33789576	55.57890387	45.39635606	162.6228845	130.7840474	30.9219893	0.077482578	40.62830549	102.8783559	32.80505101	15.58019443	88.03569105	0.160579697	132.110795	83.47989695	43.04979221	34.8293149	101.7034588	129.8277053	-0.002810186	4.409748616	56.92902756	1.316414809	57.09798217	1.979061426	-0.145083856	28.10162446	0.933691189	7.392816292	13.3650314	3.844426046	0.832263583	0.942842894	114.5095639	16.92500969	127.0044619	97.11094865	37.52740917	49.68948915	1.342761375	-0.195150694	1.419004013	12.57994417	10.26954766	3.526685965	0.816535558	0.928927045	107.0603424	17.11750545	0.940508959	80.27040708	53.97233672	0.322114724	53.71115653	0.331931636	-0.008717106	29.96387971	30.77798576	38.87247125	5.182332562	4.63596021	4.872132265	2.595072194	13.12359171	144279.6667	24498	126797.6667	51254.66667	599121.6667	3520.666667	30833.66667	867	260302.6667	40634.33333	38953	65326	121748.3333	1279850	806078.6667	86209.66667	15632.66667	72365.33333	31598.33333	53017	121843.6667	2719.333333	14166.33333	1876.666667	22.83200355	37.03000109	62.28486729	38.20002407	60.94163631	59.91910557	NA	NA	NA	NA	NA	NA
A632_sh2sh2	A632_sh2sh2	NA	NA	NA	NA	NA	NA	NA	NA	NA	NA	NA	NA	NA	NA	17.22880612	43.05100334	27.57734556	85.05005452	112.6448008	0.817847716	6.592064162	67.59371383	-0.016918211	68.11232212	-0.018054662	-0.485367245	27.72053784	0.900120874	11.31158283	14.60592853	3.277678238	0.77223783	0.917208903	76.38620994	15.25419478	110.6454844	82.83274143	29.4523453	38.75716895	1.759431603	0.007791242	5.668669398	15.85543496	10.86991135	2.987856935	0.769381725	0.889716183	74.6907464	13.76959595	0.934525004	34.4796954	62.67865311	-0.011218534	64.12439403	-0.001405634	3.255871821	27.17559176	NA	NA	NA	NA	NA	NA	NA	NA	NA	NA	NA	NA	NA	NA	NA	NA	NA	NA	NA	NA	NA	NA	NA	NA	NA	NA	NA	NA	NA	NA	NA	NA	NA	NA	NA	NA	NA	NA	NA	NA	NA	NA	NA
A632_susu	A632_susu	NA	63.07489567	NA	NA	NA	NA	NA	NA	NA	NA	NA	0.326250909	NA	NA	62.31576707	49.63395368	47.97302928	113.162145	138.6564241	-0.037649236	6.525562939	65.88358137	1.983081664	66.37948997	-0.020003166	-0.483762036	25.77148383	0.919093862	7.399799747	13.42762635	3.135197874	0.651848212	0.897234264	72.4046086	16.52191328	111.3626324	85.02415009	30.37991984	57.43201788	1.842760958	-0.070330477	6.867530917	11.49665415	7.017582466	2.642072807	0.76703727	0.917495453	47.49814441	9.828877101	0.910099264	36.14359539	67.29964492	0.988781388	67.08028639	-0.001406068	0.886770948	26.26353694	NA	NA	NA	NA	NA	NA	NA	NA	NA	NA	NA	NA	NA	NA	NA	NA	NA	NA	NA	NA	NA	NA	NA	NA	NA	NA	NA	NA	NA	NA	NA	NA	NA	NA	NA	NA	NA	NA	NA	NA	NA	NA	NA
A648	A648	7.406475695	67.64836439	37.59507993	143.4038805	114.0070372	29.45592234	0.111606205	33.99346972	169.7459424	32.47331534	13.91952026	57.42123249	0.897592434	99.9857741	60.25695276	40.30025597	27.70519307	106.5026909	141.6020349	0.02872117	5.062740608	68.2609281	0.649748284	67.58904752	-0.022961068	0.531284744	34.66621224	0.88494844	7.573713703	16.72732076	2.821373593	0.791061229	0.922511821	71.68396099	17.11649889	151.2002013	117.002695	27.46318426	42.24449339	1.342762127	0.119466767	7.326239752	16.62316285	7.759567907	2.799953317	0.751152002	0.907806965	61.34487476	14.11968517	0.965574406	75.76249193	61.25967875	-0.011218654	63.30525781	-0.001408767	0.131031939	34.09215825	37.97694227	45.78647419	3.32795202	4.364753682	4.688101649	3.414789663	11.92448298	374208.3333	64830.33333	61677	209037.6667	190307	28121.66667	4826.666667	5848	301549.6667	45537	241997	24913.33333	182243.6667	930263.3333	609284.6667	87052.66667	140394	22201	357383.6667	99795.33333	160212.6667	8389	21407.33333	5680.333333	NA	NA	NA	NA	NA	NA	NA	NA	NA	NA	NA	NA
A684su	A684su	11.48164473	60.00792941	20.8676913	118.3371334	89.14954227	29.49556458	0.947682968	46.53685761	97.22279089	39.09777683	17.05553663	88.34682989	9.170857555	79.61077699	63.2823114	55.13286467	28.97140252	85.92270337	111.7782637	0.826926967	11.64140026	62.05017546	-0.016918289	58.46840835	-0.016930155	3.537130162	25.91885695	0.94009565	7.795331044	10.53306444	3.509053353	0.872386258	0.956742065	90.26773757	16.94215306	114.2997253	82.68482146	18.36629648	54.49571345	1.759425308	0.020623707	9.870763326	10.42573392	8.798327794	3.688545564	0.854680627	0.968034556	84.69093037	9.894890293	0.968711964	90.99110923	62.33735822	-0.011218214	63.2847331	-0.001403855	3.377766085	31.10020782	17.70992763	29.76685779	10.30016511	5.092470906	4.755385438	3.575521524	14.65423863	49770.5	16510	71928.5	186228.5	1013310	7035	8228	1853	397537.5	6510	163778.5	5980.5	29472.5	142855.5	321741	12490	27426	6394	25539	12383.5	63682	15620	91187.5	957	78.87459823	130.6966949	69.98686604	47.70253641	262.1283225	250.8670227	78.8979333	129.9208909	70.07372649	47.86898985	260.2675426	248.3421284
A685su	A685su	7.481644733	60.00792941	20.3676913	129.8371334	101.1495423	28.99556458	0.947682968	48.53685761	104.7227909	33.09777683	12.55553663	57.59682989	NA	NA	31.83665848	46.38397229	14.28173158	91.58504481	119.1737449	0.356440344	5.51813072	66.30439389	-0.016918257	66.32187967	0.645654102	-0.136987133	27.00415514	0.886078243	11.3682689	11.4801949	3.386782549	0.820422812	0.927245174	90.14351638	11.5897378	119.9842339	84.87693215	13.13612003	51.5448159	1.703870913	-0.024529312	4.831708042	10.41776247	9.250977306	3.163236176	0.79805011	0.937272083	66.72612097	10.48542968	0.937908791	67.84340174	61.11201466	-0.011218511	68.48121892	0.665260418	3.043917702	35.03129735	19.19865014	33.07387976	12.02046579	4.392897379	4.410252359	4.765909402	14.14865352	139392.3333	55542.66667	115433.3333	359045.6667	708482.6667	59852.66667	21897.66667	11798.66667	292919	10666.66667	389324.6667	7965.333333	123559.6667	404524	310365	25537.66667	46999.33333	30303.33333	79688.33333	53350.33333	128324.3333	7573.666667	153098.6667	4088.333333	95.41386063	115.9133961	67.47277471	52.40506903	291.4649172	246.0973135	96.12838293	114.3619868	67.47031991	52.73794916	294.1518585	241.0479743
A686su	A686su	6.145491806	60.19168358	26.64050364	133.9887154	102.4935944	30.99633621	0.707755852	54.12319098	107.6987946	33.77754641	14.4676838	46.78783306	6.820018847	94.98577926	10.01286507	53.03391737	8.537845061	72.72841286	102.5059751	0.067066891	4.622455159	72.99294455	1.974622666	72.73399299	1.968401358	0.272309208	29.50292507	0.890205044	9.204367755	9.536763669	2.904925812	0.840346843	0.909785573	80.15091339	17.20177302	105.192582	79.02741598	13.41691981	60.56761002	1.25942833	0.015493348	5.645812732	9.673814103	8.800663682	3.092450819	0.85242211	0.943685873	90.16740421	12.95512516	0.935685969	71.13578342	61.50693506	0.32211463	61.78729738	0.331927004	3.050850963	26.04489767	19.09124899	33.16444909	13.12056799	4.161594268	4.406590156	4.195695619	13.77366069	NA	NA	NA	NA	NA	NA	NA	NA	NA	NA	NA	NA	NA	NA	NA	NA	NA	NA	NA	NA	NA	NA	NA	NA	94.24927031	137.9516953	68.94920293	47.55254109	292.4179211	266.4817895	94.29471749	137.1759652	69.04902382	47.71898418	293.7379132	263.9571336
A7	A7	10.04225403	62.27407967	59.45835887	168.8496106	134.0020069	34.35596009	0.029409714	52.05810492	110.3659404	35.34645175	15.06534619	77.22625091	0.288153367	66.23578157	60.67780601	56.21668527	50.30762354	110.6383304	145.8544934	0.058164821	12.08360227	62.95428904	1.983081571	63.41386324	-0.024772725	-0.480337612	34.88827258	0.914653657	6.272071715	13.51131816	4.035527693	0.844525591	0.952934615	115.4193339	18.9733378	138.1281115	101.2792509	40.65989073	55.58244945	1.342762042	-0.121991367	7.012083185	11.44533978	6.007722928	3.276890537	0.788023905	0.915925975	85.00964876	23.42171308	0.914626391	67.98780751	65.18199902	0.988781432	65.16554796	-0.00140519	0.873642299	37.01935919	38.0021502	38.24559631	2.853761237	4.565881876	5.386611178	0.570534991	9.034146141	283315.5	39426	17669	175531.5	1004368.5	59987	961	181733	1059022.5	1885.5	88487.5	12325	20162	367150.5	178212.5	17512.5	8564.5	13552	3775.5	44059.5	30511	3006.5	25356.5	1665	1.865578915	7.173384695	66.2676679	39.30506268	7.73251667	8.061730253	NA	NA	NA	NA	NA	NA
ARZM_16_011	ARZM_16_011	8.981644733	58.00792941	17.8676913	125.3371334	95.14954227	29.99556458	3.947682968	45.53685761	134.7227909	34.09777683	13.05553663	69.09682989	NA	NA	67.32204616	43.72103592	19.25539431	91.94403451	120.9425076	2.243773374	6.436512682	60.34893585	-0.016918541	62.1686761	-0.023001769	-1.815014304	28.97088038	0.867623918	5.343670605	12.53677006	3.605310187	0.82404961	0.946411863	95.59883672	10.46843502	114.0999072	80.22796376	20.65266456	49.45723547	1.671636326	2.102367473	4.117324358	12.76183845	9.064830152	3.246147254	0.818393192	0.940393809	65.01494635	8.788649114	0.866032796	81.87220686	59.35124288	-0.011218691	60.23650299	-0.001403223	3.224644982	33.8495133	NA	NA	NA	NA	NA	NA	NA	376603	53919.33333	93787.66667	1118735.667	3160256.667	37419.66667	4996.666667	40266.66667	7327209.667	16525	285368.6667	22176.33333	152664.6667	672359.3333	1721425	108755.3333	189828	370351.3333	51766	124617.6667	181172.6667	437417.3333	1265929.333	13163.66667	91.09120239	101.4666968	66.98530849	55.10249854	275.593191	226.4071856	91.26206688	100.6909753	67.18752357	55.26894613	275.5412541	223.8825256
ARZM_19_051	ARZM_19_051	2.070322768	64.47326366	47.61740834	183.2318288	138.7203232	44.32952721	1.132031242	47.88118423	132.7459424	41.47331534	11.91952026	15.91223566	4.634336564	85.98577428	86.80494783	53.54989153	53.24870236	133.6363903	180.6530498	0.782702991	17.94053994	63.66393541	1.983081439	65.17733164	1.97705493	-1.493796998	46.96985877	0.901083753	5.98342293	14.6084415	3.59784434	0.800181222	0.924347689	71.20933165	20.14683803	168.0689382	130.1094172	44.37492218	48.01024189	1.759429678	2.269384867	17.26899037	13.04283178	8.208851122	3.391612439	0.793516655	0.933352609	72.95583856	14.29085351	0.966612694	69.94776643	62.76509354	0.988781582	62.56045455	1.998594519	3.39751304	37.77528674	NA	NA	NA	NA	NA	NA	NA	221000.3333	33092.66667	59633	221767.6667	1648328	6017.333333	820.3333333	4098.333333	862883.6667	28825.33333	178493.3333	34798	31905	1010033	845407.6667	50662.33333	25597.33333	33047.66667	27813.66667	131093.6667	79847	20508.66667	45656	694	42.15104141	52.0999977	69.48131957	61.50001221	134.6246509	135.3246735	40.36420126	52.09997289	69.45902892	61.4999889	130.9550368	135.3246568
ARZM_19_057	ARZM_19_057	11.11742306	62.13364469	54.23097024	209.2828635	165.6445119	43.39560233	0.365486478	32.1014928	150.4787011	42.88782815	14.11337709	85.05184831	3.047243355	87.98578097	83.36473399	42.96695196	64.68072478	141.0097787	194.1764363	0.14839613	16.7503337	61.12324987	1.983081671	61.61820337	1.974450911	-0.499376267	52.70870531	0.915002141	4.914725759	13.92981714	3.782479149	0.851787321	0.948593992	87.39040536	13.6485314	159.7126039	121.2661513	40.4442575	34.69531423	2.009428052	1.113657525	14.79760781	12.43990351	6.453565674	3.720336415	0.813727633	0.952639451	89.86676891	11.64195385	0.877762671	69.91658859	61.59804476	0.988781294	62.10362188	1.665258214	0.69666011	38.76253088	NA	NA	NA	NA	NA	NA	NA	216376	250105.5	134511	2314748.5	1978615.5	8265	28040	2913.5	122898	16470	245480	108051	99999.5	1161475.5	1590231	81422.5	86567.5	227827	55162	46084	178757.5	37202	224678	5006.5	92.95722649	124.376694	70.12528585	48.05256814	310.2234397	240.1749883	91.84208612	123.6009468	70.1675072	48.21901882	306.6226084	237.6503292
ARZM_19_069	ARZM_19_069	8.473674088	60.20461915	75.259635	240.0686146	191.7790171	48.32202704	1.495286088	36.19294068	169.1342661	40.59510233	14.1380349	65.49070947	6.383098397	134.3607807	31.03170401	49.54979824	49.81809428	144.2820624	188.9768719	2.667116625	11.94012583	66.04700738	0.983081582	66.14941678	0.648436907	-0.140996647	44.97473132	0.940127814	10.04911531	17.4139895	4.008005826	0.804035916	0.927926932	85.31154812	24.92550668	176.7835779	138.6030358	52.0047276	44.20673819	1.870539768	0.886868685	9.28135332	15.91659091	7.830666183	3.701325155	0.820908161	0.946655441	74.88950879	24.89898364	0.868364531	67.9669771	64.82013283	1.322114705	67.93600828	0.33192878	3.309375121	38.15526763	NA	NA	NA	NA	NA	NA	NA	379891	275581.6667	139619.6667	895889.3333	1923307.333	77642.66667	1438.333333	193942.3333	2217327.667	19147.33333	490103	86697.33333	275119.6667	1564587.667	1680914	94875.66667	121758.3333	107852	72822	50077.66667	222582.6667	69637.33333	658911.3333	5293.666667	49.71827012	87.12169289	73.35070938	61.00254338	188.0086812	225.2913061	50.76297914	86.34597217	73.41315744	61.16898518	191.3686061	222.7667163
ARZM_20_005	ARZM_20_005	7.070322768	55.83211856	75.36789228	203.5554624	156.3510894	46.45669396	2.871679088	40.5798031	162.5860339	47.73617001	16.4196529	54.31223566	3.888463913	107.8607891	63.62763274	51.96674252	53.10385748	127.8733011	168.236308	0.471784391	16.59367826	62.27903707	1.316415136	61.94507965	1.651539912	0.209742719	40.49939659	0.903464726	6.984509917	17.26779748	4.394429618	0.833756495	0.948718917	95.67124569	22.2754252	159.052336	117.5048842	46.23747089	49.04790044	1.509426771	0.537369246	16.02820018	14.74186399	6.937058329	3.788418845	0.80708035	0.939259674	91.39338267	21.07082577	0.91695603	66.39498874	62.38434069	0.988781624	65.55813592	1.33192575	1.774783635	42.1077343	NA	NA	NA	NA	NA	NA	NA	128481.3333	52642.66667	49895.33333	312203.6667	386234	10068	6529.333333	21566.66667	800896.6667	7189.333333	191681.6667	5122	204712.3333	114489	206556	58286.66667	334054.3333	51708	28073	115606	139800.3333	6642	147305.3333	3241	70.61119458	132.7966904	66.25534413	46.60255694	205.4882258	250.3695694	70.45222021	132.0208704	66.33778987	46.76900571	207.1957503	247.8447745
ARZM_20_006	ARZM_20_006	4.570322768	60.83211856	33.36789228	144.5554624	119.3510894	33.45669396	1.871679088	32.0798031	139.5860339	41.73617001	13.9196529	35.16223566	2.982319034	92.81910935	62.03345901	40.21616094	36.45442299	116.0774841	148.662268	0.122275879	8.506321824	61.91308249	0.649748362	66.50441419	0.309888436	-4.759203062	32.60870807	0.939113684	8.725727998	13.2029976	3.801183691	0.843969652	0.954694477	90.46411359	13.88433091	147.9482623	112.9227857	37.16902522	45.18744575	1.59276055	0.326764128	10.03620063	12.57410646	10.04165454	3.056494852	0.831723074	0.936139025	65.21789538	17.13719071	0.955630687	60.11006311	63.88905717	1.322115052	70.92568582	0.665262008	2.161852545	34.57788504	NA	NA	NA	NA	NA	NA	NA	167543.5	490643.5	200284.5	4603279.5	4701880	70252	331747.5	646634	4334136	43729	145255.5	18720.5	2905345.5	511723.5	1987673.5	873954	45095.5	283156.5	26211.5	155652.5	87271	80382.5	960887.5	30372.5	NA	NA	NA	NA	NA	NA	NA	NA	NA	NA	NA	NA
ARZM_21_002	ARZM_21_002	3.570322768	59.47326366	31.36789228	112.0554624	87.35108937	25.45669396	3.371679088	32.0798031	132.7459424	40.47331534	15.91952026	27.46223566	7.162204525	72.73577915	69.97123454	44.2997016	37.97099104	102.2514996	134.9110849	0.85155436	12.9976357	59.84497743	0.649748249	64.5997504	1.309431433	-4.795737045	32.69667535	0.870960606	6.316270148	13.73797693	4.266218813	0.833188043	0.94836367	110.5616169	21.61872497	138.5180514	106.1960199	35.18458553	48.86050157	1.592758655	1.548955985	8.94535124	9.52622604	12.20447277	2.771539223	0.774787326	0.903476779	75.74114088	16.71688833	0.956580499	67.85341373	62.63412294	0.322114889	67.33385217	-0.001403061	3.857598851	32.15352246	NA	NA	NA	NA	NA	NA	NA	254680.6667	88444.66667	74539.33333	374522	1927580.333	8123	1572	1056.666667	402315.6667	21177.66667	115106	13462.66667	943164	355097	439247	247507	47622	41080	10742.33333	124075	111015.3333	55088.33333	191221.3333	13579	78.21344484	84.38169329	65.52254608	54.50254493	224.8388607	183.9981117	77.18405424	83.60592275	65.54468816	54.66897462	223.2755287	181.4734137
ARZM_21_006	ARZM_21_006	8.817344123	NA	23.57275153	123.5759323	97.29375124	26.58231748	4.091181167	43.10575522	153.474118	28.63948551	8.095491192	68.70250229	6.098632131	104.6107755	44.00108528	48.1330375	15.50842323	63.23856865	94.65532743	0.777918133	9.875562777	57.45648968	1.983081628	56.8879722	1.976974756	0.532396761	31.16547943	0.866777284	6.649688292	16.79507376	3.234208383	0.83025882	0.931623338	70.57987723	16.5743687	90.51970828	58.46381608	19.9038611	42.8015227	1.342764714	1.770453404	9.325681279	15.15642318	6.059708829	3.250637309	0.792973822	0.898316714	61.43215001	15.85816725	0.943187695	57.60886064	56.12764744	1.988781338	60.30057596	0.998592333	2.721422133	31.85873051	NA	NA	NA	NA	NA	NA	NA	26456	18823	26449	294760	59541	2486	3009	589	64663	16253	42379	5557	543098	67993	510580	125377	635796	92557	28971	43527	95797	45538	211424	26346	NA	NA	NA	NA	NA	NA	NA	NA	NA	NA	NA	NA
ARZM_21_007	ARZM_21_007	7.042254027	52.77407967	38.61740834	138.2318288	103.7203232	34.32952721	4.029409714	43.88118423	99.74594243	32.47331534	12.91952026	54.17625091	4.975734349	66.52744773	70.53379423	39.13286382	25.94203284	89.26063548	118.525415	0.823449206	9.535421089	55.5555161	1.649748497	55.33023342	1.977766188	0.199167557	29.35082529	0.938322193	4.651605012	9.876880419	3.566091172	0.82415403	0.952240063	106.6913572	14.67931016	100.4157819	72.69299678	12.86085598	42.82841751	1.342507316	0.41998517	5.233359982	10.50444873	4.536266534	3.178206883	0.813099311	0.931389847	70.66823324	11.61964604	0.861063113	54.22546639	52.8804821	0.487672268	52.52951741	1.995488668	1.642617821	27.66783772	NA	NA	NA	NA	NA	NA	NA	59542.5	22441	61432	234016	1187127	12350	1166.5	6224	1046988	36546	234629.5	13877.5	614378.5	422787.5	454629	304709.5	157817.5	34195	87168.5	52319.5	154465	54365.5	355054	23128.5	84.95508898	130.8016876	70.05302253	53.90258851	278.7713125	284.8247102	83.59636784	130.0257878	70.04553994	54.0690662	274.8986938	282.2998161
ARZM_21_008	ARZM_21_008	6.50174283	56.76265805	28.6691684	132.7744664	96.62809956	35.42276092	3.837555462	34.71463887	145.3543596	31.48482059	8.492341605	50.32669422	3.885433039	101.1107871	66.17495505	57.05022614	28.45429294	96.9971757	126.5169477	1.701962632	12.84401651	54.82080361	-0.016918283	54.56499101	-0.020358468	0.200449936	29.27368842	0.959483442	7.280578784	14.21998009	2.737238081	0.832705053	0.939423744	49.21460117	8.351641402	112.1056107	77.43937768	21.10489587	44.6747285	2.092765	0.901504642	9.006947216	NA	NA	NA	NA	NA	NA	NA	NA	65.83531439	54.18635855	-0.011218673	54.81195407	-0.00140775	3.743619865	34.34556754	NA	NA	NA	NA	NA	NA	NA	90904	144973.6667	48574.66667	617777.6667	1484827	13160.33333	9715.666667	1173.666667	288344.6667	9736.666667	57204.33333	9615.333333	349672.6667	293792.6667	630279.3333	74773.33333	16993.33333	18067.33333	9286	34696.33333	31913	24215.33333	202352.6667	9324.666667	76.08096133	80.95000109	60.63375085	55.70002407	192.6956524	182.7313887	76.86677912	80.95006368	60.7261965	55.70003053	196.0132938	182.7316784
ARZM_21_009	ARZM_21_009	9.906475695	52.14836439	26.59507993	136.9038805	103.0070372	33.95592234	2.611606205	55.99346972	102.6100302	28.05640042	10.50750573	76.67123249	4.515492283	150.4857882	82.1417064	60.55083012	29.65166306	97.03253166	130.4530033	0.660852815	10.51205146	52.78857576	0.316415185	54.62674034	-0.024277695	-1.825804471	32.81068868	0.9555642	6.821593052	11.84555247	3.268041568	0.829703903	0.944089392	77.16316879	15.63276488	133.7327278	100.9880668	30.87578926	53.71126264	1.676097294	0.587045985	7.887971682	11.82418113	6.033075045	3.288865373	0.820995892	0.934709376	76.12976433	13.49026705	0.911655097	85.14264527	54.19277786	0.322114644	56.10856657	-0.001403725	1.667494131	33.15502613	NA	NA	NA	NA	NA	NA	NA	99390.66667	52251	32575.66667	385842.6667	1361168	23202.66667	44615	102741.6667	434599	92060.33333	184787	8456.666667	270397.6667	194382.6667	316712	78414	69864.33333	19909	22485.66667	79298	102515	76225.33333	186062	12550.33333	78.89921605	86.67919089	64.33450228	38.55252533	221.0734358	155.8406507	79.10637865	85.90331218	64.47228438	38.71899732	220.6635122	153.315788
ARZM_21_013	ARZM_21_013	10.48164473	51.50792941	34.8676913	153.3371334	109.1495423	44.49556458	2.447682968	47.03685761	138.2227909	34.09777683	9.555536628	80.64682989	3.94435914	81.61078687	85.24051813	50.79959937	28.38852698	94.34698669	128.0803327	1.090416775	8.728134987	51.79712772	1.316415107	51.64922257	1.977248593	0.177800793	33.66374248	0.954214804	7.910639706	12.36582525	3.413801688	0.832689126	0.928208932	84.00942845	15.7701806	123.5849565	88.69057339	25.78619845	61.08785335	1.509426079	1.469140973	8.620557787	12.18450032	6.862271354	3.222345561	0.797505201	0.930745054	79.29256053	12.38554978	0.94845846	106.3295271	52.68372873	1.322114715	52.82380488	1.665262193	2.694844994	34.8998698	NA	NA	NA	NA	NA	NA	NA	70664.33333	35552.66667	140524.6667	556376.3333	1572650	62988.66667	402.3333333	4883	742054	6991.666667	261419.6667	15654	832933	522679.3333	1110104	268097	385371.3333	420696.3333	45825	145987.6667	215321.3333	10011.66667	577399.3333	9257.666667	-0.10695424	20.58169681	61.68530849	37.60000452	2.032999364	29.77660562	-0.128060651	19.80597527	61.88752357	37.60000801	-0.167908586	27.25194567
ARZM_21_014	ARZM_21_014	NA	63.19097346	40.11837622	136.8790961	97.98185558	38.58386072	1.611326934	29.27842197	132.4261254	48.99902467	18.91978553	0.98450863	4.31650215	98.61076901	70.40861807	49.88359693	29.85912471	104.3314024	129.5890022	1.425960316	10.33752172	50.16143999	1.316414843	50.06121665	-0.018544492	0.169165194	26.11327191	0.912327933	6.827131395	13.56090565	3.342212167	0.841120033	0.921591478	63.53740512	18.31841575	124.9939894	90.73758506	20.1836257	37.6565186	1.676091523	2.342809363	6.129599692	11.93305806	6.93251193	3.016741115	0.779358321	0.892292607	56.07891466	12.79033587	0.935074862	64.3710683	55.42618787	1.322114533	55.51791636	-0.001405333	2.248627574	34.69616324	NA	NA	NA	NA	NA	NA	NA	156141	32946.33333	63813	103174	529395	3591	21839	3976.666667	44184.33333	6186	128159.6667	11477.33333	398692	316115.3333	142447	123300.6667	186073.6667	44142	16008.66667	70965.33333	94461	3497.666667	50707.33333	19568.66667	21.81528431	70.94999208	60.41574399	34.89998764	56.24875555	108.9861607	21.15128607	70.94988457	60.30501505	34.89997126	52.3193953	108.9860018
ARZM_21_018	ARZM_21_018	4.542254027	67.27407967	67.95835887	189.8496106	151.5020069	38.35596009	2.029409714	45.05810492	129.3659404	37.84645175	12.56534619	34.97625091	2.929457914	81.73577179	58.08695272	52.13287538	51.0023436	123.8154647	160.5989681	1.058611933	14.9826945	68.05792024	1.983081751	67.61864768	1.979661554	0.503686376	36.98651205	0.852773023	8.855933046	11.6124291	3.369641129	0.839072103	0.935101059	84.26887286	16.63634857	162.9554737	128.2095988	45.31075408	56.99869246	1.953870095	0.660728558	16.17080748	11.52144959	9.340533434	2.825105679	0.807968894	0.918891045	64.09403251	15.8711661	0.862555013	73.72258627	67.31076622	1.655448059	67.64713968	1.502397772	2.503701098	34.84313554	NA	NA	NA	NA	NA	NA	NA	161641.3333	9809.666667	5851.333333	16577.66667	237162.6667	3837.333333	316.6666667	1654.666667	54515	8739.666667	40440.33333	5857.333333	15289.33333	282764.3333	56250.33333	9830.333333	21184.33333	7301.333333	6050	19934.33333	31024	1184.666667	6828	726	66.98573443	118.3416897	70.39323045	51.30252334	240.9553467	247.7534349	65.64947529	117.5658532	70.45147598	51.46895971	238.3062864	245.2284951
AS11	AS11	8.944060214	61.5781469	44.73138562	166.120507	131.8282897	34.22574346	0.279644586	37.26516367	98.66641055	29.82708863	13.03152118	69.03403119	4.615717801	97.98578486	54.52757804	44.46646026	5.415456564	67.22681075	86.43109138	2.146627096	4.061194002	75.53129095	-0.016918259	70.40744015	-0.018182635	5.1680362	19.75726458	0.884822251	2.961275118	7.487035744	2.591138761	0.848406321	0.934255778	69.63282948	18.45745829	65.76546505	37.75521305	6.583832401	46.29966089	1.814981316	1.677519322	5.334373935	8.239971627	4.729542392	2.448343876	0.797804117	0.904980465	50.0289731	21.26659783	0.879648187	57.08912569	62.82806183	-0.011218674	66.62134831	-0.001406152	1.847001139	28.13007676	16.27806057	32.5178421	16.78185119	4.401017703	4.657310391	8.431225348	17.2404479	214433.2	66564.2	22239	324401.4	1210565.8	23952.4	10928.8	768374.2	1495591.2	18507.4	76288.4	18604	68009.2	654480.2	831191.4	58960.8	209789.4	27501.6	17415.8	99545.4	126374.2	16907.4	186174.8	2170.8	64.45459823	95.99669489	68.88686604	46.40253641	206.7265058	178.919294	64.4779333	95.22089094	68.97372649	46.56898985	204.8657259	176.3943997
AS12	AS12	2.042254027	65.27407967	34.45835887	139.8496106	114.0020069	25.85596009	1.529409714	62.55810492	118.3659404	33.34645175	13.56534619	15.72625091	3.615717801	56.40245152	63.6733177	54.96718492	35.01417503	112.1149604	143.2804307	0.226304961	6.518701142	60.74381166	-0.016918268	61.1875528	-0.017468438	-0.460769346	31.52817838	0.961029378	10.66682089	14.14724002	2.673430661	0.878493514	0.915232551	80.80555018	26.63665257	152.8539287	118.4398072	30.52788309	64.21985651	1.842758922	0.127024713	7.129041245	13.38186696	9.892727861	2.565533756	0.842145592	0.869452136	59.66647131	19.81639799	0.962037822	77.63565101	58.96760081	-0.011218462	60.66045274	-0.001405205	2.826371819	34.30248751	NA	NA	NA	NA	NA	NA	NA	NA	NA	NA	NA	NA	NA	NA	NA	NA	NA	NA	NA	NA	NA	NA	NA	NA	NA	NA	NA	NA	NA	NA	NA	NA	NA	NA	NA	NA	NA	NA	NA	NA	NA	NA	NA
Amarillo_dulce	Amarillo_dulce	6.570322768	54.83211856	17.86789228	118.5554624	86.35108937	31.95669396	2.871679088	42.0798031	90.74594243	28.47331534	7.919520259	50.51223566	4.901228749	127.2357709	57.13705135	35.38369734	10.87614477	55.32065673	79.32868833	0.72528586	7.791757993	54.24613108	1.31641498	54.34476018	0.646881617	-0.129080121	23.7475593	0.944745376	5.128744322	9.658968593	2.901750106	0.852365809	0.937493183	72.08409314	18.23625175	80.33759787	51.5619855	14.07999571	46.56547978	1.703869768	2.676832628	8.574472154	12.0358769	7.018644514	2.984558616	0.84471021	0.933087727	56.74531637	17.3382004	0.939406135	68.79542781	54.01763797	1.655447943	54.03622554	-0.001407035	3.005670791	29.03415909	NA	NA	NA	NA	NA	NA	NA	NA	NA	NA	NA	NA	NA	NA	NA	NA	NA	NA	NA	NA	NA	NA	NA	NA	NA	NA	NA	NA	NA	NA	NA	82.74342506	NA	61.38726243	NA	214.6231982	NA	82.27512656	NA	61.30155004	NA	212.9100474	NA
Andjar_Bekaa	Andjar_Bekaa	11.33789576	46.07890387	25.89635606	138.6228845	102.7840474	34.9219893	1.577482578	51.12830549	127.8783559	36.80505101	11.08019443	88.03569105	4.810708842	119.7357797	51.71730717	56.96634588	16.16784084	76.87636594	105.0807664	0.289521309	8.275206836	51.41905486	0.649748259	51.38944838	1.975280995	0.149874965	28.63691114	0.915033065	3.864303843	10.30950015	3.250865535	0.777237935	0.93176385	81.96677618	16.38638278	77.24791898	51.33436158	7.279787891	51.15578528	1.259424207	0.463702349	8.988366783	10.81657194	5.533319525	3.106882275	0.816473809	0.930302507	67.48576411	12.83228239	0.936419917	65.5157796	51.54071593	0.655447783	51.33301666	1.998591436	1.912285428	26.09947119	NA	NA	NA	NA	NA	NA	NA	27066	571205	97280.66667	4323354	4040692.333	215392.6667	10515.66667	413234	2112013.333	57616.66667	84745.33333	7072	201188.3333	133227.3333	747019.3333	83779.66667	137696.6667	593755.3333	196126.3333	18205.66667	62286	68010	709715.6667	7204.333333	55.39528431	86.32999208	64.61574399	42.09998764	157.0299667	149.1018854	54.73128607	86.32988457	64.50501505	42.09997126	153.1006064	149.1017265
Atkinson	Atkinson	8.837895756	56.57890387	37.89635606	177.1228845	131.7840474	45.4219893	2.577482578	48.62830549	136.3783559	33.30505101	9.580194434	68.78569105	4.884336564	103.6107743	41.22214333	53.21651387	38.79624512	116.8056081	165.4475166	1.706224392	10.95380737	58.03922556	1.983081788	57.74730892	1.977010712	0.211357704	48.44083291	0.964852745	8.441629144	13.73853314	3.593322673	0.823744176	0.922651563	78.91579273	20.21944665	161.7800944	110.5380124	32.62501861	52.46061397	1.467506789	3.915505084	12.87980263	13.02684555	13.71213196	3.561584321	0.789821782	0.914563543	69.93145293	17.88741266	0.95783245	30.38651021	58.70608227	-0.012327749	58.60431949	0.995488799	4.239726588	51.27092382	NA	NA	NA	NA	NA	NA	NA	103573	9094	12676	112550	1621299	2493	272	67	256702	37740	122575	9609	43796	938444	697089	21351	160402	22745	12241	51804	94710	3798	34581	1206	54.17916503	51.89339194	75.77586386	66.10499257	223.4771739	155.5090242	53.83661271	50.34189274	75.85618098	66.43788425	220.4120398	150.4596365
Aunt_Marys	Aunt_Marys	10.14594534	56.00792941	57.3676913	191.8371334	150.1495423	41.99556458	2.947682968	56.53685761	150.7227909	35.59777683	8.055536628	38.34682989	4.338218802	101.4857904	55.45457732	51.6333679	32.61985758	113.7867631	151.8619056	1.925698207	8.517452587	59.24667129	0.9830816	58.70333502	-0.022909114	0.518497277	38.07854558	0.930463478	8.291844572	13.31256947	3.626922604	0.82730464	0.934734516	83.2252598	20.62031752	148.6326659	102.0336842	32.99364492	50.8762979	1.509427199	2.755563288	6.291722089	12.88614505	9.200996691	3.420548377	0.821098574	0.939031613	71.60890764	13.07644158	0.97203122	82.38983781	58.83994334	0.98878163	58.82187288	-0.001406978	2.891893638	47.13487119	NA	NA	NA	NA	NA	NA	NA	394648.5	189690	46400.5	232960	658006.5	14654.5	1142	37382	192954	12816	828291.5	14297	589206	115335	76020	105919	68472	37932	118403	150554	168477.5	4563	39723	18411	66.65620239	109.9566968	74.58530849	56.20249854	261.8531669	251.074047	66.82706688	109.1809753	74.78752357	56.36894613	261.8012299	248.549387
B5765	B5765	8.337895756	63.07890387	30.39635606	130.1228845	102.2840474	27.9219893	1.577482578	40.62830549	129.8783559	33.80505101	11.08019443	64.93569105	-0.083159249	41.11076839	57.55220936	50.80084518	27.85934408	87.11593892	112.9215424	0.396169634	14.69337045	63.33980286	-0.016918491	64.90335391	-0.025436104	-1.473111179	25.88728317	0.9118322	5.332052095	14.71822133	3.580019061	0.855920944	0.941905801	77.45827464	16.37289237	126.5903346	96.92926551	29.64215314	51.49024276	1.926093916	-0.021739864	10.38373627	11.86321403	4.301354549	2.682445847	0.840266783	0.912124612	51.11269061	15.5524713	0.90821642	79.79135176	66.20532165	-0.011218651	69.2291628	-0.001407755	1.47696576	29.19067699	9.600672469	26.70816487	18.02890857	5.193455984	5.173979489	11.53060922	21.09050414	394648.5	189690	46400.5	232960	658006.5	14654.5	1142	37382	192954	12816	828291.5	14297	589206	115335	76020	105919	68472	37932	118403	150554	168477.5	4563	39723	18411	110.792391	156.4516989	69.6991959	55.50249448	367.4661914	351.6447247	112.0988198	155.6760432	69.5588913	55.66892706	372.0693648	349.1201335
B5870	B5870	9.617423064	61.63364469	42.73097024	150.2828635	115.1445119	35.39560233	1.365486478	42.6014928	160.4787011	31.88782815	12.61337709	73.50184831	4.889184513	130.6107737	62.19363689	50.54946948	33.89983282	97.35445173	128.7013777	-0.020570041	8.735926595	64.7360652	-0.016918441	63.99529205	-0.024229071	0.828036518	31.12550638	0.979225904	6.294915622	17.36662098	3.925003404	0.793183904	0.948456975	95.43949062	18.58517039	118.4177054	88.41711477	30.71108482	48.32572197	1.426092776	0.061333325	8.023047781	16.01217884	5.359117419	3.624555032	0.775153098	0.92204244	74.97518258	25.10299045	0.944336007	82.55375398	60.84477999	-0.011218599	62.37657497	-0.001410784	0.294944419	29.74719247	18.92894412	31.51058327	12.57145351	4.384130752	4.413339132	7.099065945	15.80462082	118281.6667	25093.66667	62818	164909	1547466.667	10650.66667	261.3333333	4108.333333	1674079	9431.666667	23511	6869	65706	275525.3333	807133.6667	43276.66667	13289.33333	19248.66667	7574.666667	37181.33333	21198.66667	35734	326577.6667	2113.666667	83.03209312	125.450008	72.16719278	54.20002281	297.0170742	273.9083084	82.91923574	125.4500784	72.25644648	54.20000231	296.1607882	273.9083239
B84_plus_su	B84_plus_su	NA	NA	NA	NA	NA	NA	NA	NA	NA	NA	NA	NA	NA	NA	17.08846138	25.7996234	51.60425621	116.1825829	150.1288006	0.814898478	11.82785007	70.30942424	1.316414953	70.1838152	0.643806071	0.172977607	34.26203396	0.91655772	4.083657509	13.30934965	3.126092824	0.843561271	0.937853589	92.8839776	12.71579308	164.7777084	127.1630921	66.38972228	44.04149238	1.843269294	-0.208668268	9.509654163	17.93925479	7.262424394	2.883940964	0.819186246	0.913275366	55.76078413	7.020496367	0.994590662	11.55774547	66.48119775	-0.004500172	66.25044273	1.002405369	1.93085967	37.3320965	NA	NA	NA	NA	NA	NA	NA	54940.33333	200295.6667	68297	495783.6667	462093	193208	633.6666667	223524.3333	117970.3333	5371.666667	268319.3333	5204.333333	113915.3333	341250.3333	247079.3333	38495.33333	328370	23107.66667	46588.33333	86434	170000.3333	8797	180068.6667	2323	NA	NA	NA	NA	NA	NA	NA	NA	NA	NA	NA	NA
Banting	Banting	NA	NA	NA	NA	NA	NA	NA	NA	NA	NA	NA	NA	NA	NA	44.14684952	48.05041982	9.161951619	62.68110648	87.94732078	1.699908691	5.739114758	44.02242837	1.983081619	43.8837267	0.645023207	0.18115057	25.12243647	0.929701015	9.102544908	11.1936081	2.655916075	0.764342941	0.89738586	82.4034884	16.46470269	77.45683139	52.20967998	5.868086642	44.95602865	1.467503847	1.282055749	1.454904812	10.06948468	7.323241618	2.561347421	0.821538449	0.922725546	57.86990127	13.82886681	0.93907577	71.90581431	46.78620426	1.322114824	49.06968693	0.331929072	1.931035527	25.3467416	NA	NA	NA	NA	NA	NA	NA	52860	70029.66667	67662	833805.6667	1328500	46657.33333	11074	7027	841940.3333	2724.666667	82540	4157.666667	972567.3333	351904	823500	428372	731796.6667	155649.3333	17761	259188.3333	272704.3333	52924.33333	860561.3333	21063	NA	NA	NA	NA	NA	NA	NA	NA	NA	NA	NA	NA
Baxters_Golden_Bantam	Baxters_Golden_Bantam	3.973674088	52.20461915	20.259635	130.0686146	93.27901706	36.32202704	1.995286088	41.19294068	87.98593839	31.21958816	10.21117212	30.94070947	3.970922989	81.61078583	21.655963	53.46655055	17.90658485	73.38564192	99.22480754	3.279511543	12.39106766	55.94866647	1.316414987	57.06227101	-0.010591278	-1.141829147	26.70280093	0.909974664	3.957113501	11.30737884	3.635619339	0.846325573	0.954059447	104.4000977	15.12795831	77.36188035	57.1464284	9.921125721	62.45415859	1.425838867	0.792965636	5.484259347	10.35700571	3.61151896	2.988099349	0.810632645	0.926842211	75.71353422	13.72353565	0.912174944	28.7612287	55.55724966	-0.012327972	57.63733296	-0.004506769	2.861043209	20.81878672	NA	NA	NA	NA	NA	NA	NA	134861.3333	79597.33333	45720.66667	585403	964752.6667	34424.66667	10264	6096	1981947.667	12669.33333	194385.6667	37642	782641.6667	275822.3333	461573.6667	275612.3333	507254	109298.6667	29536.66667	166611.3333	210777.6667	69337.33333	290586.6667	19735	77.87542746	170.1833816	66.20514133	50.10503448	226.4784766	345.6767813	76.98974933	168.6317334	66.34392303	50.43793052	224.8499701	340.6269183
Bi_10	Bi_10	5.145945343	69.1923937	70.16263107	185.0983346	151.0053333	33.40881169	-0.195815231	31.96796	154.9714638	38.55606815	13.01558206	38.7911575	NA	NA	54.91800397	44.96670677	52.63295254	127.9020127	157.4997927	0.553459918	12.80004351	71.14298818	-0.016918238	71.55144772	-0.013690246	-0.463177105	29.4619655	0.879347254	5.775323679	17.17311518	3.370681695	0.856827425	0.944059263	87.42208774	26.52578984	148.7002013	115.752695	42.96318426	40.24449339	1.842762127	0.202800101	10.24290642	14.2203227	7.143162062	3.214359258	0.824446472	0.911415337	70.25273951	14.40833413	0.899217042	70.6342868	67.59301208	-0.011218654	68.30525781	-0.001408767	2.131031939	32.84215825	NA	NA	NA	NA	NA	NA	NA	NA	NA	NA	NA	NA	NA	NA	NA	NA	NA	NA	NA	NA	NA	NA	NA	NA	NA	NA	NA	NA	NA	NA	NA	13.92590227	27.56669996	76.23261398	56.85250769	62.05274066	64.30993966	NA	NA	NA	NA	NA	NA
Black_Mexican	Black_Mexican	11.14549181	51.69168358	44.14050364	188.4887154	148.4935944	39.99633621	2.207755852	40.62319098	149.1987946	34.77754641	8.467683799	85.23783306	7.208071198	127.8607681	88.23849741	46.96700475	38.44788814	121.1212273	154.7328526	0.791646897	12.34806898	55.74003219	-0.01691825	54.56801457	-0.025534637	1.15729324	33.42673816	0.937786223	9.547371626	11.46049159	3.569871251	0.740766574	0.876875943	79.59182974	24.77970699	142.3122104	101.3671985	27.67008116	42.81193927	1.67609478	0.963589517	11.18268032	13.31326507	6.109800649	3.242235924	0.719270756	0.867092135	69.85274624	16.91530003	0.963272705	85.67108074	56.12321331	-0.011218495	57.13068213	-0.001403056	2.669588537	40.80068481	NA	NA	NA	NA	NA	NA	NA	89104.33333	54643.66667	66156.66667	388557.3333	1969318.667	62682.66667	46546	117938.6667	284392.3333	34023	112746.6667	6365.333333	172912	211396.6667	602136	40391.66667	209149.6667	176904.3333	14406.33333	77647.66667	102624	67080.66667	327220	9035	61.21449799	90.57169491	66.3848455	39.50513811	171.661152	171.1212285	61.15436076	89.79589273	66.46709966	39.83801321	170.2706525	168.5963986
Burnell_Golden_Bantam	Burnell_Golden_Bantam	NA	NA	NA	NA	NA	NA	NA	NA	NA	NA	NA	NA	NA	NA	73.08526857	36.8837988	15.580345	77.42017844	106.7240144	1.083054194	4.670965863	49.12702934	-0.016918347	50.90440827	-0.01748289	-1.784105521	29.39347886	0.936931956	10.42492657	12.74055767	3.533880769	0.859923451	0.948969385	83.61170175	10.36965291	106.7480225	74.58479568	16.6563308	37.92896644	1.592759744	1.912744686	3.157604306	13.22920179	9.604620059	3.395614822	0.795425914	0.930433546	62.63119383	10.89120398	0.920220511	77.15019895	51.28169994	-0.01121855	51.81470404	-0.001406177	3.934258854	32.59924004	NA	NA	NA	NA	NA	NA	NA	69775	55705	50242	375590	1263704.333	31025.66667	3623	185966	472720.6667	8815.333333	198073.6667	32764	907299	352953	691550.6667	238233.6667	414326.6667	56290	28525.33333	126221	187605.3333	9152.333333	165147.6667	17925	NA	NA	NA	NA	NA	NA	NA	NA	NA	NA	NA	NA
C12-1	C12-1	NA	NA	NA	NA	NA	NA	NA	NA	NA	NA	NA	NA	NA	NA	78.42536083	54.3238398	25.7298961	84.18747803	108.548304	-0.00047698	9.144000294	50.95666742	1.983081974	52.62615378	1.97983339	-1.770359664	24.21626182	0.972291325	4.52578624	10.88888499	3.711482748	0.799769783	0.916732715	103.4498089	24.31613265	92.98358115	64.14078583	9.78669169	55.20993184	1.092757504	-0.034976232	5.138365412	10.71896423	4.949422669	3.536608302	0.794598903	0.928859122	82.65883275	15.17100947	0.947407882	67.16469629	55.32815318	0.655448458	55.34022718	1.998596407	1.113322149	28.15290885	16.95384109	31.45886004	13.81626366	4.670821451	4.852244055	7.230962506	16.2412631	NA	NA	NA	NA	NA	NA	NA	NA	NA	NA	NA	NA	NA	NA	NA	NA	NA	NA	NA	NA	NA	NA	NA	NA	NA	NA	NA	NA	NA	NA	NA	NA	NA	NA	NA	NA
C13	C13	12.48164473	47.00792941	14.8676913	106.8371334	79.14954227	27.99556458	0.947682968	37.53685761	128.2227909	37.09777683	11.55553663	96.04682989	1.234343486	51.94410693	83.62215997	39.13356857	13.06977957	62.41548006	85.92149067	-0.062547572	3.994130472	42.9261503	1.983081728	43.07721823	1.978321308	-0.155975759	23.24635164	0.946619922	3.612374166	11.19708581	3.719872601	0.721459946	0.929366859	138.7927908	19.91481646	85.44422752	66.21268612	12.64289554	35.76102497	1.259424599	0.052853559	-0.18834925	9.944635757	4.51361447	3.061449385	0.804759531	0.923978055	65.69396165	16.32742742	0.937640282	94.60634224	48.65316472	1.655447867	50.8885758	1.998593465	0.548580955	19.62204587	17.72133093	33.21369106	14.79729099	4.396210949	4.225554274	5.131914164	12.91341149	NA	NA	NA	NA	NA	NA	NA	NA	NA	NA	NA	NA	NA	NA	NA	NA	NA	NA	NA	NA	NA	NA	NA	NA	47.96489835	NA	65.73956056	NA	144.5004516	NA	47.83966943	NA	65.87309164	NA	143.7302215	NA
C15	C15	3.145491806	53.19168358	26.14050364	125.4887154	94.99359444	30.49633621	0.707755852	41.12319098	NA	NA	NA	23.73783306	4.138463913	63.11078912	NA	NA	NA	NA	NA	NA	NA	NA	NA	NA	NA	NA	NA	NA	NA	NA	NA	NA	NA	NA	NA	NA	NA	NA	NA	NA	NA	NA	NA	NA	NA	NA	NA	NA	NA	NA	NA	NA	NA	NA	NA	NA	NA	17.29789956	30.33124405	11.19707029	5.179385356	5.228109657	10.58078839	21.17546913	450631	63162.33333	21347.33333	400392.3333	856312	38008.66667	1611.333333	15517.33333	515026	54498.33333	441337	31309	905190.6667	883561	577980.3333	263238	576829.6667	113902.3333	43491.66667	260561.3333	383782	40920.66667	112278	53284.33333	74.04023719	NA	64.14044677	NA	203.9740296	NA	73.25999938	NA	64.2652294	NA	201.2770962	NA
C1540	C1540	10.40647569	72.14836439	112.5950799	252.9038805	211.5070372	41.45592234	0.611606205	26.49346972	125.1100302	33.05640042	16.00750573	80.52123249	1.090426849	55.73577937	76.53650806	36.63324724	96.16543879	183.5231808	228.3243626	0.020298008	15.07478697	71.01045487	-0.016918152	70.48790732	-0.015364145	0.512172331	45.02970925	0.91014832	5.533226386	14.28337586	3.38608016	0.82503553	0.948386522	85.70776815	12.13633262	206.5154592	159.7929638	78.02441682	35.45630677	1.67609743	-0.019088661	11.4664526	12.17734352	3.012932665	2.72337972	0.823650251	0.930226909	71.62933549	12.64145734	0.917065489	94.65689007	71.15762082	-0.01121853	71.19395148	-0.001404536	0.209462989	46.64672666	NA	NA	NA	NA	NA	NA	NA	80796.5	13312	4879	17638.5	21184.5	6932	12789	18242	35977.5	12637	22058.5	7927	27394	749874.5	71429.5	15628	3811	5298.5	20092	17843	14003	715	702.5	234	18.42073955	NA	56.71290371	NA	42.0792556	NA	NA	NA	NA	NA	NA	NA
C18	C18	11.48164473	52.00792941	23.3676913	110.3371334	75.64954227	34.99556458	1.947682968	52.53685761	100.474118	31.63948551	13.09549119	88.34682989	4.258098397	52.98578072	61.41305029	59.02244836	25.12095961	72.08050904	101.2669477	0.785295965	11.7329054	55.82080361	1.983081717	53.56499101	-0.020358468	2.200449936	28.94035509	0.945222045	3.277095611	9.215844137	2.99514849	0.856537168	0.934329959	75.18741822	16.52228805	95.92951248	66.18737488	17.3388333	59.67846524	2.092762064	0.676893142	9.117429382	8.41702537	2.387535213	2.909134647	0.861090314	0.953246531	68.77778747	8.806195521	0.964199322	85.8088245	56.33007346	0.655448054	52.93705231	-0.001407054	0.957809562	29.76224163	14.42824029	32.64779187	18.51010348	3.913889394	4.046119332	7.352171954	14.54974445	NA	NA	NA	NA	NA	NA	NA	NA	NA	NA	NA	NA	NA	NA	NA	NA	NA	NA	NA	NA	NA	NA	NA	NA	113.019359	50.26000169	68.33463326	55.00000452	356.1986263	111.6888967	113.3821944	50.2600578	68.46770023	55.00000801	358.2956603	111.6889646
C2	C2	8.645491806	64.19168358	30.14050364	160.9887154	119.4935944	40.99633621	0.707755852	39.62319098	164.1987946	38.27754641	16.9676838	66.03783306	0.889184513	66.2357737	71.49405799	38.05020779	34.71220675	113.7209526	150.9703698	-0.048662515	8.806831618	67.05180936	-0.016918463	67.52225013	-0.016686082	-0.47439883	37.98839473	0.830531436	7.679909264	18.89620296	3.821099445	0.660418546	0.922046032	85.90509185	22.64604129	141.1485437	104.4527208	28.0758456	53.4068352	1.046637877	-0.037777313	5.293627004	14.22456183	5.448610821	3.105027001	0.739530346	0.909411022	55.81159915	16.12155323	0.922460379	85.16170647	68.53542078	-0.011218567	69.99179399	-0.001406255	0.255047321	36.12657504	15.25020741	32.82704915	16.91647231	3.615108808	4.501962656	11.40997923	16.40946248	NA	NA	NA	NA	NA	NA	NA	NA	NA	NA	NA	NA	NA	NA	NA	NA	NA	NA	NA	NA	NA	NA	NA	NA	32.03730353	28.99338888	59.29650841	35.60507765	78.2084157	41.82352546	NA	NA	NA	NA	NA	NA
C22	C22	10.14549181	57.69168358	46.64050364	172.4887154	132.9935944	38.99633621	1.207755852	33.62319098	108.4261254	38.99902467	13.91978553	77.53783306	3.449925392	101.6107881	72.84427573	40.71699435	28.47323124	107.4968087	144.3961406	0.133328923	8.246070228	63.50849021	1.983081744	64.91571696	1.982528426	-1.457727907	37.07963229	0.840325953	9.185285671	11.3153195	3.499197605	0.847536573	0.937217317	85.33356962	14.5173118	122.1630939	93.65702791	20.72963471	45.81488473	1.592760815	0.525225768	6.449908426	10.65019758	8.401655208	3.1873345	0.810682926	0.937472747	61.86563765	15.52858354	0.913588351	60.25167544	55.26663696	0.655448049	56.29476495	0.665257323	2.631354208	28.30318088	19.45046073	35.05704717	14.09619906	3.985099712	3.968303554	7.021552304	14.17058519	NA	NA	NA	NA	NA	NA	NA	NA	NA	NA	NA	NA	NA	NA	NA	NA	NA	NA	NA	NA	NA	NA	NA	NA	69.05260364	61.71000169	69.74920293	64.60000452	227.4897575	174.3220417	69.09805082	61.7100578	69.84902382	64.60000801	228.8097495	174.3221096
C23_su	C23_su	7.906475695	60.14836439	45.57275153	132.5759323	104.2937512	27.58231748	2.111606205	46.99346972	110.6100302	34.55640042	14.00750573	61.27123249	2.880759725	79.15246037	63.49618423	52.29985915	41.64430347	91.03052105	122.3836682	0.033820212	11.48079816	62.30052267	-0.016918392	60.82812486	-0.023708357	1.508478506	31.06847305	0.903284976	5.135020163	12.02302897	3.377731349	0.819757527	0.945940177	82.67930993	16.25089638	129.7160579	96.95112268	38.53926404	43.89537049	1.796636191	0.219205038	9.374709557	12.7488705	7.407463765	3.278963493	0.819981673	0.934097248	81.75225899	15.40878852	0.933927562	89.3027599	58.66440295	-0.011218475	58.06648853	-0.001404455	1.545439312	32.33908133	NA	NA	NA	NA	NA	NA	NA	NA	NA	NA	NA	NA	NA	NA	NA	NA	NA	NA	NA	NA	NA	NA	NA	NA	NA	NA	NA	NA	NA	NA	NA	115.8258937	131.3067006	65.79908929	40.15251121	339.6621834	224.9254356	116.124849	130.5310244	65.68724481	40.31895858	340.4440322	222.4006914
C27	C27	9.617423064	58.63364469	14.73097024	119.7828635	92.14451194	26.89560233	1.365486478	37.6014928	103.9787011	33.38782815	12.61337709	73.50184831	6.19435914	79.36078687	77.89255968	45.04975606	20.29950908	86.78040205	115.5150259	0.233561284	11.06550492	57.75413543	1.649748484	56.48380275	1.978514621	1.21822955	28.70222413	0.858274526	4.418502008	12.60320337	3.56728894	0.836404349	0.9484804	98.85960699	11.59700671	86.65646429	59.17680261	6.778988952	43.37626038	1.342758963	0.615100891	8.151541488	11.3725965	5.518468302	3.333383718	0.808259592	0.929951451	83.71663831	13.50848794	0.891654905	67.5109125	57.65556592	1.322114729	58.5921422	1.331921932	3.142905879	27.42369655	15.74616954	30.20959683	14.53181994	4.201041482	3.514348137	7.28450896	14.48042143	NA	NA	NA	NA	NA	NA	NA	NA	NA	NA	NA	NA	NA	NA	NA	NA	NA	NA	NA	NA	NA	NA	NA	NA	86.46239324	129.3000017	64.9198873	46.60000452	244.3373135	242.1348393	86.20097187	129.3000578	65.05581163	46.60000801	244.5715772	242.1349072
C27red	C27red	NA	57.47326366	NA	NA	NA	NA	NA	NA	NA	NA	NA	0.326250909	6.640492283	127.9857882	61.29236532	36.38385159	31.68084169	115.1149604	156.9470973	0.726304961	14.68536781	62.07714499	1.983081732	61.85421946	1.315864895	0.20589732	42.19484504	0.959451984	8.550565114	13.25311234	3.30559565	0.819493506	0.93160629	71.73473748	18.6705308	143.9723663	100.6045189	19.24240145	39.39764234	0.926091987	0.926030373	12.07857226	8.795306065	11.23201268	2.796234595	0.742626029	0.894219748	68.44185265	21.90958355	0.975577634	37.89269255	64.71772808	1.655448067	71.04606122	1.665260506	2.687827033	43.36049098	17.46883266	33.10432012	15.4923595	3.975103966	3.64913459	5.197428924	13.91504652	NA	NA	NA	NA	NA	NA	NA	NA	NA	NA	NA	NA	NA	NA	NA	NA	NA	NA	NA	NA	NA	NA	NA	NA	NA	NA	NA	NA	NA	NA	NA	NA	NA	NA	NA	NA
C3	C3	NA	NA	NA	NA	NA	NA	NA	NA	NA	NA	NA	NA	NA	NA	57.55754602	43.55044151	6.465113492	47.49173577	64.16634426	0.551123307	1.50532424	49.87294519	1.983081964	56.71207989	1.978949773	-6.818906199	16.30621654	0.93072295	3.034731955	6.490761772	2.662429313	0.804794553	0.92427969	71.8303394	19.8791617	61.59129393	40.70023531	5.410515142	42.05910531	0.926091937	0.194025197	-0.282467177	6.782052369	2.77571618	2.643651552	0.823411218	0.937892352	57.28169501	8.084200199	0.947499501	77.34004725	48.08691417	1.98878139	49.74638672	1.331924515	-0.022875582	20.91321885	19.6180745	30.52122277	9.933806324	4.27597585	4.669977978	7.06827783	15.71883327	NA	NA	NA	NA	NA	NA	NA	NA	NA	NA	NA	NA	NA	NA	NA	NA	NA	NA	NA	NA	NA	NA	NA	NA	NA	NA	NA	NA	NA	NA	NA	NA	NA	NA	NA	NA
C30	C30	NA	NA	NA	NA	NA	NA	NA	NA	NA	NA	NA	NA	NA	NA	36.64759175	36.550539	15.35461809	56.33103256	73.70573541	1.557812851	6.496070228	59.96541071	-0.016918205	59.81432245	-0.017481017	0.180280067	17.72215469	0.941118058	6.516030697	11.47184204	3.105797406	0.816524329	0.937150491	94.0113814	18.54045456	99.84185574	69.24129158	21.09599937	50.51767377	1.926097081	1.468569383	6.474595458	12.56337683	6.563524043	3.193338536	0.83191868	0.943936163	72.39343045	12.33852731	0.941692205	92.65367444	55.25509893	-0.011218674	55.12079681	-0.001405102	2.967395988	30.6767569	15.91267836	35.72571651	19.73369695	3.445047729	3.416783419	6.862804278	11.90715848	NA	NA	NA	NA	NA	NA	NA	NA	NA	NA	NA	NA	NA	NA	NA	NA	NA	NA	NA	NA	NA	NA	NA	NA	NA	NA	NA	NA	NA	NA	NA	NA	NA	NA	NA	NA
C38	C38	13.14549181	49.19168358	24.14050364	106.4887154	73.49359444	32.99633621	1.707755852	55.62319098	126.1987946	32.27754641	9.467683799	93.28450863	4.095922989	58.73578583	66.24775188	57.38341565	21.54655245	78.5040565	103.9581063	2.010678152	8.681879705	50.09964123	0.316414987	49.9215808	-0.023307916	0.185158699	25.69051727	0.896012326	5.732707758	13.68553724	3.104126689	0.848930186	0.930267422	71.22242458	12.3472207	95.11394486	66.6976492	13.03601609	60.94986472	1.509427808	1.327520437	4.16672239	12.44446549	4.966421024	2.961632303	0.763734176	0.900318735	60.12826442	12.97990619	0.85742292	87.57994848	53.46034422	0.322114545	52.99011065	-0.001406262	2.545561628	28.38383629	20.24353031	31.13307897	9.613628985	4.420563699	4.362030149	5.807051563	14.7193587	NA	NA	NA	NA	NA	NA	NA	NA	NA	NA	NA	NA	NA	NA	NA	NA	NA	NA	NA	NA	NA	NA	NA	NA	66.0878808	120.1366995	63.50345582	44.9525393	179.4564512	218.6565579	66.04117231	119.3610438	63.6036639	45.11895168	180.4314126	216.1319396
C4	C4	10.07032277	54.33211856	14.36789228	93.55546244	69.85108937	22.95669396	0.371679088	28.5798031	109.7459424	34.47331534	11.91952026	77.41223566	3.490198792	74.36078623	79.62728067	36.38409239	20.54632353	81.1606973	104.5522332	-0.000535797	10.50717003	49.85598388	-0.016918401	48.84334239	1.312273595	0.887002081	23.15354307	0.957730827	5.514864342	10.70909495	3.863156955	0.822419426	0.936415326	88.47383666	18.13459389	96.64880722	67.78356774	12.22388894	48.49592169	1.39831704	1.105821397	7.824792341	7.068015387	3.731039218	2.861394457	0.798311483	0.932324187	82.5134795	15.74528836	0.952277119	72.1331534	55.43523269	0.322114934	55.50463088	1.33192859	1.680622645	28.69528088	20.37159205	27.12647108	5.869395752	5.330494843	5.857050288	8.073585198	20.34306472	376233.6667	30198.33333	5671.666667	64901.33333	173834.6667	6286.666667	483	3813	192217.3333	5942.333333	56992.33333	4646.666667	350923	138907.3333	46266	58866.66667	8564.333333	14114	13510	13255.66667	15559.66667	3166	5855	3156	56.66538634	82.06998984	67.53302083	49.10005809	175.4487162	161.2377094	57.10081795	82.06973161	67.53722185	49.10011039	176.829777	161.2373717
C40	C40	5.473674088	56.70461915	35.259635	139.0686146	108.2790171	30.82202704	3.995286088	36.19294068	146.6342661	34.59510233	10.6380349	42.44070947	6.129840478	65.98577949	48.24617456	44.04995051	31.36835249	94.79488278	129.9871873	1.297470145	8.31031941	61.03001887	-0.016918369	61.81845409	-0.028196853	-0.804942356	34.69413907	0.922392903	4.512075752	15.74480326	3.783110279	0.814550003	0.951835436	87.60444974	11.86432068	132.9700493	94.05380761	28.84181143	37.71164552	1.759426199	2.555050716	12.0975759	17.05465696	7.32040998	3.598754344	0.79812231	0.945844139	73.01411071	11.94453228	0.923060785	52.62188046	57.79379164	-0.011218472	60.40462785	-0.001404992	2.853376287	38.46454792	15.36691821	26.54671276	10.66331791	5.640754026	5.674676929	10.0268169	22.37588994	870330.3333	93380.66667	117318.3333	1380588.333	3299922.667	18623.66667	1080	31255	4148099.667	52722.33333	424472.6667	59447.33333	718254.6667	1775630.667	1107098.333	127653.3333	155869.3333	37488.33333	25276.33333	142270.3333	166023	43512.66667	64955.66667	14193.66667	63.93575437	100.4866935	68.27024909	55.70251943	202.1683852	227.5228154	64.02971795	99.71097172	68.19519148	55.86896349	203.1968249	224.9981687
C42	C42	10.40647569	57.14836439	46.09507993	148.9038805	110.5070372	38.45592234	1.111606205	47.99346972	95.61003022	30.05640042	13.00750573	80.52123249	3.45472844	50.36077008	78.39092556	53.38336382	40.02677289	102.9669172	139.994192	-0.009025737	15.8211171	56.54486204	1.983081702	59.85956392	1.980721993	-3.437829062	37.29362108	0.974035318	4.975641779	9.099186478	2.841025966	0.840891453	0.937905385	84.37150475	19.53883952	122.4596327	87.31764469	26.48865727	50.11234687	1.676093711	1.018028367	12.4264057	9.931896187	5.069924935	2.55545617	0.78877658	0.91791058	62.94221577	9.162825454	0.945410065	74.01134311	55.38516276	1.988781396	59.27993565	0.665262253	1.32511502	35.31306028	20.21199461	38.25953014	17.11876852	2.99119107	2.526345904	6.833912779	8.632501735	NA	NA	NA	NA	NA	NA	NA	NA	NA	NA	NA	NA	NA	NA	NA	NA	NA	NA	NA	NA	NA	NA	NA	NA	7.316874297	21.58669296	56.92196849	40.30256356	17.40670419	34.64826489	8.067694695	20.81085923	56.85508071	40.46902977	19.73565884	32.12342644
C5	C5	11.81734412	48.82346511	25.57275153	137.5759323	97.29375124	39.58231748	3.091181167	58.10575522	97.474118	28.63948551	8.095491192	91.80250229	1.21681265	49.77745002	73.3887746	50.96764343	23.92820001	96.46440059	130.883503	0.485069184	9.515059291	53.23475416	1.983081639	53.72294652	0.645569008	-0.466988467	34.25537996	0.907457045	8.080422045	11.38142261	2.867457528	0.850261582	0.92879771	68.57736375	13.1718957	101.3998301	71.29409788	12.20813846	51.73010691	1.426093028	1.849057799	6.609306135	12.85804712	5.070851736	2.858595327	0.787375931	0.91250097	69.16970115	11.37385278	0.901512118	46.49129882	54.92536445	0.988781472	55.29942621	0.495489976	2.202696956	30.38412315	15.27347492	30.32225887	14.96680231	4.581797531	4.670989469	7.791977452	17.78577773	NA	NA	NA	NA	NA	NA	NA	NA	NA	NA	NA	NA	NA	NA	NA	NA	NA	NA	NA	NA	NA	NA	NA	NA	112.4904377	149.0233818	69.64448785	48.50505002	366.2074756	292.4550911	111.8771445	147.4717035	69.77848305	48.83797738	362.5699813	287.4052869
C65	C65	10.33789576	59.07890387	52.89635606	173.1228845	133.2840474	38.9219893	0.577482578	29.12830549	111.3783559	39.80505101	13.58019443	80.33569105	4.982319034	122.485776	30.8568243	39.8831997	23.96837018	106.7743958	143.4715213	0.355122962	8.960607749	67.6646465	1.983081948	67.48677747	1.984899684	0.180787362	37.04843485	0.913571514	9.815741085	12.5545853	3.649391782	0.824791917	0.921828521	88.69217586	11.91688931	138.5584219	99.17720153	21.70858157	39.30150836	1.509426336	0.408305389	8.712666266	10.79015169	11.26726761	3.2313275	0.84793828	0.929919182	56.79272315	20.80955385	0.811622292	69.0031373	61.1933292	0.322114812	63.79363958	0.665260849	2.26361024	39.77643838	17.03528559	34.11152402	16.94657836	4.172169038	3.781892833	4.336811348	12.17144079	399076	26774	3986	131592	140859	18116	672	65076	328368	60162	317966	7489	53979	2344814	46277	48317	7625	21138	3691	52079	55774	7889	1953	1758	69.16304576	87.88669201	74.43598373	62.1524901	268.8769456	234.5989619	69.14193935	87.11088866	74.70734691	62.31892775	266.6760377	232.0741886
C68	C68	8.042254027	48.47326366	11.95835887	86.34961061	64.00200687	21.35596009	1.029409714	62.88118423	NA	NA	NA	61.82625091	2.072657869	95.98578294	78.85786589	41.46663828	33.04916893	110.2076497	145.2987794	-0.007354211	7.008872957	65.85534593	1.983081441	65.25805773	1.979402394	0.537314649	35.57279655	0.901487731	8.985330723	12.23566367	3.57154629	0.826334426	0.917283377	76.3206929	20.08418507	88.89342958	62.71950193	12.10345095	50.76120692	0.926094275	1.590071482	0.939549549	5.480184497	5.027602382	2.58224096	0.79982516	0.919114302	46.86521684	11.84830949	0.928741502	76.4263739	48.37972492	0.98878136	47.97489538	0.665259453	0.840502029	25.93914293	17.42124747	35.1961564	17.3234811	3.854026225	3.745294565	4.363670763	11.85031604	NA	NA	NA	NA	NA	NA	NA	NA	NA	NA	NA	NA	NA	NA	NA	NA	NA	NA	NA	NA	NA	NA	NA	NA	NA	NA	NA	NA	NA	NA	NA	NA	NA	NA	NA	NA
C68Rx552_63	C68Rx552_63	8.145038269	62.19097346	44.11837622	155.8790961	117.9818556	37.58386072	2.611326934	41.27842197	126.4261254	35.99902467	12.91978553	62.48450863	3.906427422	50.98578327	75.78022727	38.46703825	33.60098072	99.23392143	133.4214022	0.673984131	14.6053769	61.02212347	0.316414998	62.43046506	-0.02230104	-1.452953117	33.80481956	0.844449765	4.246172018	11.67663625	3.543701338	0.848925919	0.943158797	90.52110873	12.97617837	131.7578182	98.03705236	31.4495815	42.35484084	1.75943047	1.549141045	11.30079866	11.90142022	5.755627219	3.108049512	0.8199757	0.931068348	72.07119379	10.5284654	0.831320508	79.205019	61.66763677	-0.011218789	63.06821004	-0.001407476	2.410969394	33.55207143	16.30117864	33.97647992	18.16384865	4.394750857	4.122712555	7.10128807	15.54375929	NA	NA	NA	NA	NA	NA	NA	NA	NA	NA	NA	NA	NA	NA	NA	NA	NA	NA	NA	NA	NA	NA	NA	NA	118.4058483	99.07338888	67.9637726	50.70507765	366.2783675	202.2130752	118.1339072	97.52187262	68.0303474	51.03796034	366.8213175	197.1636957
C6A	C6A	NA	NA	NA	NA	NA	NA	NA	NA	NA	NA	NA	NA	NA	NA	62.60502499	65.88336432	22.51427254	84.52660765	109.4660565	0.495624016	9.891122828	48.63095277	-0.016918357	48.431484	1.981096119	0.191559045	24.90106134	0.958105036	5.650230668	10.91766108	3.035771605	0.841166115	0.90689916	66.62485858	12.94913556	90.71814295	64.11355409	11.0689776	56.27701853	1.217504335	2.008759028	5.796010279	9.367325403	4.626286685	3.031817033	0.843956943	0.937259048	65.74390473	9.853421497	0.922340673	82.3873374	49.99134088	0.988781293	49.73176195	1.665259442	2.575366294	26.59535204	16.57848152	35.40354732	17.65625793	4.281377108	4.457640179	9.283345361	17.46489416	NA	NA	NA	NA	NA	NA	NA	NA	NA	NA	NA	NA	NA	NA	NA	NA	NA	NA	NA	NA	NA	NA	NA	NA	NA	NA	NA	NA	NA	NA	NA	NA	NA	NA	NA	NA
C7	C7	8.00174283	53.76265805	45.6691684	147.2744664	115.1280996	31.92276092	1.337555462	39.21463887	108.8543596	30.48482059	11.49234161	61.87669422	4.914539168	152.8607856	61.74337017	49.09560528	40.63616267	96.22939458	122.1494798	0.18111067	12.0144368	56.6151591	1.316414939	57.49847188	-0.018141864	-0.956069549	26.62932644	0.814689776	7.179210186	10.57897413	2.984619774	0.858615886	0.928281355	56.56054847	20.96477709	114.5292626	81.94042522	29.63233175	56.02180981	1.759426887	0.569972315	6.031161164	9.967588009	8.687560368	2.91092729	0.819326154	0.91147886	59.73715089	10.12204112	0.87344169	79.15961206	56.37079651	0.322114845	58.31863086	-0.001406323	2.278077865	32.38595611	17.28752546	32.7079959	14.70015128	4.645027955	4.537780691	6.514876636	15.50163283	376902	61833.33333	17793.33333	330003.3333	296180.6667	21509.66667	1461.333333	91958	1036110	16125.66667	140223	20488	1347758	843773	606027.3333	405730.6667	356750	73190.66667	15912.66667	220604.3333	235551.3333	31542.33333	76145.33333	29662	62.98700282	75.72339101	63.37766742	46.00505579	167.2104549	139.5462439	62.23362248	74.17200917	63.53835788	46.33790104	169.2444432	134.4969917
C7e	C7e	9.973674088	52.70461915	21.759635	131.0686146	94.27901706	36.82202704	1.495286088	44.19294068	91.13426609	29.59510233	11.1380349	77.04070947	8.232747788	110.1107784	71.68161766	55.21650603	26.90477935	82.56383042	115.0161432	0.491456637	15.14987153	54.94872783	1.983081513	55.49106398	-0.022917162	-0.498047266	32.47916365	0.948650897	9.941855127	13.05616507	3.42369316	0.835136739	0.934136934	82.39293399	15.7417729	102.6977117	70.65071223	8.498811526	55.98975444	1.426091535	0.398317452	11.19246907	9.971867057	9.964596886	2.837465266	0.844227348	0.940940187	67.67594729	14.57172577	0.9510097	65.72038775	55.95266619	-0.011218658	60.93417161	-0.00140733	3.948584615	32.316888	16.0039556	35.30787649	19.11770226	3.582278445	3.653360961	7.638135591	14.5604153	348997.3333	39607.33333	28335.66667	740251.6667	57875.66667	21124	57123	3414.666667	286991.3333	27382.33333	337046.3333	16976.66667	633658.3333	543058	541968.6667	137627.3333	375714.6667	61246.66667	32282	51665	161285.6667	78343	154923	20575.66667	81.22543161	185.0716884	71.09170594	44.35252516	280.4177432	229.6755105	81.54523262	184.2958826	71.05256671	44.51895554	280.1541673	224.6260414
C81	C81	9.906475695	57.14836439	42.59507993	166.4038805	132.5070372	33.95592234	1.611606205	49.99346972	139.1100302	34.55640042	11.50750573	76.67123249	4.740198792	83.86078623	66.13042283	45.44974757	36.72072503	115.6581968	146.3664553	0.845789378	5.424518623	63.01991612	0.983081856	63.00168461	1.315150284	-0.103291941	30.89210241	0.886449295	5.417549934	12.87485127	3.495506015	0.85418942	0.952406816	101.5930194	23.76733561	145.6676224	112.7606112	33.21788704	48.67622782	2.592761153	1.205580782	7.925880097	14.11739054	7.041524102	3.145478305	0.829595125	0.926146249	84.93970333	13.57089036	0.950035853	66.37934184	62.20339612	-0.011218739	63.70468639	0.998593137	2.625604996	32.95558255	22.97971894	34.73933684	10.47194259	3.880424681	4.113376015	6.366414304	13.54429624	62082.5	76171.5	59223	279753.5	3146593.5	12720	19114.5	3981.5	353443	8398	135726.5	10584.5	480966	375576	1349141.5	100003.5	198655	32727	20322.5	72002	125778	52962	300372.5	18350	100.0619314	125.4516934	62.41587514	43.25250171	269.2102101	223.1419126	99.52113551	124.6758827	62.44001655	43.41897269	266.5348875	220.6169358
C8pseudo	C8pseudo	8.50174283	55.76265805	21.1691684	129.2744664	94.12809956	34.92276092	1.837555462	32.71463887	115.8543596	31.48482059	10.99234161	65.72669422	4.522266775	116.4857695	51.37754949	37.79953134	16.88806919	71.0060367	104.1949304	0.910260301	6.724733592	57.38350879	-0.016918289	60.46840835	-0.016930155	-3.129536505	33.25219028	0.960873756	7.795092182	11.18073506	3.089965164	0.832393713	0.944171058	83.56268435	12.70265599	82.22991302	57.12895153	11.45197	42.70260903	1.759431351	1.272412821	2.559507867	8.49818717	9.681952787	2.723180869	0.783091309	0.926889035	69.13954397	9.407270233	0.944173205	56.42220955	58.54907675	-0.011218636	63.09314663	-0.001405177	2.650325699	24.83593059	21.99829309	33.60875965	9.842086802	4.643312622	5.183467802	8.780651604	18.01933102	368539	133509	8037	51460	62656	17362	718	2591	90573	21485	67940	27076	39469	806545	125325	3528	10222	23235	4906	179811	85276	3334	5311	1168	38.52861764	93.29332541	71.81574399	47.93332097	124.6292725	166.7422805	37.86461941	93.2932179	71.70501505	47.93330459	120.6999122	166.7421217
C90	C90	12.04225403	57.77407967	31.95835887	133.3496106	104.0020069	29.35596009	0.029409714	79.88118423	114.8659404	36.34645175	15.56534619	92.62625091	2.165253011	83.86078844	56.15279874	76.88362495	37.69604212	105.5071775	137.0089663	0.224970793	8.379806643	62.92957186	0.649748336	61.35747664	-0.020689838	1.517817203	30.90498529	0.88988349	6.072638864	12.5102221	3.796790721	0.843400962	0.955194183	111.6208382	11.64738164	150.8874131	114.2801145	41.27673286	70.89442998	2.296631674	1.97439428	9.749924884	17.04313093	10.97006652	4.002802108	0.825524267	0.942981782	100.4890436	24.2525819	0.973859543	27.00013012	58.48079038	0.995499778	58.45002656	0.50239965	2.860732082	36.98939784	16.38309795	33.41798504	15.81085011	4.772067205	4.941531832	7.507054644	17.09855046	162103.3333	53748.66667	150374	271513	26711	16650.66667	622	138726.3333	371753	27544.66667	685930.6667	19075.66667	288138.6667	507542.3333	463927.6667	80509	280674	45477.66667	165254.6667	90172.33333	313305.6667	96946.66667	165716	4482.666667	99.8804069	108.3416857	64.81908108	57.50254628	284.0795873	271.2071614	99.65528364	107.5657325	64.89057244	57.66902045	283.9558644	268.6820611
CHZM_08_129	CHZM_08_129	8.973674088	58.20461915	35.759635	139.0686146	103.7790171	34.82202704	2.495286088	28.69294068	154.6342661	27.09510233	9.138034901	69.34070947	3.384336564	102.6107743	56.28584962	36.4664319	41.30895162	87.83723335	123.4266807	0.712936573	14.80220486	57.64100506	1.649748724	56.00730746	1.315885965	1.547146173	35.27442068	0.955514022	3.825761541	11.20055566	3.224674302	0.832242803	0.933884367	100.8755516	16.48007403	111.5903125	76.74319284	20.37863884	39.90916937	1.842759722	1.126724921	9.84310941	10.56801647	7.287024505	2.983979177	0.829286715	0.934233287	64.42332617	12.4047706	0.969814852	83.43754494	56.22731809	0.65544805	56.26986296	1.331926742	1.559024207	35.11773027	NA	NA	NA	NA	NA	NA	NA	105226.3333	217956.3333	48716.33333	2752242.667	2366314	45475	312.6666667	9301.333333	400191	40938.33333	474397.3333	27166.33333	1052775	258706.3333	808472.3333	328004	522718.3333	308570.3333	107554.3333	271681	368862.3333	41720.66667	534879	19430.66667	69.48542746	85.51338162	67.20514133	54.30503448	208.0194748	188.5028432	68.59974933	83.96173342	67.34392303	54.63793052	206.3909683	183.4529802
CI540	CI540	9.145491806	68.69168358	86.14050364	226.4887154	179.4935944	46.99633621	0.207755852	20.12319098	123.6987946	30.77754641	13.9676838	69.83783306	0.025271703	56.48576934	65.84668012	38.80039976	77.4859386	164.7086119	208.3152036	0.079853439	13.83539275	70.38217997	-0.016918313	71.40505878	-0.021221558	-1.122826964	43.61832373	0.84993001	5.239951267	15.00834359	3.155828928	0.815582737	0.9272476	90.15637828	12.92461954	193.7046871	155.8262287	74.9602244	36.81537401	1.509426426	-0.175487644	11.06855476	12.84472875	3.977372163	2.649707551	0.802259493	0.911817259	63.87284596	10.75722305	0.925908705	80.15602786	72.87267081	-0.011218521	75.40498901	-0.002113157	-0.152163907	38.12343745	NA	NA	NA	NA	NA	NA	NA	NA	NA	NA	NA	NA	NA	NA	NA	NA	NA	NA	NA	NA	NA	NA	NA	NA	NA	NA	NA	NA	NA	NA	NA	15.1378808	31.32000799	57.60345582	47.00002281	34.46290726	59.09435109	NA	NA	NA	NA	NA	NA
COES25A-1	COES25A-1	3.542254027	61.27407967	21.95835887	99.34961061	72.50200687	26.35596009	1.529409714	51.05810492	111.3659404	36.34645175	14.56534619	27.27625091	NA	NA	-0.849893616	NA	NA	NA	NA	NA	NA	NA	NA	NA	NA	NA	NA	NA	NA	NA	NA	NA	NA	NA	NA	100.9884691	81.83294419	27.40410848	56.37038211	1.754972891	2.052019144	15.2265115	12.91451547	7.015240317	3.547322629	0.81053411	0.937218297	85.97234744	13.93493198	0.891263432	24.16892486	58.31967128	-0.004500148	59.71089226	0.002397244	1.055137184	18.99596169	NA	NA	NA	NA	NA	NA	NA	136830.3333	564750	179284	4437392.333	5558364.667	487648	15222.33333	8819.333333	16429483.33	105153.6667	119571.3333	72664	176249.6667	2190799.667	5045779	191249.6667	109775.3333	35160.33333	35260	491580.3333	272077.6667	735164.3333	1370854.333	17128	20.09104141	21.8599977	77.68131957	62.20001221	83.62565843	57.83068602	NA	NA	NA	NA	NA	NA
COES28A-1	COES28A-1	7.481644733	55.00792941	15.8676913	96.33713345	67.14954227	28.99556458	1.447682968	49.03685761	114.2227909	33.09777683	14.05553663	57.59682989	NA	NA	56.01463313	41.88317792	13.26408125	54.04973376	72.84951803	0.721537441	12.46014592	56.36013841	-0.016918492	56.12647886	-0.01942578	0.200398818	19.37865012	0.914997781	5.335996164	9.828362469	3.135018648	0.828326786	0.942623088	95.84665241	15.91588004	53.91024261	31.88997227	7.212845621	40.72551627	1.148316358	1.299563368	5.453706284	8.155544189	6.011517641	2.936381726	0.793134679	0.931003065	68.88220651	9.301544394	0.968064354	44.43349268	56.38732299	-0.011218847	56.42203467	-0.001407643	2.792014753	22.38928909	NA	NA	NA	NA	NA	NA	NA	NA	NA	NA	NA	NA	NA	NA	NA	NA	NA	NA	NA	NA	NA	NA	NA	NA	NA	NA	NA	NA	NA	NA	NA	8.160902272	14.95169996	73.68261398	63.70250769	34.44682223	40.56373774	NA	NA	NA	NA	NA	NA
COES46A-1	COES46A-1	8.00174283	53.26265805	21.1691684	115.7744664	89.12809956	22.92276092	1.337555462	43.21463887	105.3543596	33.48482059	13.49234161	61.82669422	NA	NA	32.13590451	44.46610574	11.04166948	57.99505203	81.09317369	1.141565812	8.411846255	60.40696976	-0.016918389	62.1935081	-0.018589215	-1.80363504	23.01641022	0.93791344	9.9556356	11.0229234	2.793477792	0.849559584	0.936407573	66.12111295	11.07442898	99.02986709	71.08393107	20.24025943	41.82381591	1.509427182	0.733824893	12.43401563	11.46273891	11.0409977	3.158921171	0.815177515	0.940699687	66.89455293	11.86989463	0.898609756	91.12641451	52.12442472	-0.011218669	56.190557	-0.001408295	3.140970741	27.9009676	NA	NA	NA	NA	NA	NA	NA	192432	34322.5	53951.5	152327	1199541	24555	2247	11186.5	1012842.5	13828.5	384296.5	9286	64293	181245	276413.5	22058	337890	21429.5	23906.5	78918.5	231574.5	6047	66831	2014.5	7.133328472	18.06000177	78.01396121	72.49991993	34.46270189	65.67272358	NA	NA	NA	NA	NA	NA
CRC_61	CRC_61	3.817344123	53.82346511	30.57275153	124.5759323	94.29375124	30.58231748	5.091181167	39.10575522	109.474118	30.63948551	11.09549119	15.17123249	5.692973339	98.23578289	63.49618423	43.63319249	31.06097014	97.78052105	127.7170015	2.283820212	10.48079816	53.96718934	1.983081608	52.49479153	-0.023708357	1.508478506	29.65180639	0.948301112	7.556451833	12.93317716	3.293844247	0.848353925	0.937396925	75.70782844	18.14346264	118.5550865	83.85516221	19.57259676	51.29544578	1.759424846	2.781177987	16.63630143	13.4660853	8.779584846	3.236637235	0.781371156	0.910625848	77.71949759	22.31835849	0.932619898	51.75231505	56.34463699	1.988781449	57.72140542	-0.001404023	2.941693614	34.75329181	NA	NA	NA	NA	NA	NA	NA	NA	NA	NA	NA	NA	NA	NA	NA	NA	NA	NA	NA	NA	NA	NA	NA	NA	NA	NA	NA	NA	NA	NA	NA	69.92836225	32.20339608	62.41091616	52.90506903	186.1493165	66.4576358	70.99457145	30.65198685	62.27293958	53.23794916	189.4261651	61.40829656
CTS62_Su	CTS62_Su	NA	NA	NA	NA	NA	NA	NA	NA	NA	NA	NA	NA	NA	NA	59.87953131	41.2171376	38.89976869	104.2115191	136.911432	0.037074326	6.89186448	68.0152718	-0.016918459	68.50290792	-0.026535384	-0.488406239	32.69498941	0.809057126	7.255412356	14.46825146	3.659675163	0.800482391	0.933679375	71.54163387	16.31587829	128.5906335	92.48332307	32.36433893	40.33202819	1.259428836	-0.251050452	10.51425032	12.35737577	8.331004728	3.372530781	0.81505598	0.941244868	70.24503423	11.15936147	0.860881899	79.73583939	64.48158071	-0.011218276	65.50373065	-0.001405822	0.786631626	36.66858572	NA	NA	NA	NA	NA	NA	NA	NA	NA	NA	NA	NA	NA	NA	NA	NA	NA	NA	NA	NA	NA	NA	NA	NA	NA	NA	NA	NA	NA	NA	NA	NA	NA	NA	NA	NA	NA	NA	NA	NA	NA	NA	NA
CTS6_1	CTS6_1	2.088900786	72.27407967	46.45835887	166.3496106	131.0020069	34.85596009	2.029409714	40.05810492	129.8659404	36.84645175	15.06534619	8.026250909	0.013227467	45.73577211	73.3882797	39.71661779	24.13180717	97.66254213	128.5364407	0.667432505	4.430898333	70.04321253	0.0022743	71.4382719	-0.012521679	-1.436152874	31.08420784	0.920472801	5.931586509	13.40506606	3.329925543	0.807302141	0.912260658	87.72033883	18.41418973	143.4695258	111.4659385	31.14368782	39.67869757	1.426093879	-0.003650603	4.742092851	11.86233064	6.911778794	3.130047561	0.81116977	0.922494402	79.65672143	14.42805195	0.934587738	92.90801006	66.17351228	-0.011218717	66.80676696	-0.001406486	0.562407891	32.59522393	NA	NA	NA	NA	NA	NA	NA	98317	25272.5	49979	49782.5	463269	32481	196.5	3336.5	192341.5	26199.5	49898	19732	46622.5	601449	255486.5	26032.5	8146	8531	123478	63411	51805	1865.5	7567	302	NA	NA	NA	NA	NA	NA	NA	NA	NA	NA	NA	NA
Chihuahua_151	Chihuahua_151	2.117423064	60.13364469	62.73097024	203.7828635	163.6445119	40.39560233	7.865486478	46.1014928	NA	NA	NA	15.85184831	0.348632131	50.11077553	25.92086127	54.96802642	40.69918296	102.4356434	140.8718797	3.673899469	6.720449403	60.27821995	1.983081764	61.789112	1.980850844	-1.468593676	38.12110063	0.89745682	5.655775656	12.39124387	3.415040825	0.86819865	0.960942986	96.11693765	15.18380324	141.9040691	100.7181527	43.24743275	55.39756982	1.426088254	4.040011446	5.206251524	11.68603383	6.580847027	3.222089228	0.832074888	0.921699672	69.70115217	19.59914963	0.842577486	55.8484619	58.59173486	0.655447847	60.81118206	-0.001410328	0.092858166	41.3333768	NA	NA	NA	NA	NA	NA	NA	NA	NA	NA	NA	NA	NA	NA	NA	NA	NA	NA	NA	NA	NA	NA	NA	NA	NA	NA	NA	NA	NA	NA	NA	NA	NA	NA	NA	NA	NA	NA	NA	NA	NA	NA	NA
Chile_332	Chile_332	11.83789576	60.57890387	71.39635606	223.1228845	172.7840474	46.9219893	1.577482578	40.12830549	160.8783559	44.80505101	14.58019443	91.88569105	5.204598706	170.6107816	54.80019772	41.46603987	38.23427144	125.9217902	167.5048878	1.042766939	8.615706152	63.79439265	1.316414807	65.16324438	0.978180138	-1.447183566	41.28366934	0.890968331	11.0346176	15.48518257	3.725777738	0.800732436	0.93166397	92.61775055	15.83891295	175.7696112	130.5428071	39.75315906	52.54265892	1.926093115	0.42646026	7.294185908	14.43239636	8.422126369	3.467899541	0.832600852	0.945072343	84.07726327	13.77533945	0.895231476	71.71989268	61.71015692	1.322115164	66.73183831	1.665262445	1.74574752	44.75778897	NA	NA	NA	NA	NA	NA	NA	107504.3333	290020.6667	117781.3333	754855.6667	377109.6667	19063	15648.66667	139111.6667	324216	34954	104158	31743	74862	306434.3333	372792	36380.66667	61099.33333	88874.66667	21349.33333	97200.66667	84196.66667	124361	150220.6667	2373	33.54989101	117.8716989	70.4491959	50.65249448	116.4754759	239.9069181	34.85631976	117.0960432	70.3088913	50.81892706	121.0786492	237.3823269
Chile_335	Chile_335	8.542254027	55.27407967	39.95835887	165.8496106	125.5020069	40.35596009	3.029409714	35.05810492	122.3659404	34.34645175	12.06534619	65.67625091	4.378917462	93.1107725	36.10364949	42.57716909	25.90037015	95.14980225	134.180427	2.341816783	10.95473436	61.74185687	1.316414981	63.2653653	-0.024414829	-1.480595538	38.75252726	0.936337546	8.116102229	11.29094348	3.303510351	0.817503113	0.949345813	71.54338403	17.32925764	131.1698507	98.1907426	30.67297152	46.63815166	1.592760557	1.390388567	11.37756696	12.53275735	9.570387143	3.285888714	0.800217626	0.929100699	79.45085405	12.03946766	0.913599465	94.38032806	56.72824369	-0.01121881	59.75697559	-0.001408374	3.687075427	33.09684068	NA	NA	NA	NA	NA	NA	NA	266203.6667	44557.33333	10240	143260.3333	887174	13924.66667	457.3333333	8160.333333	196635.3333	19787	544631.3333	19477.66667	713010.6667	511142.6667	200265.3333	216301.3333	76773.66667	45527	38983	88570	137729.6667	9686.666667	24946.66667	24138.33333	64.93437474	117.6899977	71.6146529	53.36667888	222.0959237	301.7616661	63.14753459	117.6899729	71.59236225	53.36665556	218.4263096	301.7616494
Chile_339	Chile_339	NA	NA	NA	NA	NA	NA	NA	NA	NA	NA	NA	NA	NA	NA	55.15126854	43.96605798	34.15037015	101.3998022	145.2637604	1.425150117	10.23251214	55.74185687	1.983081648	55.93203197	1.308918504	-0.147262205	43.5858606	0.943377672	7.056722771	13.56310558	3.161756303	0.833737102	0.923929228	73.23568873	20.30875696	151.6719802	107.7177342	41.08114157	51.33880769	1.953868071	2.061461006	7.931607002	12.65371797	10.09738877	3.338509738	0.786460579	0.90329503	63.07072576	12.25660901	0.963677843	64.81909116	56.25678582	0.655448012	56.64090438	0.665258029	3.403338871	43.89460242	NA	NA	NA	NA	NA	NA	NA	NA	NA	NA	NA	NA	NA	NA	NA	NA	NA	NA	NA	NA	NA	NA	NA	NA	NA	NA	NA	NA	NA	NA	NA	NA	NA	NA	NA	NA	NA	NA	NA	NA	NA	NA	NA
Country_Gentleman	Country_Gentleman	11.57032277	60.83211856	50.36789228	188.5554624	143.3510894	44.45669396	2.371679088	35.5798031	147.4261254	42.99902467	17.91978553	88.96223566	8.563933441	104.3607695	36.90744735	52.24057181	44.53685629	127.2493517	165.8551148	1.667359222	13.8642865	69.62806826	0.649748284	66.57373038	1.979902181	2.900919755	38.32062991	0.972881663	7.921124638	14.06050481	3.749967218	0.853124245	0.944201873	79.60239696	10.63213418	157.3709865	124.0925947	47.83599916	47.17058042	1.592761691	0.763910798	12.19304495	12.51815208	7.81859769	3.411926851	0.796679338	0.924296167	83.44189448	16.85810468	0.89551181	87.80780039	63.06573247	1.322114754	63.88208269	1.331928231	2.855048143	33.50474992	NA	NA	NA	NA	NA	NA	NA	430739	224060	128646.6667	1496921	1298782.333	69060.33333	109357	1157244	3179073.333	20225	703906.3333	16450.33333	1028340	792614.3333	1329253.667	388551.3333	1146578.333	136525.3333	98693.66667	167258.3333	470042.6667	259729	975570.3333	26788.66667	70.73902211	98.85169435	68.87949349	52.252534	224.6185797	208.8975205	69.46891187	98.07599103	68.9486934	52.41894497	223.8007668	206.3728861
Cubano	Cubano	2.906475695	76.14836439	120.5950799	253.4038805	207.0070372	45.95592234	0.611606205	39.99346972	207.6100302	42.05640042	15.00750573	22.87123249	0.090426849	68.44411271	63.47759935	42.79911309	84.68612842	155.0296094	194.9220775	-0.006710972	21.61195932	NA	NA	NA	NA	NA	39.43460943	0.964800928	7.455382471	14.39733042	3.157378847	0.853774614	0.9193968	82.60272223	22.43839301	189.1207636	150.3253893	71.74937041	46.26674981	1.509425592	0.35016129	23.09230495	15.30571825	8.757958211	3.118735121	0.820188753	0.906851066	41.56891779	18.22794523	0.94737948	33.47367679	77.20582791	0.655447806	78.58104063	1.997890164	0.292753219	39.01354463	NA	NA	NA	NA	NA	NA	NA	129622.3333	162438	159479.6667	785563.6667	6351116.667	185681.6667	2123.666667	331410	2827781.333	36742.66667	395690.6667	55801	354236.3333	3144792	3700320.333	242134.6667	845659.6667	80959.33333	185525	61330	671644	53301	2531181.333	9763	95.89342506	81.53000504	65.58726243	66.79995339	279.0318916	245.5722809	95.42512656	81.53006186	65.50155004	66.79996801	277.3187408	245.5721317
Cuzco_suse	Cuzco_suse	3.473674088	58.70461915	23.759635	146.5686146	107.2790171	38.32202704	0.495286088	44.19294068	102.2825938	27.97061651	14.06489768	27.09070947	2.388227467	81.23577211	18.58334696	35.52243057	8.269133114	71.31383872	103.0925131	0.055950294	4.105731907	62.75430802	0.64974843	62.43345	-0.018110492	0.226505075	31.43989719	0.955897434	7.873295295	14.61445458	3.660078742	0.795408264	0.921132484	91.84889056	13.71310337	86.33571725	58.28134508	8.79689629	45.77309218	1.09276214	-0.082281863	7.224025375	9.601376884	5.614678429	3.137333444	0.795191024	0.92111869	73.34425455	16.74277708	0.974132154	36.31141115	58.97516513	-0.01121857	59.98694698	0.33193003	1.038219832	27.808385	NA	NA	NA	NA	NA	NA	NA	73260	606074	55869	283817	3104128	11208	147	2690	1669470	55933	668588	29870	196505	3528444	3500848	52593	180267	242550	177505	197252	837799	32608	270025	2939	20.77096133	56.50000109	65.83375085	42.80002407	60.77399121	98.7762355	21.55677912	56.50006368	65.9261965	42.80003053	64.09163268	98.77652514
DF14	DF14	NA	NA	NA	NA	NA	NA	NA	NA	NA	NA	NA	NA	NA	NA	71.66553919	45.54991328	51.96613311	136.3591528	170.4850855	0.076698754	11.30036429	60.38105074	0.649748364	59.43915198	-0.022563608	0.876229981	34.42666319	0.953336756	7.860646077	17.46928784	4.10312685	0.827000524	0.95538502	94.85727048	16.92906727	159.9495748	106.6240626	35.65845481	43.76084814	1.7594274	0.224615042	6.029836543	15.98833859	8.170138382	3.996107683	0.818330744	0.94631015	94.08216645	22.37734354	0.962597984	83.34128799	57.71642314	-0.011218457	58.16884341	-0.001404853	2.070643224	52.92040662	NA	NA	NA	NA	NA	NA	NA	NA	NA	NA	NA	NA	NA	NA	NA	NA	NA	NA	NA	NA	NA	NA	NA	NA	NA	NA	NA	NA	NA	NA	NA	NA	NA	NA	NA	NA	NA	NA	NA	NA	NA	NA	NA
Doce_de_Cuba	Doce_de_Cuba	4.473674088	54.33434264	99.259635	217.0686146	175.2790171	41.32202704	-0.004713912	29.2350256	123.6342661	41.59510233	14.1380349	34.79070947	-0.047276966	46.86077467	56.35332708	44.54985915	75.39430347	161.8638544	202.0503349	0.283820212	19.73079816	67.5981553	0.972348181	67.85516542	0.978383407	-0.267882503	39.90180639	0.993820048	5.104476391	9.015391619	2.92446939	0.845386046	0.946650937	77.67391477	17.23021355	184.1194511	149.1241124	70.92660749	39.13779186	1.259425409	-0.131022958	16.43200237	10.31161285	3.960635418	3.245200087	0.854744171	0.955034647	86.68972522	14.01379312	0.981673613	48.70399036	76.04512861	0.988781315	76.67121637	1.331927268	-0.116037461	35.17102305	NA	NA	NA	NA	NA	NA	NA	201194.3333	232447.3333	25370.66667	1786277	3725942.667	611511.6667	139441.6667	149368	1404261.333	45941	63096.33333	34519.66667	186350.6667	2556434.333	3473617.333	116775.6667	24023	41160.33333	196687	73451.33333	139118.6667	85819.33333	1796831	2758	NA	NA	NA	NA	NA	NA	NA	NA	NA	NA	NA	NA
EP58	EP58	13.14549181	56.69168358	46.64050364	158.9887154	124.9935944	33.99633621	0.707755852	47.12319098	133.1987946	36.77754641	19.4676838	92.5911575	0.33976727	95.6107719	35.21263418	53.34635995	30.57572685	102.4110342	136.622976	0.032992297	6.601191499	63.96940991	1.502274314	63.72699856	1.985697622	0.0870628	33.92751821	0.948384482	8.026680721	13.43539495	2.97520596	0.834831019	0.939581262	73.63516957	22.95822319	135.7122873	98.57825435	31.27986887	53.36937417	1.926092085	0.54263961	9.369237497	13.4347494	8.159702188	3.494926534	0.795478592	0.923063831	84.45010411	18.27164214	0.909570491	67.69660502	59.76902494	0.988781478	59.69165977	0.998596155	1.159370916	36.85496704	14.19408515	31.55710061	18.59581733	4.978998756	4.329274563	6.722205429	14.08331913	NA	NA	NA	NA	NA	NA	NA	NA	NA	NA	NA	NA	NA	NA	NA	NA	NA	NA	NA	NA	NA	NA	NA	NA	77.66949799	81.11669491	64.4848455	48.75258046	218.4937425	156.8244756	77.60936076	80.34089273	64.56709966	48.91900776	217.1032431	154.2996458
EP60	EP60	NA	NA	NA	NA	NA	NA	NA	NA	NA	NA	NA	NA	NA	NA	89.11202977	42.21624153	45.18769877	115.1552773	145.0476838	0.157511395	12.12109915	60.31173128	1.98308178	59.70971693	1.985124593	0.544079238	30.40950463	0.850609148	5.735295489	10.25442183	3.586193222	0.821541943	0.953340488	91.85134759	16.88457916	154.0846821	119.7139164	34.25677905	49.08545433	1.592761469	0.674469052	14.541488	11.72862877	7.891977766	3.346108438	0.830498089	0.948138607	76.87991299	11.35188587	0.859991493	83.04353816	63.48041875	0.98878128	65.4230981	1.998591348	3.411494828	34.00395185	17.92459079	33.0760467	16.86013467	4.75278344	5.017876753	10.12677682	19.02828536	NA	NA	NA	NA	NA	NA	NA	NA	NA	NA	NA	NA	NA	NA	NA	NA	NA	NA	NA	NA	NA	NA	NA	NA	NA	NA	NA	NA	NA	NA	NA	NA	NA	NA	NA	NA
EP61	EP61	NA	NA	NA	NA	NA	NA	NA	NA	NA	NA	NA	NA	NA	NA	79.67986812	28.71637872	37.16974194	109.6582807	140.4062528	0.568686402	15.80380868	56.67403203	0.316414943	58.03242896	0.31623525	-1.444737498	30.71382982	0.87998471	4.686688752	14.16583104	3.57517166	0.849935143	0.955551925	98.72538747	19.29015333	128.8759416	95.46594365	23.35199601	33.25212786	1.342762631	0.962315639	12.22128691	14.35814002	8.414545293	3.534981155	0.843792425	0.942786963	62.219355	9.909012768	0.886541765	81.02960923	57.00430781	-0.011218508	60.1544023	-0.001407345	3.74932388	33.52344669	14.98876474	28.43352299	13.09296581	4.814974573	5.285432743	8.32064216	19.67675296	NA	NA	NA	NA	NA	NA	NA	NA	NA	NA	NA	NA	NA	NA	NA	NA	NA	NA	NA	NA	NA	NA	NA	NA	NA	NA	NA	NA	NA	NA	NA	NA	NA	NA	NA	NA
EP62	EP62	7.906475695	55.64836439	25.09507993	126.4038805	91.5070372	33.45592234	1.611606205	35.99346972	126.1100302	33.05640042	10.50750573	61.27123249	4.465426849	90.36077937	80.37137736	37.55037573	36.41137551	96.15574018	125.1085187	0.115128838	13.76269802	56.83364636	-0.016918355	59.32657759	-0.017349777	-2.478268338	29.19972583	0.855320533	6.185785486	14.52299701	3.515742422	0.829726574	0.945174736	92.9459666	18.26794399	100.3936567	68.74042844	23.8362175	40.35186301	1.842761752	1.42101008	9.994740851	14.07131882	10.66633669	3.512479752	0.826929397	0.924371798	82.93394792	15.05394383	0.878679939	91.3646055	58.14500557	-0.011218487	59.96122381	-0.00140117	3.866771104	31.71049202	12.73029464	29.27807105	16.53155903	3.924757666	4.364704211	9.64095509	17.56812464	NA	NA	NA	NA	NA	NA	NA	NA	NA	NA	NA	NA	NA	NA	NA	NA	NA	NA	NA	NA	NA	NA	NA	NA	102.3282354	165.7866985	69.01162308	49.65247298	329.2482025	330.5762053	102.083533	165.0109773	69.10444848	49.81892613	327.2911731	328.0514368
EP82	EP82	2.617423064	59.63364469	20.23097024	145.7828635	108.6445119	36.89560233	2.865486478	46.6014928	125.9714638	40.55606815	14.01558206	19.70184831	6.099838819	87.36078058	44.11488822	48.0495467	44.23831465	113.3984942	150.3391931	0.829101462	8.667181891	60.57363667	-0.016918408	60.36062431	-0.02038557	0.194653529	36.87064546	0.860090754	9.573816562	12.45515919	3.731011948	0.811671341	0.937229731	89.49479894	15.50253633	152.5140724	113.3164559	38.00493091	43.56732884	1.509432881	0.830945398	9.689211438	11.33678644	11.72257345	3.505890988	0.827785702	0.93889364	79.83788306	15.6157633	0.851069818	69.4276139	58.22530694	-0.011218548	60.90782953	-0.00140552	3.760636374	39.01405753	14.42067863	29.75175681	15.38524563	3.996616524	3.816463784	8.13015886	16.22076841	NA	NA	NA	NA	NA	NA	NA	NA	NA	NA	NA	NA	NA	NA	NA	NA	NA	NA	NA	NA	NA	NA	NA	NA	30.23508898	NA	77.75302253	NA	131.3595391	NA	28.87636784	NA	77.74553994	NA	127.4869204	NA
EP83	EP83	10.90647569	58.14836439	51.09507993	159.9038805	123.0070372	35.95592234	2.111606205	45.99346972	136.6100302	32.55640042	12.00750573	84.37123249	3.445018847	156.2215665	74.39725846	49.88310276	43.32847231	112.9462656	146.3629826	-0.001794885	10.36074887	61.3142362	1.316415224	62.0549214	1.312778205	-0.783923203	33.24174943	0.893993372	8.410305029	13.78739345	3.026452085	0.827764442	0.941344432	76.72617254	15.52124811	140.7846145	107.0522321	29.38992742	51.73268267	1.509431588	0.898507436	8.593041914	11.95915162	10.62696854	2.800854454	0.816868724	0.926294114	69.76401123	9.867143464	0.926859731	59.66149105	63.14137402	1.322114538	64.59168629	0.665261418	1.94819029	33.81213841	16.63781825	33.33870079	16.63128992	3.563235049	3.853154843	9.065124518	15.54520382	62899.33333	68235.33333	35526	735497.3333	2602646.667	112433.6667	1190	85902	4002743.667	37413	172718.3333	39573.33333	58485.66667	962757.3333	2507986	66530.33333	28704.33333	44680.66667	37220.66667	207717.3333	95896	84107.33333	554663.6667	4029	96.88291201	NA	65.53875434	NA	279.8675044	NA	96.7939812	NA	65.60785245	NA	278.7392876	NA
EP84	EP84	10.85844739	54.70461915	31.759635	152.5686146	110.2790171	42.32202704	-0.004713912	49.69294068	117.1342661	37.59510233	15.6380349	42.44070947	6.147592434	90.6107741	23.81646759	50.80070137	23.55509694	87.7785539	127.1236914	0.566076392	3.144395858	63.43078343	-0.016918646	62.96984072	-0.022161134	0.521896661	39.87268995	0.851044586	4.117192041	12.33566223	3.739319326	0.833567214	0.95348243	95.20876133	11.73718325	126.8196159	88.83440339	19.869325	47.64604434	1.000003951	-0.106855766	3.147643068	11.37964451	4.441965717	3.492229698	0.783776398	0.923594888	77.31449256	17.5703738	0.932936866	53.81032152	57.66314814	-0.004500014	57.16400309	0.00239801	2.100572736	37.98382945	17.37188643	17.62437194	2.666715633	6.210186034	5.981464767	16.71897164	32.0208595	370622.5	45986	38707.5	286229	467088	35126	825.5	13258.5	2582575	7555	75375	7480	35041.5	132966.5	483857.5	20086.5	15421.5	99452.5	11542	27530	32520	15672	88341	2293.5	10.53802515	14.97338527	75.14338669	64.60511893	43.48789166	40.51679345	NA	NA	NA	NA	NA	NA
EP85	EP85	10.04225403	59.77407967	14.95835887	122.3496106	83.50200687	38.35596009	0.529409714	40.88118423	NA	NA	NA	77.22625091	5.111883055	120.1107778	61.23032715	42.05067616	21.36994724	90.60592809	126.3583899	0.186973596	7.472919704	58.32654533	-0.016918363	54.58512315	-0.021861576	3.826468656	36.146361	0.909142637	6.160774269	16.24008922	3.358517341	0.848067694	0.932556772	89.20436683	19.33751712	95.90882434	62.25213475	3.82282785	43.69544457	1.231646946	0.145151219	2.676837219	15.02935376	6.407925972	3.195935467	0.835595219	0.927794486	60.41962639	9.049804263	0.88055549	69.48635688	58.48092837	-0.011218291	57.87101915	-0.001407757	1.357405412	33.60261221	14.89277836	15.79126226	2.894161843	6.702028164	6.1910819	17.85900992	32.51594007	NA	NA	NA	NA	NA	NA	NA	NA	NA	NA	NA	NA	NA	NA	NA	NA	NA	NA	NA	NA	NA	NA	NA	NA	NA	NA	NA	NA	NA	NA	NA	NA	NA	NA	NA	NA
Early_Evergreen	Early_Evergreen	5.473674088	60.20461915	40.259635	153.0686146	118.2790171	34.82202704	2.495286088	52.69294068	127.6342661	43.59510233	13.6380349	42.49070947	4.679457914	97.73577179	34.6900979	57.10495785	34.46838626	109.1171447	147.8852686	0.99708434	9.27389373	61.09300108	1.983081655	61.26410671	1.979638153	-0.151987207	38.54548111	0.930019106	9.907108461	14.70520618	4.461189546	0.832724936	0.955204058	109.1417163	14.06625193	137.9939438	101.7224251	23.09799861	60.36043483	1.509429932	1.598379341	10.01232971	13.9550924	9.194986213	3.621305135	0.794899593	0.925018356	65.36790007	16.86511002	0.902343532	54.15626092	60.93170049	-0.011218561	63.23742283	1.331925945	2.798830483	36.31093231	NA	NA	NA	NA	NA	NA	NA	73332	23248	36824	114004	319266	1346	46801	1487	126201	5882	81314	3214	9107	199676	99536	3561	12922	16402	3456	65655	49530	12829	37599	1476	84.85528431	139.9499921	74.31574399	59.59998764	328.7763364	346.4108767	84.19128607	139.9498846	74.20501505	59.59997126	324.8469761	346.4107178
Early_June	Early_June	NA	NA	NA	NA	NA	NA	NA	NA	NA	NA	NA	NA	NA	NA	65.99235012	41.04949822	7.518101314	65.17432167	87.08599565	1.33799931	8.568163442	47.04274936	1.649748231	46.5800538	1.642886832	0.496538757	21.61809378	0.963879651	5.417340759	12.12577197	3.13133939	0.782691641	0.922291139	82.26220434	18.04604587	51.37751942	34.15858181	2.099087304	42.32504715	1.509428757	1.556178464	2.970463113	8.927149795	6.241516744	2.379779689	0.793403877	0.909811233	57.07546874	9.386912104	0.912592613	44.83862155	52.44067817	1.322114783	53.41005307	0.331926031	2.682703809	16.91550486	NA	NA	NA	NA	NA	NA	NA	41858.33333	21445.66667	27944.33333	112061	501537	6531	52487.33333	5005	161815.3333	4539.666667	28982.33333	3530.333333	276610.6667	100244	187828	90068.66667	123744.3333	19846.66667	5713.333333	60866.33333	55571	9419.333333	157421	14596.66667	NA	NA	NA	NA	NA	NA	NA	NA	NA	NA	NA	NA
Eskisehir	Eskisehir	10.40647569	52.14836439	24.09507993	138.9038805	99.0070372	36.95592234	1.611606205	55.99346972	128.1100302	28.05640042	8.007505725	80.52123249	3.953641659	128.86078	59.89106478	57.8833699	19.70447977	81.95405963	113.8610185	1.163810289	7.155373716	54.35717568	1.649748324	52.34262084	1.64270541	1.885304017	31.75857911	0.948954983	7.257004259	9.937050274	3.053891379	0.830562023	0.903334001	68.94184718	14.29665879	101.1314294	64.98941884	12.9993489	50.49099548	1.676093117	1.622805689	6.379750683	10.09934941	6.942133622	2.450792486	0.828323127	0.922110214	53.43131368	12.2992992	0.924908627	70.90511611	53.00212974	1.322114728	54.1949665	1.331926283	2.273995524	36.01837773	NA	NA	NA	NA	NA	NA	NA	50134	144360.3333	43765	607745.3333	1475127	83233	23583	165508.3333	1100653	4915.666667	61377.33333	6950.666667	557229	138093.6667	548109.6667	187927.3333	55252	192572.6667	88388.66667	44199	59402.33333	31852.66667	387413.3333	28000	81.78291201	66.66998984	66.28875434	52.90005809	242.7308981	141.5498822	81.6939812	66.66973161	66.35785245	52.90011039	241.6026813	141.5495445
F2	F2	NA	NA	NA	NA	NA	NA	NA	NA	NA	NA	NA	NA	NA	NA	62.65071476	36.96651387	32.12957845	94.30560814	116.7808499	0.122891059	7.903586953	51.70589223	1.983081788	49.41397558	1.643677378	2.211357704	22.27416624	0.975570168	6.926297457	9.545466291	2.713454966	0.802059031	0.897127305	49.89899851	10.68747389	127.4440163	95.9013274	37.25187598	48.10667217	2.592763154	0.504872652	7.296313712	11.46287372	6.711934131	2.856564318	0.816732218	0.919337544	40.25886204	12.53167276	0.943411137	70.92777949	55.06124713	0.988781514	54.43218388	1.331927294	0.386613651	31.39158088	NA	NA	NA	NA	NA	NA	NA	NA	NA	NA	NA	NA	NA	NA	NA	NA	NA	NA	NA	NA	NA	NA	NA	NA	NA	NA	NA	NA	NA	NA	NA	NA	NA	NA	NA	NA	NA	NA	NA	NA	NA	NA	NA
F7	F7	NA	NA	NA	NA	NA	NA	NA	NA	NA	NA	NA	NA	NA	NA	58.99215167	36.29959346	20.17770638	59.60882848	80.32933384	0.009885771	0.428417146	59.54552772	0.983081415	58.8911158	-0.020314934	0.551219378	20.71442538	0.946712049	3.785482861	8.929220948	2.866193596	0.823491016	0.928110181	81.50332088	14.37745383	76.75911081	56.1894697	17.8187216	44.92772568	1.259428917	-0.063119842	0.353159739	9.383423759	4.350518192	2.828464613	0.805071797	0.923766705	61.90782857	11.99038057	0.974434886	88.48163411	52.83851879	1.655447997	53.80273284	0.665256868	0.688833532	20.0301994	NA	NA	NA	NA	NA	NA	NA	NA	NA	NA	NA	NA	NA	NA	NA	NA	NA	NA	NA	NA	NA	NA	NA	NA	NA	NA	NA	NA	NA	NA	NA	NA	NA	NA	NA	NA	NA	NA	NA	NA	NA	NA	NA
FL32	FL32	NA	NA	NA	NA	NA	NA	NA	NA	NA	NA	NA	NA	NA	NA	17.71286761	48.7999251	15.29659508	67.50863911	105.82138	1.411902447	3.697020334	66.13939259	-0.016918226	68.63289824	-0.022229687	-2.472841732	38.2160782	0.951402782	15.0772492	18.05210803	3.607008963	0.765571852	0.884421663	88.75158113	26.53474399	122.6496674	82.26071723	22.72801511	44.98190918	2.601677827	1.58320482	6.315389355	18.98780017	11.47960724	3.427410149	0.76589333	0.848600848	63.10207516	20.90043904	0.984543353	24.49013857	54.70427072	0.987671888	56.93879642	0.995485322	2.221272919	40.11829048	NA	NA	NA	NA	NA	NA	NA	NA	NA	NA	NA	NA	NA	NA	NA	NA	NA	NA	NA	NA	NA	NA	NA	NA	NA	NA	NA	NA	NA	NA	NA	NA	NA	NA	NA	NA	NA	NA	NA	NA	NA	NA	NA
FL52	FL52	NA	NA	NA	NA	NA	NA	NA	NA	NA	NA	NA	NA	NA	NA	NA	NA	NA	NA	NA	NA	NA	NA	NA	NA	NA	NA	NA	NA	NA	NA	NA	NA	NA	NA	NA	NA	NA	NA	NA	NA	NA	NA	NA	NA	NA	NA	NA	NA	NA	NA	NA	NA	NA	NA	NA	NA	NA	NA	NA	NA	NA	NA	NA	NA	NA	NA	NA	NA	NA	NA	NA	NA	NA	NA	NA	NA	NA	NA	NA	NA	NA	NA	NA	NA	NA	NA	NA	NA	NA	NA	NA	NA	NA	NA	NA	NA	NA	NA	NA	NA
G8	G8	11.47367409	49.70461915	16.759635	104.5686146	83.77901706	20.82202704	0.995286088	30.69294068	119.6342661	29.09510233	10.6380349	88.59070947	3.753454677	58.98577551	58.36732113	38.04974359	7.818471107	55.0536968	73.54065304	0.940301362	4.948261875	56.93501811	1.316414889	56.98807534	1.64305782	-0.122958715	18.61545866	0.819975796	5.484686732	13.2018083	3.154983552	0.7869364	0.902650553	80.69357047	25.76729056	74.14716732	51.43390906	5.374213976	44.34785724	1.509425512	1.078284717	1.766834614	12.10367488	4.043641813	2.767601194	0.81270193	0.897937542	52.966759	11.78160958	0.840923901	86.08801376	51.20486729	0.988781113	51.88169684	1.99859359	1.20410493	22.91205854	15.7052594	27.99901618	11.38571344	4.662408276	5.247397899	7.701321391	18.09894432	96731	48898	83231	518621	1332505	12501	664	4406	167491	12267	1369073	21470	938871	730610	311293	286337	780704	77858	199762	166533	329157	20118	155428	62984	116.3853559	112.5099921	70.41044266	35.09998764	390.3177431	173.3589995	115.6105177	112.5098846	70.42446904	35.09997126	387.5388097	173.3588406
GMBAB	GMBAB	NA	NA	NA	NA	NA	NA	NA	NA	NA	NA	NA	NA	NA	NA	71.08600216	55.55007743	7.59472734	52.38690709	74.96439044	2.135473146	6.202293702	44.51532571	1.983081634	43.91041669	1.977202704	0.534641789	22.21816307	0.91771114	7.148938001	9.988914888	2.511000792	0.716863639	0.881478795	64.66454793	15.78088001	55.7306185	35.45098468	4.106951047	43.59148053	1.509427598	3.026355753	2.456614974	8.033021574	5.232014546	2.155403576	0.795277952	0.872876812	42.34385385	10.10293917	0.934761763	57.83250433	49.09973182	1.988781439	50.43767236	1.998593211	1.514696849	20.49314888	18.8841552	35.2879379	15.53037454	3.652956646	4.198670063	10.01036394	15.91502096	NA	NA	NA	NA	NA	NA	NA	NA	NA	NA	NA	NA	NA	NA	NA	NA	NA	NA	NA	NA	NA	NA	NA	NA	NA	NA	NA	NA	NA	NA	NA	NA	NA	NA	NA	NA
GSSS_sh2	GSSS_sh2	NA	NA	NA	NA	NA	NA	NA	NA	NA	NA	NA	0.98450863	3.456189461	127.4999928	34.7871447	43.21677327	20.04760284	95.77325205	130.2636421	0.244624111	7.485370291	58.31047735	-0.016918276	59.20489951	-0.025609959	-0.83051363	34.43168427	0.929214541	7.795774141	14.52035286	3.75453028	0.850732795	0.954149909	96.19868553	18.29078616	130.1489187	100.3905453	28.56351081	50.25849741	1.620540346	1.123045743	7.065782962	13.17652508	9.169242461	3.726272555	0.810953815	0.943744692	95.45351831	12.67661715	0.963690652	50.61192528	55.98646597	-0.011218511	55.13955056	-0.001403492	2.126093453	29.99269107	NA	NA	NA	NA	NA	NA	NA	126469	65177	66885	859025.6667	4474318.333	13559.66667	13977	12463.33333	2412217.667	105268.6667	304329	17592	882476.6667	628678	2106919.667	261782.6667	535398	46972.33333	48439.66667	136473	287547	38243.33333	511102	36645.66667	NA	NA	NA	NA	NA	NA	NA	NA	NA	NA	NA	NA
GTS1	GTS1	7.542254027	62.27407967	40.95835887	163.3496106	121.5020069	41.35596009	2.029409714	40.05810492	139.3659404	31.34645175	10.56534619	57.97625091	1.003452103	68.36077685	75.63195965	47.71622328	42.836835	112.3776774	151.1881552	0.880644416	9.774784129	63.12142298	1.983081666	63.44355787	-0.02001688	-0.424201017	38.63901397	0.950404962	5.631365677	13.34956883	3.253189017	0.854504853	0.963486564	75.39591625	9.434147001	174.2863166	134.6915408	43.89610573	31.87046264	2.171637555	1.598385085	10.50205145	13.90788443	6.104921406	3.115757695	0.862526278	0.957980299	68.60266698	8.284381433	0.97818048	88.71790096	60.32182545	1.988781557	61.99370081	-0.001409248	2.342852099	39.33469356	15.15724366	33.29665625	18.48081619	4.204255704	4.230221921	9.272326928	17.30710158	189594	17250	29961	12545	27623	1504	117	298	42003	1575	40543	1848	16190	5358	4304	16148	4614	17014	8564	84421	41402	958	3902	542	95.88342506	122.660005	72.28726243	50.39995339	346.3155566	247.2983788	95.41512656	122.6600619	72.20155004	50.39996801	344.6024058	247.2982296
Glancaster_sh2	Glancaster_sh2	1.995607267	62.47326366	18.61740834	119.2318288	83.72032316	34.32952721	2.132031242	44.88118423	148.7459424	36.47331534	11.91952026	7.471232489	3.577745178	82.99999663	44.60652412	45.55064014	28.62922006	95.7955023	127.7739491	0.421381006	6.91204513	52.56870954	-0.01691824	51.38321752	-0.020794361	1.189430403	31.94412656	0.907753022	8.379894869	14.71318436	3.467707641	0.852089839	0.950788657	81.50888727	11.02541381	97.24652039	62.45367359	23.47199286	48.40123539	1.509427376	1.624132489	4.835563919	13.86758533	8.63741527	3.705695742	0.817620061	0.91284863	67.526009	14.51907155	0.93311264	65.29153721	54.95356446	-0.011218401	55.98503225	-0.001407155	1.417982269	34.10924625	NA	NA	NA	NA	NA	NA	NA	54720.33333	28528	43888.66667	137937.3333	721569.3333	14620.66667	24692.66667	20470.33333	262934.6667	7720.333333	94019.66667	6521.333333	436988	327876	523144.6667	177893.3333	441352.6667	476150	12661	93290.33333	142136	38285	377366	14755.33333	NA	NA	NA	NA	NA	NA	NA	NA	NA	NA	NA	NA
Golden_Bantam	Golden_Bantam	12.97367409	52.70461915	41.259635	158.5686146	117.7790171	39.82202704	3.495286088	43.19294068	137.1342661	20.59510233	8.138034901	91.96887981	NA	NA	66.53999018	61.88401557	32.29765411	104.0930705	128.391883	1.970920733	11.75162077	56.13885897	0.316414925	53.73484674	-0.026544826	2.482935068	24.2779857	0.950300454	7.669502591	12.80140477	3.666096303	0.860207707	0.953692274	83.25993125	16.79443177	NA	NA	NA	NA	NA	NA	NA	NA	NA	NA	NA	NA	NA	NA	NA	NA	NA	NA	NA	NA	NA	NA	NA	NA	NA	NA	NA	NA	NA	212068.3333	85326	81786.33333	843941	1998213.667	17120.66667	22968.33333	2746.333333	2740582	171319.3333	230820	20715.33333	1343524.667	552343.3333	1170605.333	406676.3333	502692.6667	201917.6667	45086	326365.6667	269965.6667	86684.33333	579245.6667	48755.66667	NA	NA	NA	NA	NA	NA	NA	NA	NA	NA	NA	NA
Golden_Bantam_WI	Golden_Bantam_WI	11.40647569	52.14836439	47.59507993	176.4038805	137.0070372	38.95592234	2.611606205	47.99346972	137.1100302	29.55640042	8.507505725	88.22123249	4.958071198	150.9857681	69.08561215	52.1327592	39.85008513	104.5595474	139.9035919	0.78510648	10.84227699	55.47404905	1.316415192	55.4114333	1.312652389	-0.099843588	35.20446314	0.919756209	8.389525054	15.77035535	3.198752813	0.828606247	0.922123028	76.30079138	12.74795732	136.8866794	94.74391479	26.83021207	54.43477886	1.592761611	1.595089708	8.749356541	14.78308143	9.30310906	2.947451252	0.829954504	0.932019572	55.70782273	10.35428515	0.951371024	100.2450499	55.19593645	0.322114647	57.24891584	1.331927873	3.839132971	42.3784705	NA	NA	NA	NA	NA	NA	NA	26214.33333	33002.33333	8653.333333	147828	90194	7637.333333	2817.666667	2105.666667	606316.6667	4913.666667	98516.33333	2882	207659.3333	61329	150008	49096.33333	159472.6667	77776	9572.666667	142607.6667	125312.6667	6053	73772.66667	3691.333333	87.85104141	141.1516969	66.68131957	43.80254062	261.2309445	257.9375635	86.06420126	140.3759799	66.65902892	43.96896903	257.5613304	255.4128855
Golden_Evergreen	Golden_Evergreen	9.117423064	54.63364469	47.23097024	183.2828635	146.1445119	36.39560233	1.865486478	41.1014928	169.4787011	44.38782815	12.11337709	69.65184831	7.0583742	134.4857732	55.42344891	46.21658215	47.07297532	136.4534534	165.5524451	1.267320097	13.60006907	59.24674352	1.983081679	61.45324436	1.310298646	-2.162928599	28.83180905	0.938191003	7.064851465	14.99937996	4.256163677	0.829918786	0.94698302	94.12339227	22.82637764	152.8281502	113.0911401	30.13924681	43.34872824	1.426090439	0.875590782	10.3761408	14.21278892	7.918969664	3.507488365	0.82670685	0.939312118	79.45624699	12.44011085	0.913020434	102.6400401	58.07015791	0.322114553	61.98935859	0.665259445	1.905891218	39.88730853	NA	NA	NA	NA	NA	NA	NA	79443.66667	81022.66667	51891.66667	791322.6667	1673597	8691.333333	915.6666667	94993	785296.6667	117963.6667	178519.6667	11975.66667	1106935.333	233403	1054884.333	254100.3333	363623.6667	76442.33333	20443	69884.66667	123731.3333	95961	294725	63725.66667	79.08239324	75.64169165	65.0198873	48.2025195	225.4463652	150.2316722	78.82097187	74.86589561	65.15581163	48.36896927	225.6806289	147.7067747
Golden_Gem	Golden_Gem	NA	NA	NA	NA	NA	NA	NA	NA	NA	NA	NA	NA	NA	NA	43.58118732	60.24512388	12.11193111	53.60363268	73.98257191	1.216209514	4.943916472	52.49057094	1.983081905	51.652343	0.321373474	0.847202438	20.62938848	0.95009254	5.042128602	12.8259625	3.134979894	0.751851461	0.904058695	92.68360538	19.0697561	78.06740359	56.096636	10.40603564	57.9513234	1.092510931	0.772560334	3.501473238	12.11368742	3.735855647	2.929723484	0.761543215	0.893888131	59.43957384	16.6298693	0.942751126	78.69967919	49.10838435	0.988781618	49.31276602	-0.001404558	0.730864637	21.90969395	NA	NA	NA	NA	NA	NA	NA	104547.3333	104978	48796.33333	717594	663551.6667	17734	13487	2208	394496.6667	16578.33333	328188.6667	11260.66667	604386	563140.3333	810709.3333	249616.6667	495187	69849	54766.66667	202676.6667	272038	48574	56400.66667	28611	NA	NA	NA	NA	NA	NA	NA	NA	NA	NA	NA	NA
Golden_Giant	Golden_Giant	5.481644733	54.00792941	13.8676913	117.3371334	90.64954227	26.49556458	2.447682968	52.03685761	118.474118	34.63948551	12.09549119	42.19682989	5.5583742	115.3607732	58.30107592	58.22238326	35.83068261	103.394213	129.6227488	2.065640296	13.64321005	58.37064021	1.983081724	60.82700507	1.982738824	-2.463179189	26.19711338	0.865857714	7.044344224	13.31780018	3.657841345	0.812118639	0.943306459	95.53591894	12.08752536	106.781045	79.23404557	25.33214486	57.62864333	1.639140361	0.620539674	13.02580241	11.95465012	6.078065663	2.918794407	0.829078262	0.923083621	68.33585203	11.53719406	0.915391551	65.72038775	57.95266619	0.988781342	60.26750494	1.665259336	2.337473504	27.816888	NA	NA	NA	NA	NA	NA	NA	34033.33333	85983	80108	694784.3333	1340638	19310	179	1728	912235.6667	37732	128135.3333	12316	745422.3333	423804.3333	1064467.333	200605.3333	340578.3333	30981.33333	23401	112440.3333	151455.3333	44422.33333	409826	10402	86.61875878	115.970008	73.22924423	54.40002281	325.0660818	254.3201869	87.27872214	115.9700784	73.26896992	54.40000231	324.9820164	254.3202024
Guanajuato_93	Guanajuato_93	3.973674088	63.20461915	81.759635	222.5686146	181.7790171	40.82202704	0.495286088	41.69294068	100.9859384	31.21958816	12.21117212	30.89070947	5.916840751	148.3607684	40.5674266	46.71625243	43.92347153	115.6301677	165.8110117	0.446733155	4.461188218	66.68533008	-0.027651641	73.43574287	-0.022654623	-6.766489308	50.03990174	0.94426258	14.27090361	12.79277936	3.14007295	0.800107857	0.88569851	57.73249271	32.40952195	144.7821099	106.6495806	29.93815416	41.29998285	1.259424745	-0.00583927	2.223850256	11.79101517	13.3939453	2.329997703	0.823484928	0.914377077	53.44950268	14.78571059	0.982875233	58.09607603	65.39718974	-0.011218662	67.8310473	-0.00140641	2.329448655	38.32133607	NA	NA	NA	NA	NA	NA	NA	548806	162269	107784	222587	473491	17042	78182	103082	8068	6110	61411	14051	957385	26460	76963	253444	53032	3339	14931	23393	39489	4043	211477	53876	10.05557891	41.19338469	60.2676679	43.00506268	25.6966434	69.89426541	11.35917916	39.64188067	60.30011838	43.33793982	29.09885169	64.8447963
HI70	HI70	NA	53.1923937	NA	NA	NA	NA	NA	NA	NA	NA	NA	0.451848313	NA	NA	51.19932629	42.71600664	51.38716926	116.8793428	145.0975405	0.052017056	4.979684982	68.52587593	-0.016918162	68.52496531	-0.020130737	-0.113661206	28.00622445	0.92108128	7.082341282	14.31813715	3.628083975	0.840823169	0.951643251	105.1018772	18.29537798	158.6194458	123.0895954	51.16024269	28.64170203	1.046634673	-0.144970905	7.623785929	12.13735845	5.734973439	3.01204583	0.856000897	0.948064888	77.78443622	10.81965415	0.908702086	68.32245475	66.53324041	-0.011218571	69.48715202	-0.001408181	-0.057895398	35.363303	NA	NA	NA	NA	NA	NA	NA	NA	NA	NA	NA	NA	NA	NA	NA	NA	NA	NA	NA	NA	NA	NA	NA	NA	NA	NA	NA	NA	NA	NA	NA	NA	NA	NA	NA	NA	NA	NA	NA	NA	NA	NA	NA
HI74	HI74	NA	NA	NA	NA	NA	NA	NA	NA	NA	NA	NA	0.637833063	NA	NA	NA	NA	NA	NA	NA	NA	NA	NA	NA	NA	NA	NA	NA	NA	NA	NA	NA	NA	NA	NA	NA	NA	NA	NA	NA	NA	NA	NA	NA	NA	NA	NA	NA	NA	NA	NA	NA	NA	NA	NA	NA	NA	NA	NA	NA	NA	NA	NA	NA	NA	NA	NA	NA	NA	NA	NA	NA	NA	NA	NA	NA	NA	NA	NA	NA	NA	NA	NA	NA	NA	NA	NA	NA	NA	NA	NA	NA	NA	NA	NA	NA	NA	NA	NA	NA	NA
HI76	HI76	NA	NA	NA	NA	NA	NA	NA	NA	NA	NA	NA	-0.414308948	NA	NA	57.82193705	33.71692164	60.23825309	134.6763028	165.5637359	0.042804691	9.142814747	63.58027707	0.983081835	66.06810459	-0.018327783	-2.492777577	30.99735144	0.843710069	9.369395027	18.31870058	3.469844803	0.813957455	0.939177869	77.56939161	20.99041191	168.4660208	138.3413415	62.34201699	34.9231676	1.75942893	-0.109686351	8.231164455	14.05310339	9.466142615	2.77999574	0.821114601	0.882439268	61.58260463	23.44199778	0.952805243	80.24520763	65.32138437	0.988781352	66.78265431	-0.001407071	0.015689308	30.31203239	NA	NA	NA	NA	NA	NA	NA	NA	NA	NA	NA	NA	NA	NA	NA	NA	NA	NA	NA	NA	NA	NA	NA	NA	NA	NA	NA	NA	NA	NA	NA	NA	NA	NA	NA	NA	NA	NA	NA	NA	NA	NA	NA
HI78	HI78	10.08890079	NA	NA	NA	NA	NA	NA	NA	NA	NA	NA	38.59070947	NA	NA	11.44238851	39.94314694	21.96032781	81.43173846	110.2487958	0.131869297	7.392017479	NA	NA	NA	NA	NA	28.32776023	0.992646879	5.742050323	13.44792525	2.734823651	0.886359058	0.927719404	57.2882567	14.71461851	96.08874966	72.41645313	17.80552283	39.52643788	1.842761558	0.422919257	6.925563963	11.55085759	4.638713603	2.746073494	0.814154599	0.913290199	61.546346	11.03601489	0.936481179	77.21455289	64.4953523	-0.011218523	67.13378937	-0.001407402	1.202910558	23.6181426	NA	NA	NA	NA	NA	NA	NA	NA	NA	NA	NA	NA	NA	NA	NA	NA	NA	NA	NA	NA	NA	NA	NA	NA	NA	NA	NA	NA	NA	NA	NA	NA	NA	NA	NA	NA	NA	NA	NA	NA	NA	NA	NA
HI79	HI79	NA	NA	NA	NA	NA	NA	NA	NA	NA	NA	NA	0.98450863	NA	NA	NA	NA	NA	NA	NA	NA	NA	NA	NA	NA	NA	NA	NA	NA	NA	NA	NA	NA	NA	NA	NA	NA	NA	NA	NA	NA	NA	NA	NA	NA	NA	NA	NA	NA	NA	NA	NA	NA	NA	NA	NA	NA	NA	NA	NA	NA	NA	NA	NA	NA	NA	NA	NA	NA	NA	NA	NA	NA	NA	NA	NA	NA	NA	NA	NA	NA	NA	NA	NA	NA	NA	NA	NA	NA	NA	NA	NA	NA	NA	NA	NA	NA	NA	NA	NA	NA
HI81	HI81	NA	NA	NA	NA	NA	NA	NA	NA	NA	NA	NA	0.51223566	NA	NA	47.81756516	31.46668231	54.07881534	123.0218732	148.6176565	-0.025029366	9.827433064	68.60328213	-0.016918364	72.59467619	-0.022827019	-4.101390294	25.29845029	0.835705577	11.8462557	16.73468835	3.023844901	0.860886773	0.93167041	64.53999004	17.58941551	165.4293084	137.4187628	64.26963693	30.86637129	1.509426809	0.016870485	11.15583052	15.44724296	7.349887795	2.994809196	0.826338356	0.918475042	64.61302556	13.92889869	0.862802582	88.49030136	67.54148842	-0.011218741	69.76383686	-0.001405988	2.390395398	28.1241844	NA	NA	NA	NA	NA	NA	NA	NA	NA	NA	NA	NA	NA	NA	NA	NA	NA	NA	NA	NA	NA	NA	NA	NA	NA	NA	NA	NA	NA	NA	NA	NA	NA	NA	NA	NA	NA	NA	NA	NA	NA	NA	NA
HI82	HI82	NA	NA	NA	NA	NA	NA	NA	NA	NA	NA	NA	NA	NA	NA	91.42150276	44.1333626	75.84746485	143.0144107	181.7785187	0.051071318	15.44492938	65.7606412	-0.016918361	64.29445457	-0.021536789	1.521395417	38.68616063	0.891643884	7.357713944	14.96754527	3.400966405	0.850968715	0.955865713	96.05210439	12.42162724	161.8335145	124.7521378	46.7514755	36.81777216	1.592762142	-0.218455491	13.0772951	12.0651582	6.687676229	3.007045165	0.833995666	0.94332567	79.94370411	12.16304931	0.865455278	63.14968758	65.5183478	-0.01121845	65.33367159	-0.001404559	1.434736031	37.2199837	NA	NA	NA	NA	NA	NA	NA	NA	NA	NA	NA	NA	NA	NA	NA	NA	NA	NA	NA	NA	NA	NA	NA	NA	NA	NA	NA	NA	NA	NA	NA	NA	NA	NA	NA	NA	NA	NA	NA	NA	NA	NA	NA
HawaiiSugar	HawaiiSugar	10.98164473	61.00792941	92.8676913	215.8371334	179.6495423	36.49556458	0.447682968	34.03685761	170.7227909	40.59777683	14.05553663	84.49682989	NA	NA	56.46398825	46.2205015	42.28038021	115.5240489	153.3462129	0.483561284	16.39883825	66.4208021	0.983081817	64.81713608	1.978514621	1.551562883	37.6343417	0.921976059	9.628194832	15.57523743	3.791112628	0.828040578	0.946490191	95.71295175	20.82943505	148.4167374	116.9311564	54.55250266	46.51336975	1.842758884	-0.159473985	15.38337334	12.65686826	4.899993948	3.33884381	0.842535148	0.948958448	77.86893066	14.02001601	0.93838592	68.30429595	69.37654415	0.322114607	69.47901606	0.665257559	0.081496254	31.61473326	NA	NA	NA	NA	NA	NA	NA	NA	NA	NA	NA	NA	NA	NA	NA	NA	NA	NA	NA	NA	NA	NA	NA	NA	NA	NA	NA	NA	NA	NA	NA	96.45489835	97.31000169	65.43956056	54.40252727	277.1172336	212.0043651	96.32966943	97.3100578	65.57309164	54.5689927	276.3470035	212.004433
Hawaiian_Sugar	Hawaiian_Sugar	NA	NA	NA	NA	NA	NA	NA	NA	NA	NA	NA	0.451848313	0.160558938	59.2215537	47.74469274	44.05093703	69.43606089	148.0570511	193.1919053	0.326024107	16.09770277	75.75613491	1.983081767	76.94142884	1.643023966	-1.182003509	44.50958853	0.930667029	5.044302178	18.99707787	3.237114197	0.816363525	0.8857171	80.33364206	20.42911309	179.8662595	136.4420838	62.36940194	47.80777706	1.509427492	0.233236993	16.56368821	19.41024814	6.034983564	3.07440895	0.801168009	0.863017487	55.50345342	22.89894791	0.956506853	46.17809227	73.6457525	1.655448234	73.69106458	1.665261389	1.367420799	44.04221254	NA	NA	NA	NA	NA	NA	NA	NA	NA	NA	NA	NA	NA	NA	NA	NA	NA	NA	NA	NA	NA	NA	NA	NA	NA	NA	NA	NA	NA	NA	NA	NA	NA	NA	NA	NA	NA	NA	NA	NA	NA	NA	NA
Hayes_White_Sweet	Hayes_White_Sweet	8.481644733	52.00792941	21.3676913	121.3371334	92.14954227	28.99556458	3.447682968	45.03685761	106.2227909	31.09777683	11.05553663	65.24682989	4.357747788	76.4857784	67.89113066	49.13307692	22.73513777	76.72036347	106.7073197	1.273634695	9.50381743	51.60168478	0.983081556	51.65474201	0.976391154	-0.122958715	30.11545866	0.887641923	4.890150436	10.28064798	3.290292876	0.836260782	0.921400125	80.58266692	14.46107712	90.87279434	59.65566901	12.80080492	46.41827305	1.342755779	1.711492505	7.048794501	6.020299392	2.028351734	2.23090975	0.847208057	0.91445327	56.03120761	14.03967857	0.926575849	90.57218614	53.43225796	0.322115003	53.14607468	0.665259538	1.724980041	30.94217653	NA	NA	NA	NA	NA	NA	NA	NA	NA	NA	NA	NA	NA	NA	NA	NA	NA	NA	NA	NA	NA	NA	NA	NA	NA	NA	NA	NA	NA	NA	NA	85.829364	NA	73.99754918	NA	327.8694983	NA	84.95780441	NA	74.08947447	NA	324.5404545	NA
Hi38	Hi38	NA	NA	NA	NA	NA	NA	NA	NA	NA	NA	NA	NA	NA	NA	59.02215799	45.19977312	39.96943166	109.5681146	139.6968066	0.273876962	7.455199696	67.47434442	-0.016918289	68.7830186	-0.015961477	-1.449709564	30.27133382	0.876638628	6.180185465	16.30263981	3.719856247	0.83575419	0.949930562	87.26989788	13.64295981	150.1413837	117.1288662	52.77079321	48.34987642	1.921634139	1.256946864	6.178813615	14.13339086	5.423968245	3.270540347	0.830929055	0.916908523	65.11011371	21.71010918	0.898781921	36.95698364	70.22598291	-0.004500155	70.60825006	0.002399379	0.788428743	33.51732248	NA	NA	NA	NA	NA	NA	NA	NA	NA	NA	NA	NA	NA	NA	NA	NA	NA	NA	NA	NA	NA	NA	NA	NA	NA	NA	NA	NA	NA	NA	NA	NA	NA	NA	NA	NA	NA	NA	NA	NA	NA	NA	NA
Hi38C1	Hi38C1	NA	NA	NA	NA	NA	NA	NA	NA	NA	NA	NA	NA	NA	NA	59.26494401	51.05001135	38.94909486	94.05184158	123.4152406	0.264832577	10.77209791	67.54432641	-0.016918401	72.53613514	-0.020307679	-5.129888226	28.9000098	0.893804042	5.631116272	14.91617866	3.794335011	0.820828206	0.955519876	95.25207585	21.40976671	133.6612851	101.6801335	40.31319512	50.3518369	1.759425685	0.593270192	9.019173765	14.6009082	5.297146141	3.201888992	0.810826717	0.93194937	82.09742922	16.447522	0.934462445	76.40257359	66.99930133	-0.011218645	70.25250938	-0.001405445	1.477058586	32.17387244	NA	NA	NA	NA	NA	NA	NA	53584.33333	102605	33160.33333	1422599	1725613	288630	467.6666667	1252173	493325.6667	30688.33333	46960.33333	298357	1061621.667	1062913	1477982	459689	357760	61620.66667	100639.3333	124526.6667	232822.6667	335079.6667	1114778.333	27256.33333	NA	NA	NA	NA	NA	NA	NA	NA	NA	NA	NA	NA
HiBTSYN3	HiBTSYN3	5.995607267	63.33211856	85.86789228	205.0554624	168.8510894	35.95669396	0.371679088	28.0798031	175.0860339	43.73617001	15.9196529	23.61223566	NA	NA	24.94009411	37.45112011	46.51592787	112.79221	141.6982551	0.01311742	8.636374264	71.81801066	-0.025377522	72.85312972	-0.031270118	-1.14597857	28.81307146	0.837336724	7.17999516	17.45724002	3.485928516	0.795021894	0.927668813	97.99669945	24.45519348	153.5065783	118.1472557	43.13552865	35.26529483	1.842508143	0.084212481	12.39879975	14.24323887	5.624013232	2.990531936	0.818988747	0.910925518	61.04545889	14.83666184	0.926731828	71.34620772	65.95563741	-0.011218547	68.0961245	-0.001406716	0.255787398	35.2518999	NA	NA	NA	NA	NA	NA	NA	43699	2904	781	1884	24549	1250	110	6	1457	1201	9347	1090	3496	11267	373	923	1445	1837	3333	6834	6834	118	190	261	15.65402211	44.19169435	61.52949349	43.202534	44.8293095	77.26162145	NA	NA	NA	NA	NA	NA
HotevillaAzwhitesweetcorn_1	HotevillaAzwhitesweetcorn_1	12.33789576	45.57890387	8.39635606	94.12288449	59.78404739	22.4219893	2.077482578	39.12830549	94.8783559	26.30505101	11.08019443	95.73569105	1.84181265	43.11078335	69.05704775	36.13352927	3.770553342	53.02374188	75.08760106	1.556539605	2.04786287	57.46900574	1.983081809	59.54445315	1.981713507	-2.113821475	22.27865918	0.912683061	4.35024369	11.29127253	2.56120063	0.835405774	0.913718757	56.05902783	16.89335133	90.19143167	62.94504753	9.112891715	45.71561852	1.092760064	3.889532307	2.787324889	10.37645518	6.030250067	3.034010026	0.803686449	0.930400865	65.93363481	12.32797297	0.989700343	83.96559948	56.55338955	1.988781388	56.57078637	1.665261384	2.81358931	27.29478414	NA	NA	NA	NA	NA	NA	NA	35336.33333	18596.33333	86263.33333	216519	1054603	5947.666667	2016	126399.3333	720485	12776.33333	37058.66667	15642	366119.3333	493290.6667	954947.3333	113648.3333	17870.33333	15120	11128	27157	27105.33333	4363.333333	113587	2732	96.38043768	68.2533818	62.84448785	34.80505002	257.1757742	102.5822034	95.76714445	66.70170346	62.97848305	35.13797738	253.5382799	97.53239915
Howling_Mob	Howling_Mob	11.14549181	50.69168358	38.64050364	173.4887154	136.4935944	36.49633621	1.707755852	49.62319098	153.1987946	38.27754641	10.9676838	85.23783306	6.935708842	143.3607797	81.15427514	39.6330787	34.50017696	109.3664674	140.9737073	0.426506365	14.45046957	55.93371321	1.649748244	55.52006918	0.98025797	0.245094165	31.61925819	0.892902669	7.245152436	14.34109879	4.183637387	0.847389964	0.943121491	91.90189905	18.65326932	143.8835454	107.4001041	22.81431425	43.12506661	1.176092236	1.030451872	7.45616703	13.56807537	9.5912743	3.998334993	0.814416034	0.948696175	76.81509688	12.31921612	0.935098092	70.13064371	56.67671726	1.322114572	57.03461796	0.665260362	2.860610117	36.99327417	NA	NA	NA	NA	NA	NA	NA	52719	36193.5	145324	554838	983477.5	2932.5	35582	1289.5	284418.5	21189	30388	7865.5	365695	196148.5	548560.5	90166.5	18314.5	13768	3980	36638	37444	25013.5	135071	19382	57.4753808	103.6091995	69.35345582	52.4025393	187.7014642	218.620878	57.42867231	102.8335438	69.4536639	52.56895168	188.6764256	216.0962597
I108-2-2-2-2-1-1-1	I108-2-2-2-2-1-1-1	11.97367409	56.20461915	24.759635	119.0686146	87.77901706	30.82202704	0.495286088	48.69294068	131.1342661	31.09510233	13.6380349	92.44070947	3.471061035	63.98578765	60.03434905	57.84705146	24.14975577	73.11167957	107.528039	0.087898402	6.750728997	52.58027968	-0.01691844	60.40908306	-0.024482481	-1.414531135	34.2246145	0.832132185	5.9498046	13.63672537	3.380442562	0.834142846	0.952490225	94.31110359	9.753838416	88.42189029	57.87652719	11.73069731	57.74055684	1.046636191	1.530548239	2.571652417	13.24387814	6.139864507	3.411293078	0.79343284	0.929680052	61.06363228	13.04290358	0.94710763	27.99640126	57.8044486	-0.00450002	62.46836422	0.002400302	2.769191243	29.88045733	NA	NA	NA	NA	NA	NA	NA	440359.3333	81562.33333	37290.33333	551782.6667	964935	22677	658	7737.333333	4743596	76657	287877.3333	25431.33333	54153	922176.3333	1175620	48407.33333	62092.33333	187270.6667	29706.33333	208927	133876.3333	99144.33333	112543.3333	2176.666667	12.11827012	25.58669289	73.85070938	58.00254338	48.87240999	61.18315177	NA	NA	NA	NA	NA	NA
I112-1-1-2-1-1-1-	I112-1-1-2-1-1-1-	7.981644733	57.50792941	21.3676913	132.3371334	99.64954227	31.99556458	-0.052317032	36.53685761	138.7227909	33.09777683	14.55553663	61.39682989	NA	NA	40.85271206	42.79984144	18.24374662	86.47774023	118.312383	0.140597	12.42451284	60.68208055	-0.016918334	61.55770783	-0.026644526	-0.818239707	31.45262271	0.863585519	6.36475214	14.13237075	3.129623583	0.854291883	0.937276943	72.0152554	10.27710388	105.3293256	80.0559556	21.95842648	58.99862794	1.504970917	-0.089764137	8.750933648	11.58093276	6.457343444	2.909273229	0.833088753	0.936762668	53.71239243	11.3859663	0.888861694	39.24839322	58.54427541	-0.004500103	59.27573511	0.00240018	1.848560093	25.13359199	NA	NA	NA	NA	NA	NA	NA	NA	NA	NA	NA	NA	NA	NA	NA	NA	NA	NA	NA	NA	NA	NA	NA	NA	NA	NA	NA	NA	NA	NA	NA	5.938863127	19.90169944	74.00423267	51.15254319	24.41719047	42.94723099	NA	NA	NA	NA	NA	NA
I136-1-1-1-1-1	I136-1-1-1-1-1	8.406475695	58.14836439	19.59507993	101.9038805	73.0070372	28.95592234	1.611606205	32.99346972	116.1100302	33.55640042	13.50750573	65.12123249	3.983704834	87.11078	21.55726853	31.42898694	8.80993932	56.68483368	79.54002033	0.372275879	4.145210713	63.91308249	-0.016918304	63.50441419	-0.023444897	0.240796938	22.99201786	0.876422234	8.836512092	10.8825462	3.193933072	0.832563419	0.954270848	74.9192388	11.96376963	81.47439381	56.55238112	8.587922177	32.00317129	1.926094799	1.187004218	3.45433742	11.25419588	10.07955168	3.235931117	0.839138696	0.945289998	77.08419838	8.252618067	0.8749476	51.28710845	60.1304084	-0.01121868	61.02066886	-0.001402146	3.811464908	25.06338485	NA	NA	NA	NA	NA	NA	NA	NA	NA	NA	NA	NA	NA	NA	NA	NA	NA	NA	NA	NA	NA	NA	NA	NA	NA	NA	NA	NA	NA	NA	NA	12.90823541	23.08169849	75.31162308	72.15247298	54.45639505	83.16501297	NA	NA	NA	NA	NA	NA
I152-1-1-1-1-2-1-1	I152-1-1-1-1-2-1-1	7.117423064	58.63364469	33.23097024	149.7828635	119.6445119	29.39560233	1.365486478	39.6014928	135.4787011	34.38782815	14.61337709	54.30184831	2.21476727	66.4857719	38.50459031	40.80084518	26.27601075	85.36593892	109.3382091	0.396169634	11.27670378	63.67313619	-0.016918491	61.57002058	-0.025436104	2.193555487	24.05394983	0.882241601	8.432323293	13.30588362	3.567950302	0.835207374	0.95288948	87.33042375	11.89976811	102.5767296	80.34037178	20.31059969	47.064709	1.676095535	0.277589797	7.475908658	11.24413416	5.149209592	2.930302167	0.81641454	0.936706213	54.16841695	10.45379101	0.87814682	62.03045671	62.0535155	-0.011218752	61.33485726	-0.001406677	1.152303695	22.21486397	NA	NA	NA	NA	NA	NA	NA	NA	NA	NA	NA	NA	NA	NA	NA	NA	NA	NA	NA	NA	NA	NA	NA	NA	NA	NA	NA	NA	NA	NA	NA	25.12216885	27.37669634	75.74845606	51.40254274	105.9544765	55.04037449	26.10395065	26.60097955	75.78454415	51.56897107	107.6135479	52.51564768
I182-1-2-1-1-1-1	I182-1-2-1-1-1-1	NA	NA	NA	NA	NA	NA	NA	NA	NA	NA	NA	NA	NA	NA	42.06522707	47.88477444	24.30109557	77.71942825	105.3183789	1.09685268	12.59338275	59.52972394	-0.016918367	60.68761286	-0.021671305	-1.132635779	27.39662255	0.941787273	10.55232434	12.34640093	3.210838039	0.873805502	0.958470604	89.68752332	10.74791691	107.0990889	78.14465771	17.0829923	48.3512742	1.731648682	1.129064878	10.33267604	11.35996213	10.13833772	3.109679094	0.806027644	0.925320465	71.25831771	11.71329408	0.86221966	46.72401866	59.65681669	-0.011218248	61.60239467	-0.001404647	3.182663811	28.03711635	NA	NA	NA	NA	NA	NA	NA	NA	NA	NA	NA	NA	NA	NA	NA	NA	NA	NA	NA	NA	NA	NA	NA	NA	NA	NA	NA	NA	NA	NA	NA	NA	NA	NA	NA	NA	NA	NA	NA	NA	NA	NA	NA
I22-1-1-1-1-1-1	I22-1-1-1-1-1-1	NA	NA	NA	NA	NA	NA	NA	NA	NA	NA	NA	NA	NA	NA	70.76903662	57.29941544	20.82306954	79.71942698	110.1596139	0.23107045	7.667181731	61.28134111	-0.016918399	62.80284624	-0.021803555	-1.489457207	30.11593181	0.808342152	3.900233612	12.57672378	3.662229702	0.839351112	0.955592683	82.84847162	16.04980098	94.56037421	69.03488226	18.75062908	55.97346891	1.926096442	-0.180431591	13.57359657	12.23036428	4.989920804	3.444021023	0.82727517	0.952735517	91.16145832	11.63353976	0.95479766	61.24396197	57.96053675	-0.011218635	61.12615119	-0.001402327	2.679929349	25.74866794	NA	NA	NA	NA	NA	NA	NA	NA	NA	NA	NA	NA	NA	NA	NA	NA	NA	NA	NA	NA	NA	NA	NA	NA	NA	NA	NA	NA	NA	NA	NA	NA	NA	NA	NA	NA	NA	NA	NA	NA	NA	NA	NA
I237-1-2-1-1-1-1-1	I237-1-2-1-1-1-1-1	3.817344123	59.82346511	15.57275153	102.5759323	69.29375124	32.58231748	1.091181167	34.10575522	89.474118	32.63948551	16.09549119	30.30250229	8.173760182	96.65244604	9.414694943	39.11592319	11.50002806	60.10223999	69.82712697	2.241155086	12.87052915	63.32327221	-0.02537753	65.57156185	-0.035037659	-2.225236866	21.96356743	0.967231149	14.49790883	10.70457686	3.588427574	0.820848564	0.89752704	161.4780068	13.75459697	96.9213492	71.11610832	11.65969875	39.90418626	2.426090863	0.590239085	14.55107095	9.980799082	8.402463867	3.23456431	0.824690338	0.92438139	105.8392999	7.931048315	0.94863322	39.0628202	59.87382974	-0.011218651	63.02453818	-0.001405095	2.86068716	25.87863086	NA	NA	NA	NA	NA	NA	NA	NA	NA	NA	NA	NA	NA	NA	NA	NA	NA	NA	NA	NA	NA	NA	NA	NA	NA	NA	NA	NA	NA	NA	NA	5.429732758	13.54169685	78.61172969	56.60245625	30.7985183	31.72950973	NA	NA	NA	NA	NA	NA
I31-1-1-1-2-1-1	I31-1-1-1-2-1-1	8.906475695	63.14836439	51.59507993	149.9038805	107.5070372	42.45592234	1.111606205	36.99346972	140.1100302	29.55640042	14.00750573	68.97123249	3.724838819	55.23578058	57.96512263	44.09571895	38.03356618	93.24670733	131.9718312	0.42401599	8.329252067	65.32239337	-0.016918423	65.30473357	-0.015321785	-0.111254681	38.72138595	0.875886936	6.986451065	15.94203395	3.275492492	0.811446499	0.947988524	75.42008082	12.75033881	133.3701734	101.0477058	34.94203075	35.95450397	1.981646801	0.23459583	8.414140147	12.62986218	6.383329856	2.55673146	0.814782495	0.907507189	49.67979621	14.19506119	0.91302438	56.0187414	70.07207426	0.655448127	69.82816108	0.665261664	0.838240552	32.0052274	NA	NA	NA	NA	NA	NA	NA	448186.6667	100572.3333	31262.66667	456093.3333	4582274.333	10147	671.3333333	13546	2298955.333	51825.66667	780003	156385	3491337.333	3744417.667	4772735.333	1103319.333	1356828.667	74356	99144	113217.3333	400730.6667	45717	173190	42231.33333	7.910437683	10.5333818	76.04448785	61.70505002	35.369354	24.99274924	NA	NA	NA	NA	NA	NA
I45	I45	NA	NA	NA	NA	NA	NA	NA	NA	NA	NA	NA	NA	NA	NA	50.10055086	49.71644446	29.19952816	100.262406	135.0792587	1.365633837	12.84743955	62.16062938	1.983081778	63.65886382	1.654170048	-1.745240905	34.9939632	0.949121217	9.638203897	12.04347303	3.496537138	0.786264277	0.946401766	95.52333589	18.30186153	137.893283	102.5224058	33.01441936	45.71171729	1.759432502	1.214131145	12.32376851	10.68848419	11.29056477	2.876100735	0.844896786	0.946168616	69.29025683	11.84089178	0.958661242	83.58753404	61.61057372	0.322114743	61.73670524	0.998592434	2.474902528	35.17019766	11.21092911	28.29757456	17.81480387	4.555465036	5.502880579	11.26278605	19.28842607	NA	NA	NA	NA	NA	NA	NA	NA	NA	NA	NA	NA	NA	NA	NA	NA	NA	NA	NA	NA	NA	NA	NA	NA	NA	NA	NA	NA	NA	NA	NA	NA	NA	NA	NA	NA
I58-1-2-2-1-1-1	I58-1-2-2-1-1-1	NA	NA	NA	NA	NA	NA	NA	NA	NA	NA	NA	NA	NA	NA	38.01772573	53.21646839	33.05732801	99.01141527	130.9483543	1.623291314	10.14432078	62.91854691	-0.016918372	65.30995599	-0.023273336	-2.457711882	31.50703143	0.94254675	10.17284492	12.31163888	3.159886969	0.815393679	0.923164491	91.29165993	14.15298864	118.8649722	85.7215476	26.0706877	52.61816776	2.148314859	0.681048927	10.33962206	11.37157208	9.362551281	2.086890806	0.783780404	0.874228672	46.32246488	16.12832678	0.964043063	20.40218133	67.51120441	-0.011218758	70.2336715	-0.001407146	2.402598368	33.21888921	NA	NA	NA	NA	NA	NA	NA	NA	NA	NA	NA	NA	NA	NA	NA	NA	NA	NA	NA	NA	NA	NA	NA	NA	NA	NA	NA	NA	NA	NA	NA	NA	NA	NA	NA	NA	NA	NA	NA	NA	NA	NA	NA
I817	I817	8.00174283	56.26265805	35.1691684	123.7744664	88.62809956	33.92276092	1.837555462	59.21463887	138.8543596	33.48482059	14.49234161	61.82669422	5.484350871	113.8607729	31.36532117	55.24492341	15.11479731	59.30683006	86.59958561	1.501664193	7.774841038	65.82195026	-0.016918414	66.58509398	-0.02630294	-0.785208048	27.37069423	0.773887594	11.71152841	13.87844624	3.217966736	0.773119872	0.917613969	73.33805405	15.64971405	87.69869351	57.82641031	22.94495638	59.1504887	1.509426455	1.805074854	8.293349239	13.85060434	14.75557594	3.473918863	0.814042249	0.924500009	77.61225526	20.1565938	0.907769312	36.79345876	57.75580587	-0.011218802	57.82582538	-0.001402489	3.326775898	30.36305948	16.47490863	25.6837239	9.836126509	6.066189396	5.724573634	8.160139371	21.4231541	613030.3333	113581.3333	51355	428439.6667	2060960.333	44523.33333	1530.666667	21472	3904300.333	53049.66667	897266	33647	2325335.333	1563649.667	639039.6667	708895	1194857	63407.66667	132011	197496.3333	507614.6667	71016.66667	77851.66667	27415.66667	78.39776075	158.546687	73.87809538	48.20256288	296.2736454	307.0811429	77.67564273	157.7707958	73.88512223	48.36899224	292.9604986	304.5562259
I9-1-1-1-1-1-1	I9-1-1-1-1-1-1	6.145491806	56.19168358	21.14050364	115.4887154	84.99359444	27.99633621	1.207755852	46.62319098	101.6987946	34.27754641	13.9676838	46.78783306	7.378452103	79.98577685	61.87151658	43.59644011	18.08974016	70.56776972	97.03669176	1.046385238	4.791399085	61.64596	-0.016918399	64.14296785	-0.022033027	-2.488468593	26.0780313	0.88842278	6.181463008	11.01350454	3.02528534	0.851220469	0.955675259	95.14579964	12.93129237	88.49412551	62.23122487	10.24399471	48.42363908	1.764144243	0.573613199	4.581170022	11.42237739	7.222210494	2.90701747	0.841701363	0.940508271	58.85313204	9.828610288	0.956413724	43.69723406	59.57961436	-0.011218782	62.73647421	-0.001408211	2.622508819	26.0654973	NA	NA	NA	NA	NA	NA	NA	NA	NA	NA	NA	NA	NA	NA	NA	NA	NA	NA	NA	NA	NA	NA	NA	NA	NA	NA	NA	NA	NA	NA	NA	NA	NA	NA	NA	NA	NA	NA	NA	NA	NA	NA	NA
I94-1-1-1-1-1-1-1	I94-1-1-1-1-1-1-1	12.47367409	55.70461915	35.759635	134.5686146	105.7790171	27.82202704	-0.004713912	39.19294068	118.9859384	31.21958816	10.21117212	96.29070947	2.545147909	82.86077218	54.2562185	45.46712687	30.15275743	96.22468052	119.5543806	-0.072917897	10.62312047	57.02057507	-0.016918256	58.27787437	-0.021805009	-1.169173138	24.01256464	0.877997161	5.874364032	14.00319281	3.392911752	0.861740054	0.952385357	91.23943918	13.70398883	84.2608683	64.12898825	14.5299701	56.99367229	1.842762687	0.088956238	6.449999231	14.06254509	8.571945311	3.401836825	0.816992005	0.936471789	66.64573447	9.055601632	0.947888252	59.7979522	57.02451443	-0.011218605	60.87350221	-0.001401254	2.107763426	20.46677674	NA	NA	NA	NA	NA	NA	NA	55445	107366	289637	1189545	2044149	60823	528	2505	1391102	20621	139248	15328	232008	760604	1269273	104605	838418	985298	10011	164281	307848	91897	1068407	10178	18.13543161	24.47168839	74.79170594	60.85252516	73.93792434	64.26483526	NA	NA	NA	NA	NA	NA
I97-1-1-1-1-1-1	I97-1-1-1-1-1-1	9.906475695	57.14836439	36.09507993	137.9038805	109.5070372	27.95592234	1.611606205	36.99346972	114.1100302	33.05640042	13.50750573	76.67123249	4.760433039	51.73578712	63.80502714	46.82543712	29.99396326	96.10542549	128.4627879	0.030343223	4.541327893	58.77090478	-0.016918232	58.91225332	-0.026996936	-0.143310308	31.77066383	0.906956101	4.062913146	12.28202379	3.523394782	0.865806197	0.957824084	88.69091296	13.49976655	126.9870608	99.44533422	29.57584747	46.60194892	1.426091758	1.629866996	11.92496666	12.72376822	6.342210839	3.514752807	0.833531074	0.957012876	69.94594088	6.328725165	0.943745825	78.07869388	58.28965599	-0.011218757	58.97062339	-0.001405447	2.934615677	27.53276631	NA	NA	NA	NA	NA	NA	NA	785283	71015	42052.5	405161	6903569	22624.5	9916	663.5	650853.5	10901.5	184323.5	18987.5	31626	521437.5	113997	32317	85695.5	29254.5	11605.5	58109	112510	3365.5	17333.5	3102.5	17.26470183	19.03669689	75.34611786	63.25254062	70.72352023	51.639154	NA	NA	NA	NA	NA	NA
IA2132	IA2132	NA	NA	NA	NA	NA	NA	NA	NA	NA	NA	NA	NA	NA	NA	75.51604144	47.63400949	26.45328057	92.60592809	125.1083899	-0.063026404	8.222919704	61.32654533	-0.016918363	60.58512315	-0.021861576	0.826468656	32.896361	0.954736742	9.56078086	15.00138261	3.761100167	0.842123659	0.955602262	89.73338694	12.05456796	125.5524394	88.03932774	23.15988986	49.18625926	1.509423202	0.168293548	9.461486723	12.56898146	11.31827389	3.477412064	0.810394454	0.918916742	94.08827237	18.53542401	0.941710323	70.00058973	57.9101523	-0.011218595	58.83413561	-0.001403842	3.323229173	37.48467538	15.25385195	29.83675046	15.26723169	4.242191974	4.341674651	6.568033031	15.00323022	166014	28732	60822	274177.3333	412959.3333	34634.66667	38519.66667	24801	399386.3333	28214.33333	326618	12460.66667	476188.3333	346160	241485.3333	96348.66667	494531.6667	95640.33333	57904.33333	29723	93993	51432.66667	197385.3333	15965	106.3305993	101.6216915	67.23709881	62.35258109	323.0713718	274.2888325	106.3333893	100.8458854	67.34571295	62.51902187	323.3817258	271.7641398
IL103a	IL103a	9.973674088	59.70461915	36.759635	179.0686146	137.7790171	41.32202704	-0.004713912	35.19294068	109.1342661	41.59510233	14.1380349	77.04070947	2.753425083	63.6107873	38.21652546	43.05024873	23.37105004	104.9685239	137.3940174	-0.050209628	7.256158911	62.08578805	1.983081888	61.49426434	1.981727959	0.542848033	32.91335869	0.947006705	8.357644869	12.09011888	3.16467423	0.810188471	0.896352367	66.74473404	20.98941931	131.2960203	94.58932161	15.35412195	50.17814172	1.426093008	0.052743401	6.394775492	11.34358487	6.068148387	2.996545027	0.839445941	0.930115865	70.90060642	14.61178542	0.850146182	70.70638535	61.57276197	1.988781434	63.10884379	1.998587627	2.449332867	36.72080747	13.08254741	29.07442995	15.63178984	4.552153897	4.747423319	10.00108005	19.19616107	135635	247215.3333	93817	787908.3333	1063394.333	109135.6667	898.6666667	6394.333333	1135546.333	27148	522022.3333	24116	1243064.333	650084.6667	854607.3333	555292.3333	703534	140271.3333	117667	448357	472405.3333	87281	360023.6667	52880.66667	NA	125.0933853	73.05302253	50.90511893	NA	257.3996756	NA	123.541844	73.04553994	51.23802201	NA	252.3502251
IL104g	IL104g	11.83789576	56.57890387	51.39635606	208.6228845	164.2840474	44.4219893	1.077482578	47.62830549	162.8783559	44.80505101	15.58019443	91.88569105	8.797243355	111.735781	31.47359182	39.05089797	34.95984077	131.0607209	167.811292	1.206087068	15.17999461	61.62325184	0.649748255	63.85316511	0.974578348	-2.149775005	37.10531602	0.898142029	9.775060214	17.41125325	4.311848923	0.830217169	0.946737749	118.4204818	19.2114724	169.0479327	133.5089302	35.11242652	52.79836154	1.592760153	0.419739573	14.99980404	14.68986479	7.818454903	3.606238903	0.769910568	0.927289565	92.59909894	17.12789089	0.912361583	93.87659356	61.61811139	0.322114653	64.80518015	1.331926911	1.077901586	35.6183896	15.10878762	32.46415186	17.1926264	4.208569367	4.216462811	9.461408532	17.53868087	86475	25823	106064.3333	329590	1213177	22815	38721.33333	50173.33333	2021180.667	55873	239320	19297.66667	961427.6667	598470.3333	1566118.333	229508	113735.6667	364396	38181.33333	54098.33333	94577.66667	41609.33333	208434	17056.33333	NA	85.60000109	61.23375085	57.20002407	NA	200.0000117	NA	85.60006368	61.3261965	57.20003053	NA	200.0003014
IL110K	IL110K	11.33789576	59.57890387	37.89635606	162.6228845	130.7840474	31.4219893	2.077482578	47.62830549	146.3783559	33.30505101	14.08019443	88.03569105	4.963218802	115.9857904	65.08858975	49.38278071	32.45495403	121.1461577	153.1757142	0.538916425	9.343512546	62.5455572	-0.016918583	64.88534712	-0.023299849	-2.441347465	31.56534834	0.921275487	7.294284838	13.86217624	3.503087369	0.831787904	0.95593454	92.6808271	10.92634024	139.8155854	106.9738787	21.81351081	57.81405296	1.509429235	0.734156854	7.121338518	12.560479	11.01433755	3.06267885	0.844009345	0.952375221	65.29521157	10.67008467	0.925007385	68.56064323	60.65313264	-0.011218511	61.80621723	-0.001403492	3.764982342	33.07602441	25.46099303	36.22017244	8.043955641	3.714107752	4.274938228	5.429559892	12.19930815	31935	63940	119141	557175	1574043	10901	985	885	797860	24260	437921	96922	50622	942958	1069070	20473	598736	200973	52110	369382	402953	84912	589905	2978	57.68200355	72.52000109	61.03486729	44.80002407	153.2027188	131.3768233	58.06435924	72.52006368	61.21677171	44.80003053	153.7610856	131.377113
IL112t	IL112t	8.973674088	58.20461915	34.259635	160.0686146	119.7790171	40.32202704	1.495286088	38.19294068	121.1342661	33.09510233	13.1380349	69.34070947	6.657384468	203.4857849	74.6968159	45.7164265	29.30267194	94.03001004	132.4894003	0.50998837	12.94233478	60.75774274	0.983081692	59.39677289	1.653358579	1.2224508	38.45699	0.92071006	13.43739781	13.14919106	3.607839197	0.831824872	0.957060419	83.34143567	15.36055098	117.166865	80.76802052	17.42021117	44.40463258	1.342761044	0.59968799	12.04758223	10.42018257	15.11792236	3.098250287	0.775865295	0.922690813	72.35167151	16.96003462	0.914983898	66.17407883	61.80406348	0.655448076	62.74742186	0.998591601	3.675480104	36.57419345	15.57232589	32.37727684	16.89479248	3.670861424	3.295468763	6.689647421	13.95712787	506685	48087	111145	291180	631859	15456	18778.66667	116359.3333	1120995.667	102178.6667	238543.3333	41941.66667	201784	1450258.333	939961.3333	97548	186584.3333	86602.66667	129380.6667	168038.3333	202674.6667	31008.66667	190739	6337	92.69592361	95.17338162	67.34630849	53.10503448	282.5609753	204.5601785	93.0264087	93.62173342	67.34438303	53.43793052	284.7114711	199.5103155
IL1171	IL1171	11.40647569	55.14836439	28.09507993	139.9038805	100.5070372	38.95592234	2.611606205	44.49346972	101.1100302	30.05640042	12.50750573	88.22123249	2.753454677	120.4857755	78.3652672	43.71557487	21.99732701	87.79316162	120.0596378	1.160196447	12.90994643	56.10132481	-0.016918349	57.91383597	-0.018945004	-1.814476117	31.93132335	0.893965796	3.299459512	9.120397435	2.844561102	0.845536585	0.941763891	71.14070863	14.89615355	98.68776177	65.27365737	14.59001368	43.24605619	1.759429264	2.550727016	10.35292244	10.42648727	7.859272071	2.913243274	0.828086897	0.920905866	57.70944165	13.48657771	0.881584211	70.01762399	57.39329465	-0.011218645	59.25336458	-0.001406683	2.858667243	33.32473297	14.73681722	34.1573316	20.12265959	3.858386291	3.83905194	7.711066073	14.99576452	93495.5	17076	14437	98845	1162949	3331.5	249	4366	447286.5	8966	310784	9289.5	29871.5	269942.5	280154	8355.5	85979.5	18601.5	30575	67967.5	130996.5	14163	50379	1149	98.5018743	144.421693	65.22196849	53.60256356	282.8491284	306.1006637	99.2526947	143.6458592	65.15508071	53.76902977	285.178083	303.5758252
IL11D	IL11D	5.85844739	67.33434264	37.21996059	185.6698367	138.2743435	47.26166111	7.063783989	24.15085577	141.2825938	31.97061651	15.06489768	22.68569105	1.411078511	66.49999663	52.2718378	34.34555512	33.89268271	119.7426805	168.5269603	0.72078866	4.359358691	64.50755812	1.00227434	64.09740318	1.984802043	0.516333318	48.86950606	0.890046491	6.664725149	14.10132074	3.486405731	0.842357728	0.937541329	80.83493007	16.98462898	158.8446558	112.8428323	33.99481992	33.20208335	1.342763087	0.055099149	4.918614076	13.11560085	7.833429798	2.868102923	0.817942242	0.911341922	61.11799866	21.19050663	0.861964419	70.9371293	68.53073727	-0.011218516	68.33902492	1.331927717	2.953934428	45.97263715	14.57356812	28.12833036	14.88204449	5.514870573	4.725283823	6.504986885	16.62666987	510398.3333	60853.33333	57763.33333	715510.6667	4759976.667	18652.66667	49778	23852	3903331.333	75851	217225	250246.3333	153587	264078.6667	144078.6667	105728.3333	194449.3333	148146.3333	153393	82554.66667	180173.3333	90916.66667	903497.6667	6329.333333	83.74528431	76.66499208	71.11574399	58.94998764	289.103789	193.6628031	83.08128607	76.66488457	71.00501505	58.94997126	285.1744287	193.6626443
IL124a	IL124a	6.570322768	56.33211856	25.61740834	131.2318288	93.72032316	36.32952721	1.871679088	48.5798031	175.7459424	23.47331534	7.919520259	50.51223566	3.06841303	130.1107751	73.73093354	40.88249678	23.78906236	89.87609244	123.6467467	0.237073325	11.79481582	56.28285169	-0.016918475	56.78030451	-0.026427599	-0.475693998	33.43686086	0.922101313	6.658339985	14.10001854	2.737238562	0.849164438	0.93101953	71.8537012	13.70467536	111.0873411	74.74580852	17.4518187	52.75830831	2.176093137	0.497691993	8.230087834	12.86116872	8.044493824	2.468204223	0.815592649	0.900339419	48.09239355	7.879073678	0.913945253	32.12448362	61.62641829	-0.01121854	62.35853312	-0.001402875	2.384457429	36.11540172	13.4627436	31.64648663	18.01153008	4.750680376	4.569685145	9.271737707	18.31962029	343016.3333	80466.33333	61305	1001177	1916189.333	27888.66667	194842	7152	624530.3333	105751	320309	30593.66667	1196074	481101.6667	291772.3333	357917	1626612	78595	322872.3333	396173.6667	473913.6667	54511	370536.6667	39671	126.4110414	NA	69.08131957	NA	406.4953788	NA	124.6242013	NA	69.05902892	NA	402.8257647	NA
IL125a	IL125a	0.906475695	64.47326366	36.59507993	143.4038805	103.0070372	40.45592234	1.111606205	37.99346972	189.7459424	35.47331534	13.91952026	7.471232489	2.553559556	104.7215554	69.7446029	29.88332262	34.19390006	99.07218969	139.1616583	0.423855582	9.28065654	64.29982086	0.64974826	64.48309803	1.976671866	-0.14862919	40.21988584	0.857620357	8.204644977	15.00653008	3.461622604	0.840696889	0.93293263	96.99823529	13.58487263	144.778503	104.2532378	35.36189085	50.23313732	1.342766796	0.60892593	8.028838741	14.89907238	9.082874873	3.171823155	0.791943919	0.910749252	69.70791064	18.05497796	0.892590279	76.05509777	67.89250321	0.322114636	67.88649162	1.331924244	0.240059223	39.9939766	NA	NA	NA	NA	NA	NA	NA	NA	NA	NA	NA	NA	NA	NA	NA	NA	NA	NA	NA	NA	NA	NA	NA	NA	NA	NA	NA	NA	NA	NA	NA	NA	NA	NA	NA	NA	NA	NA	NA	NA	NA	NA	NA
IL13B	IL13B	NA	NA	NA	NA	NA	NA	NA	NA	NA	NA	NA	NA	NA	NA	50.12128736	54.46691539	28.5377167	96.55185721	137.810684	2.033123705	9.422825578	65.75245472	1.983081888	66.16093101	1.981727959	-0.457151967	41.74669203	0.88772422	4.188899866	12.64736426	3.861212424	0.821216052	0.928980774	83.32262583	19.73591105	120.6657759	86.05036097	20.92919581	48.49822339	1.171636436	0.740932617	5.668401605	9.71559938	5.831327544	2.77275208	0.829316857	0.911657416	61.08851233	15.73463736	0.934517418	50.03086453	60.54003279	0.995499837	60.86204943	1.002402588	0.694821352	34.95016738	14.62083809	33.44497289	19.91613792	3.984518305	4.153874647	8.921294699	16.6598067	NA	NA	NA	NA	NA	NA	NA	NA	NA	NA	NA	NA	NA	NA	NA	NA	NA	NA	NA	NA	NA	NA	NA	NA	NA	NA	NA	NA	NA	NA	NA	NA	NA	NA	NA	NA
IL14C	IL14C	9.981644733	62.00792941	61.8676913	201.8371334	155.6495423	45.99556458	0.947682968	55.03685761	128.2227909	38.09777683	12.55553663	76.79682989	2.112982324	116.6107775	37.37459879	73.54972394	43.08774778	120.1704426	157.5606412	0.8079237	7.838515704	69.59245674	1.983081883	69.03098247	1.97668892	0.521806702	37.20989653	0.854058005	11.56523761	11.88894363	3.803545608	0.800154075	0.935413598	95.60128389	22.40646453	170.5376009	128.1855488	44.53963547	65.84978504	2.370537519	0.252166961	9.769796341	11.04411448	11.23684233	3.569015961	0.809412717	0.939332796	94.60494614	19.31439749	0.924992164	60.43512296	64.47325324	1.988781212	65.26072816	1.998592596	2.377889293	42.32990167	11.93615311	26.97477827	15.52846623	6.396740391	6.206924822	12.48675994	25.5076135	NA	NA	NA	NA	NA	NA	NA	NA	NA	NA	NA	NA	NA	NA	NA	NA	NA	NA	NA	NA	NA	NA	NA	NA	92.29989835	142.2116917	68.13956056	50.70252727	290.3600544	288.5052917	92.17466943	141.4358806	68.27309164	50.8689927	289.5898243	285.9804235
IL14H	IL14H	7.117423064	61.13364469	55.23097024	204.7828635	158.1445119	45.89560233	1.865486478	47.6014928	130.4787011	39.38782815	14.61337709	54.30184831	4.692684204	117.6107729	43.28697135	60.88267878	37.95871088	123.1721866	164.466923	1.640823479	9.947095748	69.27861267	2.002274001	70.31323819	1.989381926	-0.97254442	41.67055265	0.838470978	14.90767053	12.77914877	3.587979332	0.808085086	0.92669855	84.75372816	20.57756074	150.3773153	112.9455253	35.61322427	47.2629532	1.231649058	0.618378029	9.231086478	10.29638617	8.064885025	3.022089167	0.847825074	0.9465962	66.21400948	12.90501615	0.91859815	47.52009841	64.98542646	1.988781321	67.90350429	1.998593764	2.559734089	37.22189208	14.05906417	27.81065159	14.00114853	5.728617017	5.674305592	11.22637713	22.22345865	NA	NA	NA	NA	NA	NA	NA	NA	NA	NA	NA	NA	NA	NA	NA	NA	NA	NA	NA	NA	NA	NA	NA	NA	93.38247146	106.7716938	71.38260854	61.40254002	324.9438196	279.2946427	93.59849179	105.9959652	71.44479642	61.56897772	324.9804019	276.7699743
IL18b	IL18b	11.47367409	60.20461915	45.759635	182.5686146	141.7790171	40.32202704	1.995286088	45.19294068	147.1342661	36.59510233	14.6380349	88.59070947	5.192684204	121.6107729	68.30706022	46.63355379	34.79921589	126.2039466	164.4232463	0.063779405	16.28223454	63.43139492	1.983081794	64.10308674	1.643905326	-0.786397269	37.91018321	0.830769419	5.854080339	15.36000254	4.163925077	0.824824999	0.943152215	99.89306441	18.98640316	170.0738223	127.4855369	35.85463373	53.48909132	1.796639025	0.252428039	13.64187233	15.2560591	6.635378853	3.779740435	0.814951961	0.938723455	77.19763098	12.31157055	0.893270627	73.18584818	68.0422393	1.995499737	67.59638685	2.002397894	1.436270998	41.95259373	11.04545647	29.44847553	20.10317707	5.056438478	4.739045243	10.71454546	20.88609241	257543	132828.5	51745.5	259444.5	1500990.5	23973	12701	2243	159141	15493.5	628395	15870	1093458	628360.5	556075	434356.5	980178.5	46563.5	82820.5	170210.5	420458	50649	135951	27077	89.84099934	112.3116932	74.65257177	60.0024913	356.5085848	285.4678879	91.26612362	111.5359901	74.5974807	60.16892239	361.174438	282.9432318
IL200e	IL200e	5.645491806	59.69168358	19.14050364	144.4887154	98.49359444	45.49633621	2.707755852	47.12319098	111.6987946	36.27754641	15.4676838	42.98783306	7.622292328	103.9857771	31.27783914	55.82754749	33.76283196	112.023418	154.5543051	2.491498056	9.14327826	57.74574479	1.98308147	57.04665587	1.978275889	0.567850448	42.43773122	0.95917247	8.714121761	13.25838005	4.148664099	0.813692579	0.939800472	119.4131377	21.93337701	162.9307929	117.9492551	28.74382249	51.90211178	1.870538712	1.203469082	6.53610784	10.53451081	7.084356282	3.209683705	0.799493238	0.924822688	97.04912576	11.28015486	0.968906298	42.02264094	63.3215882	1.98878136	66.17929474	1.998592158	2.995559916	44.45528626	17.38325354	37.63977904	21.22328165	3.555900459	3.890165248	9.285479124	15.12020401	65906	97606	48088	648532	688230	34092	89	293996	1200533	7355	157974	6032	44543	160086	587025	29348	134792	24513	19936	100167	171180	7004	275793	725	112.9973035	NA	68.19650841	NA	354.3628313	NA	113.1913147	NA	68.24965866	NA	354.5922736	NA
IL21f	IL21f	10.00174283	60.26265805	30.6691684	153.2744664	109.1280996	42.92276092	1.837555462	41.21463887	97.28259379	17.97061651	12.06489768	77.22669422	2.526228749	54.48577093	42.44839989	43.38380037	32.23788153	97.01711774	132.6187635	1.746742949	8.2795813	60.69665131	1.983081484	61.53641197	1.974846568	-0.792539784	35.19557867	0.931039506	6.689686766	13.27521515	3.650843669	0.832709952	0.941597386	101.8132696	12.45972919	126.1783583	90.68596235	23.57256283	45.99792765	2.03721012	1.166762784	8.941071883	10.27147137	4.228142411	3.173043437	0.822609242	0.922633895	81.1985916	19.34968413	0.932271335	47.63682917	60.21273311	1.322114862	58.6773588	1.998594931	2.02432836	35.52772535	15.10590446	32.63944147	18.32745536	4.279733946	4.636023928	11.71503199	18.90014061	168823.6667	24286	84572.66667	242389	685462.3333	16155.66667	13092.33333	159728.3333	434457	18194.33333	358238.3333	20647	848564.3333	322379.3333	1412833.667	189423	592859	135893.3333	47526.66667	286966.3333	446049.3333	12285.66667	173095.6667	33540	91.87059926	114.1033818	70.53709881	49.30513811	309.3576463	226.7166921	91.87338925	112.551707	70.64571295	49.63801321	309.6680003	221.6670169
IL279AxRp1d	IL279AxRp1d	6.50174283	61.26265805	44.1691684	172.7744664	132.1280996	40.42276092	2.837555462	38.71463887	132.3543596	37.48482059	15.49234161	50.32669422	8.956189461	106.4999928	30.32573298	44.79965504	14.91381766	90.30922424	124.4292403	2.023288414	7.617236284	67.61830453	1.972348206	71.6605148	1.987333508	-2.773367462	33.86789205	0.9503956	8.204377204	10.17336784	3.276694402	0.816204208	0.940408503	98.21848829	13.04303301	91.4391358	61.56035203	12.89524905	40.62305781	0.842761202	2.441863422	7.202427465	9.629799319	16.81985516	3.011251587	0.833339289	0.947095046	79.32168969	13.02370085	0.89014181	52.57979416	67.5760833	1.655448251	68.83932887	1.998593131	1.503122885	29.17837802	18.37628049	27.55887749	8.780414597	5.821231257	5.883613999	9.932594902	22.7572578	34630.66667	20514.33333	49633.66667	1118323.333	1914482.333	27215.33333	65358.33333	372584.3333	5947657	50672.33333	481860.6667	31305.66667	419108.3333	1260600.667	3008722.333	105488.3333	720527.6667	216500	65053	281477	413787.3333	43560.66667	404828	2221.666667	66.96096133	113.8600011	66.93375085	NA	202.4508167	NA	67.74677912	113.8600637	67.0261965	NA	205.7684581	NA
IL27a	IL27a	7.837895756	61.57890387	49.39635606	161.6228845	123.7840474	37.4219893	1.077482578	45.62830549	107.8783559	41.80505101	16.58019443	61.13569105	6.105637855	71.50000773	68.51137521	44.96644278	51.88396921	121.3815849	153.3366205	0.179122711	14.84118529	63.35324945	-0.016918144	63.00168461	-0.018183049	0.230041393	32.0262641	0.934360359	4.170605288	12.24246096	4.337293577	0.847503225	0.95850938	105.6310788	19.83399643	151.1933492	114.8499195	30.26007631	47.2214575	1.676095775	0.872785698	12.55307971	10.50362853	4.570928742	3.446053248	0.82093793	0.94176727	90.4994035	15.49345223	0.952650663	47.21948614	65.14405108	-0.011218525	67.24881562	-0.001405068	0.719075553	36.12224773	20.4062335	28.33568189	8.053667887	5.593591901	5.433797323	8.218422108	21.00404691	51036	319682	160360.5	2607410.5	1897857	67963	91969.5	1537917	7280399.5	43729.5	266177.5	61161.5	96278.5	919871.5	2760023.5	10739.5	34203.5	211030	40394.5	73666.5	102199.5	245362	1183691.5	1630.5	55.66528431	NA	66.21574399	NA	165.0523192	NA	55.00128607	NA	66.10501505	NA	161.1229589	NA
IL303b	IL303b	11.11742306	61.07489567	45.23097024	203.7828635	157.6445119	46.39560233	0.365486478	52.1014928	108.9859384	28.21958816	10.21117212	85.05184831	5.948968345	74.98578656	91.24972772	53.88291407	51.13094083	150.1973022	193.0840087	1.353231416	8.959453722	60.32757388	1.983081619	59.98103881	1.982594394	0.233603981	42.66908518	0.868109186	6.996963512	11.35545976	3.098353943	0.852706029	0.946651633	82.91671141	16.32274944	171.2547571	139.1197839	43.85026842	39.15849031	1.796637831	1.043849525	7.324154146	11.30779007	7.116498299	3.0444931	0.816041823	0.94027387	63.10950183	8.576896882	0.863170525	95.91990821	58.25560644	1.98878147	59.28411126	1.998593559	2.604560818	32.29043467	21.11228638	37.04852912	14.21100403	3.679839408	3.967127144	6.051884232	12.75863099	452801	477233	238038	610954	2270961	11536	980	1995	61222	13932	334436	23548	1198982	389413	195130	323118	73823	38053	26394	238486	173895	16977	34497	8133	99.11508898	NA	62.15302253	NA	257.8995216	NA	97.75636784	NA	62.14553994	NA	254.0269029	NA
IL318a	IL318a	9.837895756	62.07890387	45.89635606	172.1228845	126.7840474	45.4219893	2.077482578	30.62830549	129.3783559	30.30505101	12.58019443	76.48569105	9.607319034	179.360776	55.00935589	43.46671858	32.30472523	100.7631838	143.5052812	1.165984784	8.495159961	64.88063689	-0.016918461	67.90150347	-0.027416672	-3.123839282	42.46036762	0.887545677	16.45512517	14.98964427	3.390104969	0.834727039	0.926526457	73.57634154	20.72892444	153.0572819	108.9417154	34.67756031	48.48859314	1.842759372	0.617805294	9.102765788	12.99175037	13.1478869	2.863828259	0.817048407	0.913423218	67.26154557	13.82609882	0.8881742	86.98163962	63.2905616	-0.01121872	67.72571614	-0.001407863	2.134032462	44.33875252	12.93928358	30.92212163	20.37799186	3.330739392	3.12856965	9.098286307	13.89758691	1012135	85356	18795	415268	273706	13239	1259	2672	494656	36893	1000022	67616	55020	446404	48348	19446	204882	60957	77644	51478	344978	6203	17297	2241	116.2670035	175.4600011	68.88486729	49.90002407	373.7929415	350.2195726	116.6493592	175.4600637	69.06677171	49.90003053	374.3513083	350.2198623
IL31a	IL31a	3.995607267	64.47326366	76.61740834	170.2318288	134.7203232	35.32952721	1.132031242	41.88118423	121.7459424	35.47331534	18.91952026	15.72625091	5.538153367	76.73578157	44.49456403	50.63277862	54.30194191	114.1801932	147.6544326	0.071697935	8.07412373	65.05635199	1.316415018	65.61090826	1.978834249	-0.486449544	33.18775023	0.938367206	6.349064843	12.64634133	3.541384106	0.818204017	0.938341168	93.42528783	16.31410504	173.6174842	138.0978571	71.78477968	50.65665586	2.009427657	0.228658894	10.94871572	13.72083679	8.486029412	3.401032859	0.814332723	0.936017594	74.10634169	9.339424842	0.863393346	79.21164994	64.79676263	1.655448251	64.68267668	1.998596232	1.57428275	36.06085294	15.8270681	31.3721377	16.42264074	4.460458722	4.243232114	7.048243282	15.72008114	265676	147069.3333	62400.33333	625324.6667	1149928.667	21008.33333	281	354624.6667	3116603	47393.66667	154876.3333	32895.66667	45079.66667	922034	1481770.667	48745	235417	48799.66667	8610	181403	200815.6667	42468	143013.3333	2530	NA	NA	NA	NA	NA	NA	NA	NA	NA	NA	NA	NA
IL325a	IL325a	9.50174283	49.76265805	75.6691684	201.2744664	161.6280996	38.92276092	0.337555462	46.21463887	148.8543596	43.98482059	15.49234161	73.37669422	2.304457914	56.61077179	57.19864083	51.59556684	16.12900707	68.04425588	95.8196904	0.560345558	5.121512596	69.25835903	1.31641491	69.02771311	1.976898443	0.188636553	27.44704312	0.92236888	5.054742235	9.552559512	4.018755239	0.816312732	0.947448427	102.5109167	21.4273762	87.34430823	57.40112757	21.01516258	37.69963203	1.37054042	0.414920257	8.50977704	10.04993046	5.350368139	3.552526758	0.803866713	0.920958139	92.54250983	18.76239271	0.920704903	50.90553009	59.95096758	-0.011218587	63.69162532	0.331925563	0.686240171	29.60832963	11.86751585	26.68035378	16.32894968	5.766157897	5.071648521	8.904953582	20.33448389	77072.66667	18834.33333	513670.6667	815857.3333	7540351.667	63592	977565.3333	686844.3333	3109057.667	22068	104620	9869.333333	101037.3333	546478	2356681.667	101995.6667	1002538	76543.66667	17807.33333	289177	216119.6667	61907	1058729.333	3811.333333	62.01171129	90.73169639	74.38257153	56.90248786	241.6662919	212.8520571	62.40834527	89.95605432	74.39160045	57.068903	245.6480351	210.3275095
IL328a	IL328a	10.33789576	62.57890387	61.89635606	180.6228845	138.7840474	38.9219893	1.077482578	51.12830549	111.8783559	36.30505101	13.08019443	80.33569105	4.003917462	80.8607725	78.03243828	53.6330153	46.17692829	107.5119258	141.4792093	0.211230716	11.70554528	65.90572435	0.649748279	64.16715638	1.980826517	1.557224405	33.67114648	0.815979705	6.754870467	13.25398658	3.688732874	0.848731269	0.948590099	80.7340657	15.261892	140.9526961	100.1830918	36.66704491	49.82554121	1.509427569	0.582609886	11.27661824	11.7380187	9.341483277	3.566082145	0.843148999	0.94935839	65.55657564	13.44527937	0.894481144	75.22496568	59.89185654	-0.011218711	60.14859678	1.665262406	2.189431845	40.90502642	15.57213851	32.62838119	16.88456869	4.357727301	4.764789649	10.56276489	19.20907285	198382.3333	19443	28256.33333	258629.3333	1240173.667	18846	389007.3333	9680.333333	1018208.667	31292.66667	74008.66667	14784	69829.33333	45449	53693.33333	28486.66667	386323.6667	259216	9270	23324.33333	108596	64879.33333	259895	2501.333333	80.53182328	125.0816941	70.31333007	54.65252833	271.0105727	277.4067353	80.73292876	124.3059357	70.18897731	54.81896021	270.6843168	274.8819863
IL354a	IL354a	6.645491806	47.19168358	46.64050364	148.9887154	115.4935944	32.99633621	0.707755852	46.62319098	127.9714638	31.55606815	13.01558206	50.63783306	2.817973339	46.36078289	44.27634297	52.38305202	42.29750146	100.8537734	142.4566459	0.182049081	18.97562929	63.55408404	1.983081935	64.30989678	1.981849623	-0.784261935	41.67409785	0.943614751	6.068692542	18.33605524	3.549959671	0.822353153	0.897382918	69.96789395	29.49748049	145.7977904	107.1462058	35.60846336	49.22968122	1.676094215	0.32534635	20.11589719	15.76381401	6.450045485	3.329805728	0.835922871	0.927373034	71.17928466	16.69000253	0.955829141	58.41990348	57.6682142	0.988781315	60.20352607	1.331927192	2.227300055	38.44007359	12.46407132	30.31682877	17.8741472	5.487721759	5.067074638	9.703262192	19.54388431	76305.5	189039	143666.5	1900512.5	1218599	11262.5	125485	7801	1727066	11035.5	42307.5	2267	48023.5	87866	836559	46691.5	288304.5	701406.5	8445.5	148200.5	129059	76531	272320.5	3586.5	85.519364	NA	60.59754918	NA	216.7066713	NA	84.64780441	NA	60.68947447	NA	213.3776275	NA
IL366a	IL366a	3.50174283	62.76265805	47.1691684	167.2744664	128.6280996	37.92276092	0.837555462	35.71463887	138.8543596	41.48482059	19.99234161	27.27669422	3.634336564	85.77744095	41.70362534	44.79958695	41.55787993	127.3824433	162.7286009	0.005585761	5.510620086	63.64362277	1.983081694	65.39843898	1.980017858	-1.782543856	34.92375853	0.922361837	5.407721423	12.95322007	3.762500725	0.819914595	0.946033855	88.84849416	14.48800787	151.999214	112.7876871	31.72882047	52.81076832	1.342761904	0.371345758	5.629393561	12.99455848	10.02510216	3.749748736	0.786805908	0.930981801	82.70114876	17.2919531	0.917190394	55.13011538	63.21328625	0.655448369	64.48547411	1.998592585	1.983744693	39.0294949	15.19219582	28.04431143	14.39198013	5.28938105	5.345042505	11.5688829	23.21795408	316578.3333	155173.3333	130934	688647.6667	974903	93090	272176	668567.3333	4061018.333	20433.33333	192953.3333	17192	107718.3333	532864.6667	1064146.333	65370	674495	494908.3333	25723	221980.6667	300123	109951.3333	392644.6667	3902	NA	NA	NA	NA	NA	NA	NA	NA	NA	NA	NA	NA
IL368a	IL368a	11.14594534	64.1923937	52.16263107	173.0983346	135.0053333	38.40881169	0.804184769	38.96796	121.9714638	34.55606815	15.01558206	84.8911575	0.856336319	71.36077095	68.15284185	56.13286382	53.02536618	129.5939688	169.025415	0.990115873	10.20208776	62.5555161	1.98308183	61.66356675	1.977766188	0.865834224	39.51749195	0.987508694	7.078781056	14.35479234	3.550162108	0.807691082	0.933390441	73.17460778	26.16564481	151.2224681	114.1770193	39.55890302	51.35618143	1.759429029	0.985891605	10.8908888	13.74825295	7.723485269	3.186483648	0.830910606	0.938861735	59.30710635	13.12966512	0.90916937	71.69461379	62.86315987	1.988781312	63.46732422	1.998593431	1.17267914	37.40479657	10.80377999	29.67374724	20.51978888	4.914059745	5.57136335	16.8230757	25.94304637	123069	316981.3333	187323.6667	3182725	2431128.333	15836.66667	135302	86921	1078882.667	21563	192054	9942	142397.6667	198065.3333	1318820.667	54981	944986	106935.3333	24730.33333	125069.3333	188504.6667	34704.33333	506786	5779.666667	112.6069239	132.1066966	65.09113338	43.00257087	320.5214159	224.8175057	112.257545	131.3309612	65.10725493	43.16901216	318.5430738	222.2927882
IL369b	IL369b	9.00174283	59.26265805	62.1691684	192.2744664	153.6280996	38.42276092	2.337555462	38.71463887	131.4261254	31.99902467	18.91978553	69.52669422	3.542797798	70.73576998	29.45309511	48.21743892	31.9326284	107.3028394	147.3654498	2.102908758	9.86101015	65.76016719	1.649748282	65.44646673	1.642422755	0.473067126	40.16725259	0.901673372	7.128207684	12.80422215	3.249848711	0.813182019	0.912646341	53.50352554	23.46826753	147.6645263	107.2443489	41.4787187	50.01768163	2.092761031	0.92457074	11.86879386	12.33434075	9.090574762	2.981444964	0.813516413	0.916607971	61.97066727	12.9164458	0.920038403	52.78593273	62.76282239	1.322114411	64.99339523	1.998588858	2.248568712	40.11326702	14.09169196	20.5495702	6.875902455	6.001184372	6.600434558	9.651396504	23.39443953	NA	NA	NA	NA	NA	NA	NA	NA	NA	NA	NA	NA	NA	NA	NA	NA	NA	NA	NA	NA	NA	NA	NA	NA	85.45096133	153.3116961	NA	48.80253993	NA	299.6720276	86.23677912	152.5360364	NA	48.96896579	NA	297.1475463
IL370a	IL370a	1.542254027	64.27407967	56.45835887	203.8496106	168.5020069	35.35596009	4.529409714	35.05810492	124.3659404	38.84645175	17.06534619	11.87625091	NA	NA	50.55654993	41.3552061	48.24004354	136.084542	182.3090925	0.729968654	11.38991893	66.34175677	0.3164148	67.97711812	1.977877817	-1.515656211	46.33783839	0.958534398	7.762940564	12.50737833	3.851438498	0.808651582	0.936190371	100.1769458	19.60852882	164.2032695	125.2218342	33.12708263	48.82454018	2.259426677	1.06737987	10.67909717	10.16941815	7.741401581	3.098734544	0.849957256	0.92972147	67.02256807	19.48279916	0.976784472	69.56367938	65.89519121	1.988781118	69.77626506	1.665262296	3.391400315	39.48906601	20.14098053	35.13205885	14.91976609	4.412012494	4.929489858	10.01887925	17.96763384	145028	30044.33333	64175.33333	1601821.333	4025200.333	86964.66667	4731.333333	3197814.667	8809986	41982.33333	121637.6667	50648	253324	1523057	5769798	439777	135956.3333	319505.6667	45735.66667	295039.6667	429355	30213	592145.3333	7144	NA	NA	NA	NA	NA	NA	NA	NA	NA	NA	NA	NA
IL393a	IL393a	5.00174283	64.76265805	35.6691684	170.7744664	123.1280996	46.92276092	1.337555462	40.21463887	140.4261254	35.99902467	18.91978553	38.77669422	3.562706521	71.86078492	0.933306034	47.00046714	23.65411382	106.9730155	151.2183039	0.002566956	6.299081657	NA	NA	NA	NA	NA	44.04357635	0.990787578	12.66702743	15.4640082	2.468775386	0.861982929	0.903534885	44.61615089	7.045002282	140.5350862	99.47416747	26.40179001	41.49459939	1.463296844	-0.157160368	8.307195734	12.86194763	11.28196965	2.982377493	0.812062762	0.900119273	57.3267599	16.88159255	0.855991821	28.50111085	67.94590687	1.988781165	68.69322535	1.99859689	3.575951398	41.61959832	15.89240581	32.87673108	16.34444558	4.944671906	5.249193906	9.810012444	18.83862181	108770	45456.33333	34221.66667	999549.6667	1529224.667	23207.66667	3436.666667	12399.33333	2604203	89140.66667	127031.6667	4147	1944325.333	468863	2068800.667	282692.6667	336623	13105.66667	18660.33333	23027.33333	93501.66667	37034.66667	149771.3333	53098.66667	NA	NA	NA	NA	NA	NA	NA	NA	NA	NA	NA	NA
IL395a	IL395a	9.070322768	65.33211856	41.36789228	204.5554624	158.8510894	44.45669396	1.871679088	31.0798031	104.0860339	30.73617001	12.4196529	69.71223566	6.664539168	110.8607856	80.63788245	35.88445211	42.90988431	152.3977235	195.1342325	0.338715494	7.543617035	65.32953635	1.98308158	64.19297077	1.976752957	1.191499641	42.16312855	0.922445338	8.735343147	13.69011484	3.342269912	0.833357157	0.938561833	99.96801307	15.21280601	174.6164246	117.0232897	33.44225268	38.00547435	1.629964659	1.422572117	10.37605145	12.01744056	13.09037086	2.735746442	0.821669744	0.905845402	84.08983155	16.93619888	0.914096966	54.56268091	66.25678582	1.988781345	66.97423772	0.998591363	4.375561093	57.53349131	10.51512552	28.29447126	17.96132222	4.882705125	4.414020034	7.475104176	16.42395244	257210.5	20330	26245.5	379762.5	979857.5	52728.5	34269	13468	1274326	173550.5	195620.5	19116	1621414	625681	2327542.5	249407	343537.5	74106	14106	23549	101017	46987	146706.5	75736.5	85.07021394	106.326698	71.28246493	56.30250459	295.342955	244.8927198	84.45937452	105.5510355	71.31995396	56.46893452	295.5033737	242.3680191
IL430a	IL430a	11.48164473	58.50792941	48.3676913	180.8371334	140.1495423	40.49556458	1.447682968	58.03685761	98.72279089	33.59777683	13.55553663	88.34682989	5.650271703	88.61076934	71.0215819	44.63306192	30.90705216	112.6701387	146.0508662	0.32841323	5.273003091	59.77483984	1.983081725	60.10629243	1.976641795	-0.453892812	32.92736326	0.958883808	7.132103921	11.11981167	3.539571781	0.810753936	0.931395786	100.281809	16.91325437	147.6185026	110.1584489	32.39498779	53.86631577	1.176089528	-0.051407825	6.737696751	9.076705402	4.66653718	3.272357425	0.775151905	0.915179008	97.06170955	20.12239183	0.917548139	83.13706146	62.58729074	1.988781305	63.03178059	1.998592969	0.661957488	37.7167638	15.86244677	33.32569228	18.06893294	3.572100265	3.558030776	7.982653006	14.95719259	49130	203486	43113.5	2489340.5	1157234	70776	98362	23371.5	4318014.5	299835.5	94201.5	16031	1178508.5	329359	1149335	227228.5	25492.5	58087	17915	22141.5	37444	45792	334551	41235	76.51120239	102.8450017	69.73530849	53.50000452	254.6101836	221.1720509	76.68206688	102.8450578	69.93752357	53.50000801	254.5582467	221.1721187
IL437a	IL437a	5.645491806	59.69168358	34.14050364	142.9887154	109.4935944	32.49633621	1.207755852	50.12319098	122.6987946	29.77754641	12.4676838	42.98783306	0.725734349	102.2357811	66.53766269	58.38287364	33.2543236	99.39300899	131.4050409	-0.000434889	14.49127114	60.98512023	1.983081603	60.712959	1.646309575	0.18665205	31.85180485	0.926716646	8.639190942	14.91152908	3.665274076	0.802769679	0.934963981	107.6642046	19.57704148	126.9475975	91.8705347	35.98090959	53.79199612	1.676093681	0.587637827	13.66209417	13.81215133	9.009918623	3.446809526	0.802132186	0.942550661	81.59655174	16.27562061	0.95287482	78.52294409	58.65667115	0.655447994	58.83052594	1.331928961	1.524244013	34.96998454	17.46411791	31.69834389	14.32796966	3.666969901	3.724656598	5.85922731	13.34916164	48401.66667	41552	159210.3333	982308	1928368	23527.66667	366981	4181	1427479	52139.66667	472665.6667	27232	1353970.667	355243.6667	1509508	323003	52983.33333	134462	95670	124291.6667	181798	68169.66667	841833.6667	40626.33333	78.49935901	108.0800017	62.73463326	48.20000452	209.8592009	208.6486564	78.86219442	108.0800578	62.86770023	48.20000801	211.9562349	208.6487243
IL442a	IL442a	7.00174283	55.76265805	57.6691684	174.2744664	142.6280996	31.42276092	0.337555462	44.21463887	164.3543596	36.98482059	13.49234161	54.17669422	0.06841303	46.23577506	27.49294167	56.13313766	38.68280832	121.8359321	153.0913428	-0.007847454	17.08891824	70.65057106	1.649748377	70.30732921	-0.015439023	0.229361038	31.36627654	0.891993022	8.103544697	15.93835209	3.856244317	0.781339471	0.937036187	92.32529139	17.93394597	161.5374143	132.2920041	46.22747635	59.20174939	1.342761028	-0.073553671	16.34082774	14.02969903	6.636040688	3.504663617	0.80764276	0.949937498	80.48890992	15.96242329	0.886179632	55.41731235	67.10878201	1.655448346	66.7232921	-0.001405455	0.05753908	29.76100457	13.04680739	30.94093864	18.01868927	5.0002791	4.843112824	10.52868632	21.00057707	30830.5	12374.5	63103	2255.5	11200	62747.5	832.5	8696	635412	17573	817564.5	19350.5	136929.5	151803.5	181283	43062.5	723329.5	278386.5	157039	159972.5	505055	2433	25732	638.5	86.75671129	136.753391	71.28257153	47.80505579	299.3146198	264.3138463	87.15334527	135.2020092	71.29160045	48.13790104	303.296363	259.2645941
IL44b	IL44b	10.40647569	59.14836439	51.09507993	183.4038805	151.0070372	32.45592234	2.111606205	62.99346972	125.6100302	35.05640042	17.50750573	80.52123249	6.329598706	58.36078156	27.45422274	64.24413326	27.4915111	97.56833343	128.3443981	1.275743638	11.15897559	63.26636181	1.983081747	64.32908958	-0.019569829	-1.125126606	30.65813537	0.91147551	5.503273307	12.5183856	3.33813142	0.833254178	0.946881192	73.91128953	12.02719807	156.9558571	124.5309893	43.82205367	62.32340082	2.00943181	1.410812452	16.56212318	13.5740341	5.728890688	3.206864786	0.832917728	0.94317825	55.10682641	11.33416072	0.952086401	87.30350655	58.6140927	1.988781124	60.8754593	-0.00140713	1.673570633	32.52147827	8.588138105	29.44981212	22.44395454	5.869054659	5.780182765	17.09065632	28.84416918	75592	73691	307335	1237526	4277736	29291	1624	20695	2835126	42201	361116	14739	208404	824638	2258325	60399	609871	1033509	37255	266949	434063	50546	264145	7407	104.965412	102.1466858	66.01375434	49.50255405	307.6991507	202.5351921	104.8764812	101.3707175	66.08285245	49.66904388	306.5709339	200.0101212
IL451b	IL451b	7.337895756	60.57890387	42.39635606	154.6228845	120.2840474	33.9219893	1.077482578	43.12830549	155.8783559	28.80505101	13.08019443	57.28569105	6.096291227	111.7500209	44.17126069	46.80004975	28.04785053	101.303894	136.3193788	0.505294166	7.881000079	61.83359105	-0.016918511	65.9554457	-0.025229351	-4.160002339	34.83441778	0.925835021	8.979792963	15.17166484	3.215828212	0.849268024	0.949844193	68.48100781	11.5446485	136.4268499	100.5695494	29.99248853	37.26060369	1.671640759	0.285380747	7.026766062	13.45777782	14.93861924	2.850101822	0.797213576	0.913154249	58.06486742	12.88632829	0.938672458	77.68259125	61.4281106	-0.01121856	65.30419029	-0.001410857	2.295230488	35.60945551	19.83356418	32.2721042	11.37928105	4.097372723	4.193580532	7.232231068	17.11938805	115085	42743	11396	768609	4482373.5	179880	4677.5	5325392	14829082	61729.5	110373.5	39288	143110.5	1231506	3670111.5	163419	591705	139301	28907.5	382776.5	297044.5	22720.5	652371	11708.5	58.78641976	76.65669178	60.36598175	46.35248497	181.4296039	142.2529592	60.33306807	75.88090147	60.36166304	46.51894117	187.3591021	139.7281355
IL453b	IL453b	12.11742306	56.13364469	30.23097024	129.7828635	96.14451194	33.39560233	0.865486478	44.1014928	135.9787011	34.38782815	12.61337709	92.75184831	4.263227467	101.1107721	88.46553962	46.38307614	40.13686752	101.5067315	134.3524994	0.071302749	13.99363221	57.76023494	-0.016918112	60.18071105	-0.015539102	-2.45979027	32.87083573	0.932081826	6.889059402	15.05109222	3.304990754	0.869637286	0.960008564	80.36660632	12.44291365	137.2559784	100.8308376	31.58603513	54.79720772	1.676096814	0.19605621	9.040905454	14.63221582	7.471831024	3.155266814	0.842589714	0.937195182	69.20029614	15.75715895	0.881816003	98.25605254	60.25495439	-0.011218657	60.53130221	-0.001402958	1.800821071	36.44445851	13.45139535	33.09308853	20.20308709	3.397707983	3.617270248	9.452100067	15.82561675	NA	NA	NA	NA	NA	NA	NA	NA	NA	NA	NA	NA	NA	NA	NA	NA	NA	NA	NA	NA	NA	NA	NA	NA	23.48192388	26.32338527	70.84113338	68.00511893	77.97031547	82.3898473	NA	NA	NA	NA	NA	NA
IL454a	IL454a	8.542254027	57.27407967	28.45835887	168.3496106	127.0020069	40.85596009	2.029409714	45.55810492	117.3659404	31.34645175	12.56534619	65.72625091	6.21476727	110.1107719	77.93388667	47.21649066	32.91333713	115.2823324	152.7888244	0.158370668	5.974527814	58.25992728	1.649748309	59.03545252	-0.022274252	-0.821227526	37.53354622	0.876677986	6.112169682	11.55862045	2.954446746	0.861635715	0.941254992	73.20986469	14.97947163	144.8371884	109.1792199	25.20407764	47.71197663	1.592758614	0.557457665	4.971196508	11.18490281	9.06225343	2.745931614	0.824998486	0.93066447	61.31970666	9.403260267	0.92428342	67.4605151	58.89652637	0.655447995	59.88642929	-0.001403207	2.703423516	36.02081891	13.09119778	28.94759443	16.2114828	4.089253444	4.304271383	7.685194625	15.56469608	386283.3333	18602	36728.66667	71180	88953.66667	158814	22382.66667	5809	247034.6667	9924.333333	157910.3333	4807.333333	154678.6667	128706.6667	87305.33333	30204.66667	65158.66667	21042.33333	16080.66667	54440	51558.33333	2537.333333	26648.66667	1705	114.9330652	144.8566915	64.51717105	54.40256557	319.557697	243.0366666	113.3602845	144.0809084	64.50228443	54.56900546	315.7865806	237.9872161
IL465a	IL465a	9.570322768	57.33211856	55.36789228	191.0554624	154.3510894	36.45669396	1.371679088	48.0798031	140.5860339	39.73617001	14.9196529	73.56223566	3.163850112	132.0000046	67.75930195	46.80021438	42.70484236	121.3001375	157.8064198	-0.025723288	5.670200142	60.61908129	1.983081839	59.95336315	1.315255243	0.557136319	36.61189184	0.886442938	8.688107185	14.18976721	3.507556927	0.829040067	0.941952713	99.93453434	14.36654482	144.5085224	112.7412916	36.4293327	52.6010071	1.592763747	0.885236049	3.474595458	13.83347244	11.508787	3.331695073	0.842905109	0.935080282	79.34536661	8.601160058	0.907296763	69.57675136	58.25509893	0.988781326	60.78746347	0.331928231	1.995173766	31.84342356	13.34997846	27.48560361	14.18754168	4.631760952	4.707065916	10.21003837	19.27615054	527888	101390	52270.5	1303670	2977439	638058.5	1071.5	13537.5	8077771	199841	343541.5	67141.5	218688	1486155.5	1104042.5	85344.5	60575.5	22723	89170	65880.5	117815	35302	303849	2671.5	104.6003118	163.1166858	63.8867338	49.7525981	290.7517061	331.9895976	104.4279087	162.3407193	63.95122563	49.9190618	290.0937698	329.4645912
IL47A	IL47A	12.14503827	65.19097346	36.11837622	147.8790961	110.9818556	35.58386072	2.611326934	32.27842197	103.4261254	37.99902467	21.91978553	93.28450863	6.702723034	66.48577467	43.57557684	42.9663134	24.00528882	87.37742388	132.2753528	1.94751117	7.069201226	66.32399093	1.316415041	66.52951771	1.643674095	-0.148573233	44.64664652	0.897851145	5.83136219	10.58174898	3.546554507	0.827857347	0.927764885	81.3832114	12.61067396	137.6247591	99.90343868	25.04804289	48.20486749	1.509427034	0.841674417	8.332319195	10.75682629	6.883000838	3.480788277	0.802191358	0.935636082	81.65553613	10.83432109	0.893639995	51.99906848	64.02426274	1.322114751	63.98118845	1.998591733	2.919342387	37.89761934	15.61113645	29.08417848	13.59217223	5.239508601	5.530842649	11.357255	21.32064042	NA	NA	NA	NA	NA	NA	NA	NA	NA	NA	NA	NA	NA	NA	NA	NA	NA	NA	NA	NA	NA	NA	NA	NA	126.8073035	130.1833889	67.14650841	49.70507765	385.7108226	261.3537402	127.0013147	128.6318726	67.19965866	50.03796034	385.9402649	256.3043607
IL515a	IL515a	6.145491806	63.19168358	29.64050364	124.4887154	84.99359444	38.99633621	2.207755852	46.62319098	111.6987946	35.77754641	15.4676838	46.78783306	8.358704834	77.73578	85.82241681	44.96723983	31.53363189	112.4101805	147.9908926	0.063360715	13.81286552	65.00459359	1.983081404	65.44359066	1.645459155	-0.47477004	35.65523877	0.943982629	8.695308149	13.93786449	3.914398467	0.814001595	0.943682393	100.3561951	14.03964057	130.1781542	98.80623921	30.30892202	49.63027814	1.509430421	0.340073461	15.06280636	12.94013353	7.328176253	3.120319621	0.824261124	0.925272133	78.09097499	11.76447659	0.892937635	58.01061372	67.09081473	-0.0112186	69.50414334	1.665262664	1.65135864	31.50077923	18.98881073	28.69981891	9.918009816	4.590613645	5.157520757	6.805228702	16.59925272	NA	NA	NA	NA	NA	NA	NA	NA	NA	NA	NA	NA	NA	NA	NA	NA	NA	NA	NA	NA	NA	NA	NA	NA	84.05449799	109.0216949	71.8848455	63.90258046	297.1068411	306.5783246	83.99436076	108.2458927	71.96709966	64.06900776	295.7163416	304.0534948
IL543c	IL543c	7.406475695	66.14836439	81.09507993	216.9038805	178.0070372	38.95592234	0.611606205	44.49346972	109.1100302	30.05640042	12.50750573	57.47123249	NA	NA	16.08566308	51.70069695	28.38248701	94.38170978	129.3754842	-0.057757332	4.805470246	NA	NA	NA	NA	NA	35.51043756	0.872071582	9.272762599	12.80035946	2.043709521	0.864497412	0.918107804	53.80992673	9.775403964	101.0803495	69.84426312	9.665606843	54.12297856	1.000003358	0.007030832	6.118574591	7.492509806	7.742419725	1.92550707	0.805744042	0.880742489	54.72616031	11.55884776	0.998279229	65.06753542	77.58112622	1.999999994	78.30193299	6.54E-06	3.447527065	31.5264723	10.9786591	30.36986131	20.70030403	4.326007326	3.810998326	8.151744868	16.09270038	126463	51714	38270	966817.5	1372059.5	9674.5	293	10068	9615980.5	57078	688229	80935	278341.5	2946784	2089531.5	121630.5	85550	64098.5	78955.5	30251	263335	9996	221508.5	8302	100.3683623	166.7033961	71.01091616	30.50506903	347.1090903	239.9538415	101.4345714	165.1519868	70.87293958	30.83794916	350.3859389	234.9045023
IL545	IL545	10.14549181	59.69168358	38.14050364	162.9887154	118.4935944	44.49633621	0.207755852	45.62319098	140.1987946	32.77754641	12.9676838	77.53783306	2.963405613	91.29827334	82.5252184	40.21577976	48.10279508	118.7796094	160.8387442	-0.006710972	9.778625988	58.44411691	1.98308171	58.82401434	1.645788667	-0.446849985	41.6012761	0.876105948	6.055943996	13.70353213	3.354151909	0.824171048	0.923221641	68.07770562	11.99985141	146.7383021	104.6595409	36.09710553	48.61517096	1.592758068	0.236644726	12.5208829	13.20504544	7.340081607	3.133667692	0.83304091	0.932673814	58.06325977	13.07518238	0.919847036	77.8238162	59.0942548	0.322114964	60.07490884	0.998591818	1.294321703	41.57638403	13.98295306	31.93036793	17.41819473	4.373425469	4.364385715	9.121261522	17.49755692	NA	NA	NA	NA	NA	NA	NA	NA	NA	NA	NA	NA	NA	NA	NA	NA	NA	NA	NA	NA	NA	NA	NA	NA	106.9558483	NA	68.14920293	NA	338.280856	NA	106.6839072	NA	68.24902382	NA	338.823806	NA
IL557a	IL557a	9.973674088	59.20461915	47.259635	182.5686146	136.7790171	44.82202704	1.995286088	37.69294068	138.6342661	34.59510233	16.6380349	77.04070947	3.965528814	54.86078097	63.91596712	45.88305897	21.92161488	66.48796755	104.6174613	0.334655894	6.598712655	62.53213147	1.98308147	63.39265108	1.642246352	-0.821933677	38.07848547	0.925279342	6.460824893	10.83655619	3.236477311	0.821087271	0.947003634	76.718286	16.60239142	114.4949631	71.65926075	14.36616384	39.61263352	1.426094961	0.541646575	5.310424478	10.23633118	7.969274924	2.896584154	0.821503593	0.932595638	72.19277392	14.73048993	0.914731924	82.87844429	64.7582656	0.322114816	65.94730408	0.998594444	2.185083354	43.20381231	12.26733313	29.18854816	17.08490793	4.127075313	4.196160136	8.700374524	16.64235969	159185	134814	127872	1420107	2278904	48694	1660	1257125	18696934	306936	256148	38928	164180	2589835	7307625	245638	154828	182382	25491	229021	330686	332134	708746	5526	61.43518664	57.03668867	68.33438326	57.85255328	175.4869355	108.8719063	60.42382696	56.26086427	68.27527749	58.01899664	171.5859459	106.3471016
IL607a	IL607a	5.570322768	65.33211856	36.86789228	151.0554624	112.8510894	36.95669396	1.371679088	45.0798031	119.5860339	30.23617001	11.9196529	42.81223566	4.494872106	116.7357796	17.54250483	53.2996989	24.90659848	101.0319869	141.3376941	1.246117875	7.132152215	67.51567798	1.983081822	67.63635235	1.97797345	-0.136575619	40.22556947	0.944972603	11.67508934	15.1777025	4.025307252	0.789281832	0.942290403	116.1928228	18.88830309	118.5917296	87.70098468	24.57917327	62.17481386	1.648316487	0.69302242	4.345503863	12.6422462	9.809013009	3.107328325	0.832322751	0.895844962	90.38535893	17.15750472	0.954250125	27.06327356	67.09973182	1.988781439	67.43767236	1.998593211	2.153585738	31.10426	10.49247231	29.05759542	18.41094807	4.777044011	5.236436335	13.07499091	22.90331037	NA	NA	NA	NA	NA	NA	NA	NA	NA	NA	NA	NA	NA	NA	NA	NA	NA	NA	NA	NA	NA	NA	NA	NA	116.6746367	168.526697	68.27551752	45.25251552	369.9760435	305.9306475	116.3045169	167.7509672	68.26594872	45.41896417	369.3909431	303.4058831
IL611a	IL611a	9.473674088	60.20461915	37.259635	141.0686146	106.2790171	33.82202704	1.495286088	55.69294068	151.1342661	30.59510233	12.1380349	73.19070947	7.3083742	124.2357732	55.99606308	53.63349084	28.31186057	97.20816644	123.6101201	0.456527055	6.619844135	65.70673623	1.649748302	64.99114279	1.979550168	0.565753437	26.57110084	0.807420101	11.251093	13.43114818	3.036878395	0.826494071	0.937123091	71.79258429	15.36870411	100.6485437	66.95272081	16.74251226	53.74016853	1.787207497	0.212222687	3.126960338	12.92516545	7.945716907	2.827001687	0.834599918	0.923417928	63.89046797	9.955684197	0.879968518	49.26427057	62.20208745	-0.011218567	62.32512733	1.998593745	2.755047321	33.12657504	13.21546961	31.6651842	19.39910455	3.931218327	4.035539921	9.107282431	16.67399379	100586	120180	14791	397925	208258	16513.5	273	3211	892883.5	7333	394433	9309.5	60400	139312.5	274073	19345.5	321236.5	122201.5	39416	27076.5	166772.5	1572.5	79867.5	1097.5	100.6609236	127.1516917	73.14630849	51.4524772	374.6834579	261.9956451	100.9914087	126.3759164	73.14438303	51.61891774	376.8339537	259.4707921
IL615a	IL615a	4.617423064	61.63364469	18.23097024	110.7828635	77.14451194	32.39560233	0.865486478	43.1014928	87.97870108	30.38782815	12.11337709	35.05184831	4.413153367	67.73578157	58.73546347	38.30007655	22.49405395	74.09285526	103.8229728	-0.05494924	10.25836114	62.74249621	-0.016918469	65.39864638	-0.026963154	-2.511105378	29.7856404	0.887516652	5.76697761	9.466903926	3.105876428	0.817276405	0.926962132	87.4940631	17.29321041	81.74787538	56.09460321	9.86420577	40.76466683	1.426091025	0.003898708	10.13913121	8.920070559	6.686482958	2.982126616	0.776326768	0.902698614	85.86297001	16.70127762	0.912700259	56.15189445	58.43061953	-0.011218556	62.47470534	-0.001405268	0.889157406	25.61260588	15.62348378	30.57672177	14.17544151	4.645102209	4.993664987	8.62667136	18.49839363	195215.5	129398.5	184769	3191746	2967520	30669	22013.5	1312383	6999937.5	67077.5	211788.5	28087	2327543	751690.5	2405200.5	561339	886034.5	128560.5	29620	64744.5	233668	127585	524350	119045.5	NA	NA	NA	NA	NA	NA	NA	NA	NA	NA	NA	NA
IL618b	IL618b	NA	NA	NA	NA	NA	NA	NA	NA	NA	NA	NA	NA	NA	NA	74.05371554	49.88402825	43.49865379	134.0769665	173.0424838	0.011555685	8.680195826	64.79458719	0.983081479	66.89234277	-0.026359507	-2.122899588	38.75449059	0.912020251	8.916183445	15.55975201	3.682729266	0.835518038	0.936546643	72.90611552	12.39582179	173.5873925	135.6978319	54.18994067	55.69073724	1.592760535	0.634146989	10.93279537	13.47582515	6.243132692	3.407967926	0.837125156	0.935834389	80.95177472	14.3300193	0.935245705	54.52262798	63.01844475	0.988781457	67.05964474	-0.001404273	1.687504347	38.15887614	12.81446632	31.30117639	18.5399893	4.313042339	4.14537405	10.77928576	17.80476475	349124.6667	415024.6667	258612	3050930.667	3698414.333	90404.66667	190082.3333	46370	7667430.333	144694.3333	130553	37978	188042.6667	1274120.667	4663048.667	87366.66667	91579.33333	286411.6667	34010.33333	120066.3333	116164.6667	358295.3333	1067670.333	11046.33333	NA	NA	NA	NA	NA	NA	NA	NA	NA	NA	NA	NA
IL648	IL648	7.117423064	56.63364469	59.29930941	194.4673925	153.2836906	41.38239298	0.926788187	81.2350256	111.9859384	36.21958816	13.21117212	54.30184831	4.69150215	61.23576901	35.08382986	55.82521345	20.42067012	80.56581931	105.0159312	2.096296976	3.856316109	72.04252193	-0.016918348	69.56985969	-0.022349642	2.521262337	24.41019657	0.840720314	4.843026224	9.783259529	3.405114268	0.730663575	0.908377881	105.7386159	16.23104847	110.0174436	81.01242468	20.51162389	40.68808925	1.342761778	1.970308624	5.762181777	7.918094794	8.593002088	2.827246408	0.813017771	0.916808625	85.15098627	14.56338556	0.902012948	75.82182486	63.5398649	-0.011218692	65.43786213	-0.001409552	1.880392444	28.32652138	13.90861661	34.33487786	20.41442406	4.151894431	4.367708177	10.62084395	18.93823109	203463	35146.66667	67033	251764.6667	1247706.667	15367.33333	53312.33333	7221.333333	1208519	45354	243508.6667	5827.333333	137999.6667	225037	895829.3333	36852.33333	462440	120200.6667	26413.33333	46772	153618.6667	86796.33333	146457.3333	5918.666667	103.3154275	245.2933816	71.10514133	46.40503448	352.6049168	NA	102.4297493	243.7417334	71.24392303	46.73793052	350.9764103	NA
IL661a	IL661a	8.645491806	57.69168358	37.64050364	139.4887154	108.9935944	30.49633621	0.207755852	46.12319098	117.9714638	31.55606815	12.01558206	65.98783306	4.58976727	89.7357719	46.70665622	45.80012944	8.763538932	50.44645923	74.73446764	1.159900197	5.062832655	71.23828548	1.316415181	70.03698102	1.646324791	1.193204141	23.93367566	0.868706608	5.10057415	9.342471067	2.723672252	0.798236012	0.92079823	59.51130629	15.43793014	62.75700583	35.10473598	17.53737341	31.99328853	2.009428309	0.577362478	9.436027351	10.95882742	9.121316118	2.748109534	0.799275596	0.908285113	55.38187308	11.21727634	0.890255729	74.66802898	57.30581459	0.988781373	57.37109043	0.998596159	3.768968922	27.77951143	9.464264997	30.44169192	22.16281464	3.827953862	4.057706774	9.335462962	16.60427093	NA	NA	NA	NA	NA	NA	NA	NA	NA	NA	NA	NA	NA	NA	NA	NA	NA	NA	NA	NA	NA	NA	NA	NA	132.1897981	158.9400017	69.33754001	46.10000452	383.5716321	294.8794141	131.9810969	158.9400578	69.46646482	46.10000801	380.8746987	294.879482
IL671a	IL671a	8.570322768	57.33211856	18.86789228	123.5554624	92.35108937	30.95669396	1.371679088	42.0798031	137.5860339	33.73617001	12.9196529	65.86223566	4.628917462	88.8607725	62.31411412	43.55084518	28.35934408	90.78260558	118.8382091	0.646169634	10.44337045	57.33980286	-0.016918491	57.23668724	-0.025436104	0.193555487	28.13728317	0.957514786	5.663424704	14.48065645	3.672363256	0.854917829	0.955470973	110.7689241	11.77864768	100.3804547	71.93021004	15.50319429	47.38060978	1.759429346	0.922941346	8.438260162	13.41555025	5.841753257	3.483050695	0.81476274	0.926427507	84.23736462	20.10834743	0.911282271	77.12788485	57.55955492	-0.011218566	58.33625204	-0.001409013	2.058966096	28.55007163	21.14460822	37.21427196	14.86000177	3.486685067	3.565521339	6.314119035	12.24927802	160048.5	76425.5	124938	337687	821727.5	6786	26671.5	2707	870609	28831	442709.5	14001	117310.5	249952	508257	28527.5	77782	76680.5	98495	49758.5	174404.5	77364.5	234684.5	1951	91.15342506	101.970005	59.88726243	45.09995339	227.6641073	185.7376966	90.68512656	101.9700619	59.80155004	45.09996801	225.9509565	185.7375474
IL673a	IL673a	3.00174283	64.26265805	47.6691684	153.7744664	121.6280996	31.42276092	2.837555462	28.21463887	151.8543596	34.98482059	10.49234161	23.42669422	5.878425083	126.8607873	64.22701156	38.63362771	46.72612956	119.2052887	150.8286862	0.942175627	9.417542453	64.58214236	-0.016918224	67.09474341	-0.014827627	-2.480892903	31.75753725	0.883809163	8.51115661	14.0971683	3.541464113	0.83209697	0.930629865	72.00093185	16.20771765	153.2008381	109.2152761	43.77121708	41.61469759	1.842762982	0.588939076	7.262600124	15.40708213	9.726499794	3.309578835	0.816299255	0.920637051	60.32580694	15.56670941	0.901349331	78.36838572	65.6844414	-0.011218679	67.92757725	-0.001408039	2.515528626	43.8735714	18.42226303	32.25038035	14.76153436	3.798400477	3.86714395	8.606196808	16.48522301	274069	45115.66667	229114.3333	1042998.333	2351207	44951.66667	3144	9912.333333	5905246	186478.6667	67845.66667	26643.33333	2217102.667	2350216.667	2558149.333	778376	123112.3333	73406.66667	103857	371572.3333	209972.6667	270428	767582.3333	19475	93.93584828	239.4133889	61.9637726	39.60507765	244.1384262	400.4251334	93.66390723	237.8618726	62.0303474	39.93796034	244.6813762	395.3757539
IL676a	IL676a	6.473674088	57.70461915	23.259635	127.5686146	91.77901706	35.32202704	4.495286088	43.19294068	115.6342661	33.09510233	13.1380349	50.14070947	4.19435914	68.86078687	74.3117416	40.21655293	32.6801621	95.2602071	129.7005383	0.557756342	21.54543465	57.74030499	1.98308192	58.85404448	-0.018420568	-1.137069553	34.50857157	0.908239193	3.861940876	13.22502056	3.463307929	0.842814736	0.949503714	85.59761894	16.99403705	96.15637452	64.26116869	12.98855437	41.65557988	1.426093402	0.512431187	15.29422582	10.42501659	3.948706069	2.944513416	0.816303093	0.922877951	69.18797877	11.1902344	0.874695259	72.65093203	58.78645101	1.988781287	63.74277239	-0.001405628	2.431846072	31.96804941	18.90236024	32.93827699	12.56833747	4.254841386	4.681518703	6.941507803	15.66868914	126048.3333	188629	336665.3333	4868513.333	5628247.667	165669	14762	2760635	11747198.67	129831	92571.66667	30913.33333	2718673.333	1187887.667	3215279.333	607003.3333	71285.33333	71841	73392	155830	116888	167129.3333	1336202.333	61420.66667	66.69075437	81.69169352	68.77024909	57.75251943	215.1158455	194.5329978	66.78471795	80.91597172	68.69519148	57.91896349	216.1442852	192.008351
IL677a	IL677a	12.07032277	50.83211856	25.36789228	131.0554624	98.35108937	31.95669396	1.371679088	53.0798031	97.58603391	26.73617001	8.419652896	92.81223566	4.846291227	65.0000209	79.80936372	66.3823151	32.31399398	98.65196415	130.4331668	0.111167375	10.79538214	52.43099209	1.983081719	51.43929086	-0.021185522	0.898158161	31.1398648	0.932156423	5.823163965	8.925956899	2.716213561	0.835291587	0.917800233	65.72893126	15.35024688	116.363046	86.97614759	21.1656103	67.45194277	1.592759275	0.263010559	10.51221287	9.809137022	4.726616955	2.683220258	0.821330302	0.919744234	61.279374	9.319590149	0.918910303	87.13844833	53.1556596	1.988781357	53.36790854	-0.001407079	1.217791782	29.72064127	6.87916696	22.14533982	16.8021959	5.968136854	6.283225305	15.80247054	28.58117309	NA	NA	NA	NA	NA	NA	NA	NA	NA	NA	NA	NA	NA	NA	NA	NA	NA	NA	NA	NA	NA	NA	NA	NA	86.97021394	114.986698	64.18246493	44.40250459	241.9270872	209.6596749	86.35937452	114.2110355	64.21995396	44.56893452	242.0875059	207.1349742
IL678a	IL678a	8.973674088	62.20461915	51.759635	164.5686146	128.2790171	35.82202704	-0.004713912	36.19294068	133.1342661	32.09510233	12.6380349	69.34070947	2.306965465	78.6524422	49.51142342	43.44919316	37.24183091	103.6557848	135.3450378	0.083699819	8.543315777	66.09284952	1.974622279	69.11215907	1.96493788	-3.161826405	31.38635283	0.867332834	7.824977008	15.39971781	3.650377502	0.875512262	0.94847601	114.0695911	10.85372604	144.9040691	107.2181527	40.33076608	32.14756982	1.671628266	-0.182210776	5.706251524	14.57830537	7.24713122	3.145784428	0.862353267	0.948305202	72.90645553	9.678032864	0.904439705	50.72025677	64.59173486	1.98878118	66.14451539	1.998589672	0.120635944	37.8333768	13.39306397	31.69370063	19.55608461	3.353425125	3.427341808	6.902543043	12.52225611	924748	613673.6667	340679.3333	4120281.667	2351071	41592	1169035.667	4119.666667	1303470	83088.66667	1083575.333	38254.33333	2245068	289917.3333	857468.3333	629251	391087	263808.6667	276454	312992.3333	466005.3333	172261.6667	939038	252437.3333	125.6004316	139.7441884	67.39170594	53.80252516	384.9130279	217.512939	125.9202326	138.9683826	67.35256671	53.96895554	384.6494519	217.5127801
IL689a	IL689a	9.406475695	53.64836439	24.59507993	118.4038805	88.5070372	29.95592234	1.611606205	54.99346972	105.6100302	30.55640042	12.00750573	72.82123249	3.535579697	64.86079502	75.06225218	56.63317792	26.01408125	93.71640043	121.7661847	1.054870774	11.29347925	56.02680508	-0.016918492	56.79314553	-0.01942578	-0.799601182	28.62865012	0.827747057	7.221804467	13.79831481	3.555145599	0.800061962	0.943187504	108.7155555	15.11737485	101.2296301	71.76961134	14.02924861	56.97369403	1.509427823	0.770052318	4.591567643	11.50889954	8.263742129	3.164662292	0.811431783	0.916384314	72.27588864	21.10203221	0.866280637	80.81217196	57.76957708	-0.011218528	58.37434054	-0.001409006	2.87969874	29.64957388	13.88209702	33.47977591	19.67648547	3.873721138	3.596240893	5.776256062	12.31443047	138045.6667	300856	91416.66667	2348880	3862715.333	9973.333333	7579.666667	6648	3533900	131069.3333	433311	26289.66667	1718763	256240.6667	1894402.333	318385	770732.3333	122432	66808.33333	42880	271749	245696.6667	461998.6667	71843.33333	83.57104141	NA	66.78131957	NA	249.0785585	NA	81.78420126	NA	66.75902892	NA	245.4089444	NA
IL692c	IL692c	9.617423064	56.13364469	60.23097024	172.7828635	134.6445119	38.39560233	0.865486478	59.1014928	125.4787011	37.88782815	13.61337709	73.50184831	0.590426849	79.61077937	56.73691772	53.21582225	42.78983779	110.4253149	150.3969237	0.449196497	7.322387933	61.61715756	1.983082	62.15032053	1.984068986	-0.746779958	39.95724853	0.905838015	7.480111105	12.28705077	3.753254159	0.82025127	0.940372149	94.5455702	21.88425599	159.4764935	118.8681619	36.19541439	53.79388619	1.453869246	1.051618451	13.78323473	11.8870164	11.61415017	3.731655502	0.828333061	0.941955045	72.97340962	18.92473472	0.853641032	67.94812642	59.11619424	0.655447979	62.25413666	1.665259954	2.655365903	40.89639345	16.46109054	29.51960571	12.93075402	5.131893353	4.871722052	7.322976015	17.60958288	NA	NA	NA	NA	NA	NA	NA	NA	NA	NA	NA	NA	NA	NA	NA	NA	NA	NA	NA	NA	NA	NA	NA	NA	94.939364	96.57669375	68.03260854	47.60254002	272.7546679	183.3103155	94.06780441	95.80096518	68.09479642	47.76897772	269.4256241	180.7856471
IL696a	IL696a	7.973674088	60.20461915	46.259635	171.0686146	130.2790171	40.32202704	0.995286088	31.19294068	148.1342661	27.59510233	11.1380349	61.69070947	0.599838819	61.86078058	58.34479844	40.34556684	24.37900707	88.29425588	123.0696904	0.222168017	7.43063835	64.47177535	1.983081669	64.88835086	-0.016101966	-0.459024421	34.44704312	0.93350509	4.208188726	13.80134528	2.814231395	0.861382797	0.949385928	78.68236794	10.72614099	136.6007769	94.67909135	25.51162389	46.85475592	1.509428445	0.136975291	4.512181777	13.89063332	3.863416076	2.95885213	0.85312012	0.931203573	66.90686997	22.21168451	0.909493519	80.95002999	59.5398649	1.322114641	62.77119546	0.331923781	0.428883275	41.24318805	7.165400552	24.51967309	17.86420329	4.999157064	5.224833032	11.94499795	21.30218164	36031	28314	48412	567991	982233	83909	50	9958	1199895	10493	47135	18100	68193	410428	1333217	8544	23218	594808	1285	99617	63549	29766	462730	1231	92.40528431	183.7533847	68.21574399	39.70506268	290.3263595	306.9317269	91.74128607	182.2018807	68.10501505	40.03793982	286.3969992	301.8822578
IL699e	IL699e	9.50174283	61.76265805	53.1691684	184.2744664	149.1280996	34.42276092	0.337555462	56.71463887	76.85435959	26.98482059	14.49234161	73.37669422	NA	NA	2.200449369	NA	NA	67.5294517	92.24009665	0.081723988	2.348302444	NA	NA	NA	NA	NA	24.50875514	NA	NA	NA	NA	NA	NA	NA	NA	89.76124577	75.33672969	15.49786122	63.60790708	0.981651746	1.569185622	2.671355912	7.634504166	10.93008019	2.445134953	0.79469297	0.92237901	52.34964841	11.20757131	0.891374316	64.11976219	77.54427541	-0.004500103	74.35008026	-0.004509756	0.799065878	13.86952362	15.90608672	33.13624019	17.50004513	4.058584867	3.746046657	6.705131081	14.95589899	98401	42169.33333	145732	667168	1723740	31748.33333	3332	4730.333333	3318450.333	155237	179306	10509.66667	1086312.667	250147	671251.6667	198457.6667	41169.33333	195803	25275	74991.33333	93816	25971.33333	126259.3333	48713.33333	83.25671129	NA	61.73257153	NA	217.0449889	NA	83.65334527	NA	61.74160045	NA	221.0267321	NA
IL7	IL7	9.817344123	62.82346511	66.57275153	191.5759323	154.2937512	37.58231748	1.091181167	53.10575522	103.474118	27.63948551	12.09549119	76.40250229	4.083071198	79.11076806	52.62196908	43.6333024	26.97983341	87.28246197	118.7928326	0.122315024	11.11896694	58.85751186	-0.016918239	58.69082646	-0.021416834	0.193958014	31.63014051	0.938104422	6.90308693	13.8509044	3.412774783	0.828887895	0.957408729	84.62971429	13.79968798	114.4441245	83.88291507	24.84291089	44.89846953	1.592761573	0.303918309	13.25395981	13.10549541	6.076875815	3.365352811	0.844043761	0.947917021	76.90884903	11.82461696	0.968152242	85.33312305	57.09850812	0.655448155	57.02397639	-0.001405817	0.945069551	30.23230972	15.8134369	34.15313696	18.89187721	3.991570943	4.352770256	10.84279525	19.32777984	NA	NA	NA	NA	NA	NA	NA	NA	NA	NA	NA	NA	NA	NA	NA	NA	NA	NA	NA	NA	NA	NA	NA	NA	60.92836225	120.7733961	65.91091616	44.00506903	179.7689244	216.4795813	61.99457145	119.2219868	65.77293958	44.33794916	183.045773	211.4302421
IL701e	IL701e	NA	NA	NA	NA	NA	NA	NA	NA	NA	NA	NA	NA	NA	NA	24.13122213	57.57750779	46.28882038	124.6406767	159.3572224	1.285442981	12.07002457	60.74358534	0.983081696	60.29451989	0.983713385	0.254237464	34.86191413	0.946326159	9.06430492	15.17955347	3.725991541	0.875967415	0.965080966	80.05197186	16.14348698	142.0942016	111.7956549	41.2799701	59.41033896	2.092762687	0.505622905	12.19999923	14.12123883	9.586946762	3.287352961	0.815776597	0.942116671	75.14817891	10.98883711	0.971049803	59.7979522	58.6911811	0.655448062	58.7950612	0.665265413	1.677207871	30.63344341	15.78413636	30.94052792	14.43091663	4.135851153	4.337119279	7.415285075	15.82318577	NA	NA	NA	NA	NA	NA	NA	NA	NA	NA	NA	NA	NA	NA	NA	NA	NA	NA	NA	NA	NA	NA	NA	NA	NA	NA	NA	NA	NA	NA	NA	NA	NA	NA	NA	NA
IL707a	IL707a	4.617423064	62.63364469	32.23097024	128.2828635	94.64451194	33.89560233	1.365486478	37.1014928	120.4787011	23.38782815	13.11337709	35.10184831	3.19150215	86.11076901	24.6968159	34.26265968	29.85824618	93.7347603	117.8844512	1.287766148	8.136779221	64.09107607	1.316415025	62.39677289	1.320025246	1.555784133	23.81988121	0.845003199	8.394790197	14.99065632	2.635584728	0.847234093	0.920536314	50.72809077	12.74851177	134.7570384	95.33277392	42.05283907	47.66290566	2.176095092	0.706592534	8.458294025	15.34705218	7.328170348	2.353839195	0.801474805	0.842208566	41.75372941	14.0715298	0.966303021	58.79528378	63.35124288	-0.011218691	62.56983633	1.331930111	1.057978315	39.41312495	13.81000647	32.56505493	19.2372183	2.941030398	3.135207948	7.416498918	12.28751322	NA	NA	NA	NA	NA	NA	NA	NA	NA	NA	NA	NA	NA	NA	NA	NA	NA	NA	NA	NA	NA	NA	NA	NA	111.0187588	109.430008	56.32924423	38.40002281	255.3814729	177.6461154	111.6787221	109.4300784	56.36896992	38.40000231	255.2974075	177.6461309
IL713a	IL713a	7.981644733	66.00792941	37.3676913	133.8371334	107.1495423	25.99556458	2.947682968	39.03685761	116.2227909	28.59777683	14.05553663	61.39682989	7.545147909	74.36077218	76.77022984	42.71707106	42.25583947	119.2808974	149.6024148	0.619125938	19.00909704	66.91094444	1.983081771	68.40557452	1.980053401	-1.479403829	30.88768747	0.892582608	8.065942371	13.0587143	3.227873319	0.840679852	0.948086226	90.01687514	11.4220945	124.587396	94.58372974	29.40180884	48.35831434	1.759424898	1.045302075	16.01267654	11.59110684	7.441916733	2.738411268	0.821177016	0.924425752	72.3465296	9.241583111	0.890347672	65.22721514	62.9177629	1.988781235	67.27861093	1.998592504	2.904939917	30.18117137	19.99072903	34.15603722	13.31737485	4.084102732	3.931918452	5.773060191	13.73694831	659579.5	329178.5	69445.5	423022	459845	14702	14210.5	1785	137426	37347	822485	32623.5	1634352.5	664368.5	146234	543396	164466.5	80776.5	105692.5	110394.5	244368.5	10135	31322	90042.5	91.35886063	99.73669889	71.62277471	45.85253677	201.7632074	185.386682	92.07338293	98.96102232	71.62031991	46.01897859	203.8602414	182.8620463
IL729a	IL729a	7.088900786	65.07489567	43.29930941	172.4673925	131.2836906	41.38239298	1.926788187	52.2350256	130.9859384	37.21958816	13.21117212	54.41253913	1.572657869	85.23578294	51.13857238	63.05003683	33.30763534	108.8765303	143.2922774	0.511078407	14.67261353	66.64562924	1.649748161	67.15089455	0.643074703	-0.483910887	34.42338246	0.879591693	9.077665406	13.46154216	2.975778745	0.831273508	0.922499308	84.60476063	11.82645294	121.0053135	86.38440084	39.58114157	36.50547435	2.046631325	0.478127673	10.681607	14.66770905	10.39950962	2.792214843	0.821362919	0.907775843	72.91943148	16.86168067	0.900440778	46.87037321	67.92345249	1.655448012	64.64090438	0.331924696	2.208894426	34.56126909	12.05364903	29.67155729	17.31791438	4.201198884	4.507006249	9.359047446	16.87226496	NA	NA	NA	NA	NA	NA	NA	NA	NA	NA	NA	NA	NA	NA	NA	NA	NA	NA	NA	NA	NA	NA	NA	NA	123.3734251	204.000005	68.58726243	38.39995339	393.407398	331.1688229	122.9051266	204.0000619	68.50155004	38.39996801	391.6942472	331.1686737
IL731a	IL731a	11.33789576	60.07890387	48.39635606	165.6228845	127.7840474	37.4219893	0.577482578	52.12830549	142.3783559	38.30505101	14.58019443	88.03569105	0.435708842	80.98577965	44.98063358	53.71685693	26.68378464	92.55415093	125.6059724	0.188234459	6.257877789	65.43445606	1.983081832	65.61342326	-0.021195119	-0.151782321	33.27847309	0.94983531	6.914386394	14.40757312	3.756952829	0.831101768	0.949464286	90.75011032	15.91214865	116.3439376	84.98916718	20.89222415	53.70007872	1.259427141	-0.172156246	7.206218931	11.4279711	6.71244526	2.970920523	0.825957699	0.929106408	75.90201258	16.80287853	0.942920254	60.27954582	64.01236579	1.98878154	64.82949609	-0.001407228	1.219009323	31.68506195	3.409245211	24.09214019	22.4448966	5.631771128	5.921250788	16.70590581	28.54019642	31680	580798	291460	1520476	1641487	202775	1504442	5274	1348897	24922	1416518	18440	1865225	895206	1537551	869960	425358	669622	318642	388160	570816	233561	1205063	106496	93.86069951	91.97669144	73.53911935	59.20253704	349.5561448	241.6655307	93.94696179	91.20088357	73.65233978	59.36900396	349.3962184	239.1407734
IL733a	IL733a	6.50174283	65.26265805	45.1691684	169.7744664	129.6280996	39.92276092	1.337555462	53.71463887	147.3543596	36.98482059	14.49234161	50.32669422	1.31841303	57.36077506	58.56205725	63.13305202	32.54750146	109.8537734	144.2066459	0.015382415	11.14229596	67.2207507	1.983081935	65.97656345	1.981849623	1.215738065	34.42409785	0.888115701	6.440188469	14.62537674	3.588818765	0.836273357	0.938666412	71.67155025	18.70778512	147.8472016	108.2978438	31.1024012	50.92190155	1.796637877	-0.079077259	11.14427925	13.67049057	7.425592226	3.339125527	0.809870376	0.9256272	93.10519918	18.29451974	0.917819004	82.36550102	65.4367219	1.988781323	65.73461408	1.998595546	0.19322221	39.45933364	9.799152079	24.01208997	14.66911281	5.400414184	5.653012564	9.72595473	22.19415158	14027	35230.33333	48538.66667	183125.6667	862081	112273	74912.33333	3564.666667	664259	11292	262409	8259	672902	131995.3333	402576	182622.3333	430130	61802.33333	47825.66667	52134	154159.3333	17624	248719.3333	30750.33333	94.08113402	132.6916953	70.07562412	61.45249879	314.5133053	330.5562712	94.71848765	131.915986	70.03759521	61.61893265	317.7495294	328.0316599
IL744a	IL744a	9.00174283	62.76265805	44.1691684	142.7744664	114.1280996	27.92276092	0.837555462	45.21463887	139.3543596	37.98482059	13.49234161	69.52669422	0.301645464	62.97155221	61.24120537	48.80032836	28.6630735	92.20505893	121.1995346	0.112369571	10.53024751	67.24415398	1.983081595	67.90966439	-0.02205628	-0.782279247	28.89767513	0.938990544	6.344663772	12.55465885	3.532488814	0.846282389	0.951115121	93.60965958	17.15684554	115.7023963	89.53316398	36.33299792	48.0087671	1.176096667	-0.069640982	12.23191544	11.03982246	4.980812488	2.849878878	0.852920158	0.941413191	71.01059192	11.99879478	0.943967496	73.31959602	70.88775227	1.988781529	72.41534102	0.331928236	0.06191928	26.08719636	6.148926883	22.57152372	17.14760234	6.118835753	6.308730721	16.27593495	28.85615479	23619	18124	30207	535613	2180555	13219	176	3462	3831483	19040	614564	16611	1085709	394650	1111359	226761	302186	63915	57022	98849	208299	83587	699548	5583	85.35556629	111.4399921	74.63975829	65.49998764	334.4833019	323.0144784	84.88759665	111.4398846	74.61768122	65.49997126	332.7900968	323.0143195
IL747b	IL747b	8.837895756	55.57890387	23.89635606	127.6228845	91.28404739	36.4219893	1.577482578	51.62830549	116.8783559	31.80505101	15.08019443	68.78569105	0.453641659	50.11077997	60.61644481	52.38354772	30.87150902	96.80013749	127.0564198	0.474276712	11.50353347	56.95241462	-0.016918161	57.28669649	-0.01807809	-0.442863681	30.36189184	0.924730285	4.521371417	12.35638948	3.234496393	0.83307027	0.95051478	80.1826587	18.17767706	111.4508381	76.79860939	16.43788374	51.86469759	1.592762982	0.505605742	9.512600124	12.27933017	6.799258859	3.078407075	0.824067026	0.941865836	80.4278182	11.26498098	0.939276755	70.67607802	57.35110807	-0.011218679	57.26091059	-0.001408039	0.598861959	34.54023807	8.241065836	24.24667044	16.81197808	5.588491632	5.936966155	12.39078155	23.04072671	78157.33333	60407.66667	49277.66667	774276	2459500.333	28001.33333	481.6666667	6760.666667	2401132	13812	747402.3333	18956.66667	133214.6667	243168.3333	674393.6667	48584.33333	477633.6667	881522.3333	96469.66667	222549	448540.6667	49210.33333	771348.3333	5736	84.08043768	118.6266914	68.48911935	57.45253704	286.3711466	296.8703465	83.46714445	117.8508836	68.60233978	57.61900396	282.7336523	294.3455892
IL751a	IL751a	7.00174283	61.26265805	21.6691684	176.7744664	135.6280996	40.42276092	3.837555462	44.71463887	166.8543596	30.98482059	12.99234161	54.17669422	7.721061035	175.4857876	52.250197	51.13297516	18.06727494	114.2741283	153.1242679	2.46166464	9.775409556	62.11335264	-0.016918248	64.38534875	-0.020737511	-2.437535128	38.42159283	0.93349087	17.92052128	16.87172298	2.822990252	0.845482675	0.932283685	45.40560547	16.02936979	148.4742039	111.2015805	17.27735092	58.09897539	1.37053999	2.766076353	6.566005768	14.74646693	16.3134166	2.532450853	0.814380681	0.898546495	38.17612166	14.59535014	0.968617266	56.19576485	61.39304728	0.655448245	63.58782155	0.665262737	3.105864637	37.19253484	9.677436758	19.71617199	11.19689796	5.719774753	5.950039331	13.06736221	25.10037124	323579.3333	20415.33333	138905.6667	266056.6667	1758252.333	10876.33333	2589.666667	11032.33333	2318636.667	17081.33333	795888	14910	85532.66667	199704	429446.3333	22806.33333	62854.66667	216911.3333	83060.33333	114034.3333	173632.3333	30826	340690	3666.666667	89.59059926	201.2533818	69.63375085	41.70513811	247.3572364	348.5048362	89.59338925	199.701707	69.7261965	42.03801321	247.6675904	343.455161
IL755a	IL755a	NA	NA	NA	NA	NA	NA	NA	NA	NA	NA	NA	NA	NA	NA	66.33620206	61.13300419	42.84465488	121.030382	160.337873	1.170098171	5.253870818	62.53014183	1.316414994	62.06699865	1.979618703	0.509231765	39.01005106	0.904156783	5.205231546	12.60658708	3.909239767	0.863325214	0.966539258	95.07430135	7.889685665	149.0961792	109.6040415	36.67216664	50.5951319	1.592762064	1.343559808	4.950762716	12.16042862	7.454753994	3.426838522	0.842192506	0.945720802	62.31818095	13.67829667	0.927725514	49.9113886	65.99674013	0.655448054	68.60371898	1.665259612	1.707809562	39.51224163	NA	NA	NA	NA	NA	NA	NA	NA	NA	NA	NA	NA	NA	NA	NA	NA	NA	NA	NA	NA	NA	NA	NA	NA	NA	NA	NA	NA	NA	NA	NA	81.10791201	89.44998984	72.63875434	59.40255405	295.2711041	211.966813	81.0189812	89.44973161	72.70785245	59.56904388	294.1428873	211.9664753
IL757b	IL757b	8.145491806	66.19168358	29.64050364	137.4887154	99.99359444	36.99633621	2.707755852	23.62319098	155.9714638	33.55606815	16.01558206	62.13783306	4.879840478	101.9857795	68.78850441	26.21742124	45.705297	112.2051643	143.4097789	1.029481083	10.83854479	63.3989226	1.98308179	65.49663055	1.979647464	-2.121224993	30.67054024	0.889222255	6.478573141	15.16424679	3.529523569	0.839645533	0.945809495	88.34329053	13.19861561	137.3324889	104.4231456	29.42389235	38.19652251	2.092758878	1.89194916	11.54685826	13.29972618	8.826252057	2.938781943	0.809524859	0.921263608	66.88410612	13.2628208	0.853469566	73.692873	65.72090668	1.322114766	66.9827294	1.998591623	3.080606702	32.87802709	9.439566834	25.26733381	17.31450339	5.429470457	5.035392375	9.199372241	20.02159893	NA	NA	NA	NA	NA	NA	NA	NA	NA	NA	NA	NA	NA	NA	NA	NA	NA	NA	NA	NA	NA	NA	NA	NA	105.3826036	115.0766953	74.24920293	58.70254109	408.2067605	282.9099889	105.4280508	114.3009652	74.34902382	58.86898418	409.5267526	280.385333
IL761a	IL761a	4.088900786	60.33434264	17.29930941	132.4673925	88.28369058	43.38239298	1.926788187	57.2350256	NA	NA	NA	15.54070947	4.419849378	71.18221349	56.89404903	53.79955566	26.18790239	99.45213311	136.882637	1.08507294	4.517052776	66.17524811	1.983081484	64.60517496	-0.023812507	1.510842084	37.13692669	0.92970077	4.469957001	12.5828674	3.615127548	0.841833086	0.940048501	91.27494923	15.19897693	131.6586016	78.22963624	63.82271472	53.50833393	1.92609603	3.172302679	7.190196165	13.98074967	6.42026495	3.407604985	0.807611986	0.91940974	63.70498305	22.03180143	0.951584112	19.42150518	61.2041604	0.655447953	64.76955291	-0.001405816	1.176185783	53.43589536	16.91674681	34.74644438	17.66619596	4.454768667	4.257597791	7.729936381	16.09294934	177987.5	99123	112779	3872539.5	3492374	52816.5	154198	1820443.5	10385494	145734	59628	122180	75600.5	2618828	5370451.5	53145	22367.5	80914.5	25829	28176	114700.5	119611	731017	6718.5	NA	NA	NA	NA	NA	NA	NA	NA	NA	NA	NA	NA
IL764b	IL764b	2.50174283	59.26265805	42.6691684	140.7744664	108.1280996	32.42276092	2.337555462	46.71463887	131.3543596	29.48482059	13.49234161	19.57669422	0.503454677	61.40244218	35.93424134	53.38320127	40.70924004	105.7324462	138.5884927	0.596763939	12.12477874	63.90093514	1.983081779	65.11878118	1.310562476	-1.160980235	32.71164577	0.94184762	6.190890262	14.04505077	3.195000543	0.849158417	0.950700304	73.68230159	10.07019595	121.9560145	92.12939066	30.51197445	67.48291496	2.176094465	1.010098804	16.02622945	12.39448233	6.341132932	2.872780893	0.81820338	0.926381493	65.6644816	15.29370675	0.913709246	51.62981614	66.02709115	1.988781458	66.59031224	1.665256793	1.577390437	29.68656908	5.354149032	24.28656742	19.49528559	5.835350783	6.081140959	16.70266103	28.55867129	127232	127424	47865	160849	1024953	10231	783	256	161813	15790	426939	17772	1118751	673026	113346	258936	353768	36256	91061	42873	118311	10213	57474	26164	109.8461436	134.0799921	71.7967057	50.09998764	386.9171954	268.6973804	109.1374543	134.0798846	71.82168647	50.09997126	385.9695094	268.6972215
IL765a	IL765a	9.645491806	63.1923937	44.16263107	177.0983346	143.0053333	34.40881169	0.707755852	36.96796	93.97146377	33.55606815	14.01558206	73.68783306	1.415228223	48.22156651	72.05837143	51.38336103	36.68992833	114.084138	159.3004363	0.05404923	7.836313943	64.85768589	1.983081808	64.66245087	1.986133752	0.196496346	45.63406082	0.919999885	4.979604858	9.031235027	3.87069723	0.840217983	0.956581861	103.6634522	19.19317891	151.8618363	107.5032378	32.97300196	46.98313732	1.259433463	0.35892593	6.195505407	8.834835214	5.978863202	3.302853549	0.817265001	0.939515754	91.65454386	13.87972436	0.886306172	70.92689264	66.22583655	1.322114636	65.55315828	1.998590911	0.588932021	43.82730994	7.524280313	26.9887132	20.0932007	6.261680712	6.041596913	13.75170319	25.06197005	14195	242678.5	106730	3482614	7187002.5	414491.5	412910	23559	14295632	293599	142920.5	131564	7573206	83463	192624	1748429.5	138330.5	60368	22845	32587	73909.5	226040	1609948	233493.5	78.039364	84.51000281	73.79754918	55.20001735	295.6592811	188.6384017	77.16780441	84.5100497	73.88947447	55.20001562	292.3302373	188.638534
IL766a	IL766a	4.542254027	64.77407967	29.95835887	153.8496106	117.0020069	36.85596009	0.029409714	36.05810492	131.8659404	31.84645175	13.06534619	34.97625091	4.562706521	120.8607849	42.8249638	42.54964692	23.25226226	102.6513273	140.7942851	0.010972933	6.731203094	67.1429361	1.983081674	67.65035242	-0.023015237	-0.490814237	37.95057243	0.876790515	9.17130779	14.63193301	3.162472263	0.811490233	0.949520518	73.34196787	16.96386566	142.3734225	108.6831866	21.48974138	43.35679765	1.259429479	0.012250147	10.83861586	13.58502353	6.499960601	2.970156916	0.840349892	0.940749535	55.93027419	13.71552685	0.932337156	84.71885001	65.73378182	1.988781496	66.45125588	-0.001404902	0.681040829	34.18042293	7.566856861	24.99273154	18.1000745	5.40122694	6.076272034	16.11404082	27.524271	NA	NA	NA	NA	NA	NA	NA	NA	NA	NA	NA	NA	NA	NA	NA	NA	NA	NA	NA	NA	NA	NA	NA	NA	109.434502	225.6566949	68.12746517	37.60250804	343.3947929	364.3927932	109.8521529	224.8809713	68.10083421	37.76895391	344.2393217	361.8679841
IL767b	IL767b	6.50174283	62.76265805	29.1691684	135.2744664	92.62809956	41.92276092	1.337555462	35.71463887	133.8543596	36.48482059	14.99234161	50.32669422	0.900271703	52.11076934	53.55161528	40.71619559	30.20116298	87.58036284	132.0473325	0.493093785	8.926805652	65.31922745	1.983081999	63.36489638	1.985436729	1.874268487	45.04872548	0.912964037	8.496022383	13.98959361	3.503598299	0.865257885	0.953776244	77.88168104	19.62142316	137.2713101	98.4002139	28.68615239	50.41773115	1.592760953	0.173093061	11.79891515	13.48660783	7.55186965	3.501479679	0.859420886	0.953087735	75.96714476	12.40371509	0.96380257	81.22345368	62.94389325	1.98878148	62.56372335	1.998595653	1.018886732	39.01353489	8.186257796	19.3470852	10.7533785	7.681782093	7.425138088	15.70313526	32.26128258	22741	7726	11541	36587	370066	28994.5	40517.5	914.5	127642.5	4054.5	112239	2051.5	316993.5	58449	116522	56023.5	111514	42375.5	10982.5	16205	48682.5	5739.5	65053.5	2427	75.08641976	97.46000177	71.83747565	58.09991993	270.0569721	238.2404009	76.63306807	97.46009948	71.69484302	58.09990497	275.9864702	238.2405579
IL772a	IL772a	8.145945343	59.1923937	44.16263107	141.0983346	106.0053333	34.40881169	1.804184769	55.96796	101.9714638	42.55606815	19.01558206	61.7911575	3.585884159	45.98578401	60.6517656	55.29975559	36.91894724	98.89631652	133.5951338	0.715520113	8.631570506	62.82698205	1.983081358	62.67837819	1.980032644	0.180444173	35.35170467	0.940511719	6.576294597	11.186283	4.066767194	0.825342987	0.933434156	123.9599947	27.27743715	126.4966364	90.80341954	29.26299927	54.37681623	1.342759833	1.39204022	3.998858847	9.944199483	6.522231821	3.362238248	0.831208245	0.919906209	81.05038695	18.83629675	0.940396753	56.37920388	64.58964956	1.988781244	67.6233987	1.998594485	2.783758681	36.21477967	11.59829117	26.10031807	14.49542699	5.79533518	6.449086033	13.47726922	24.32398881	NA	NA	NA	NA	NA	NA	NA	NA	NA	NA	NA	NA	NA	NA	NA	NA	NA	NA	NA	NA	NA	NA	NA	NA	83.21090227	159.3417	72.98261398	46.80250769	306.4462134	299.8868349	83.53033075	158.5659856	73.13815842	46.96894328	305.3037267	297.3621488
IL773a	IL773a	6.617423064	64.63364469	39.73097024	146.7828635	120.6445119	26.39560233	-0.134513522	37.6014928	109.9859384	25.21958816	14.21117212	50.45184831	0.105637855	45.00000773	56.27534933	49.21703709	24.38617091	96.90104585	127.3265952	0.024021626	9.822998356	69.52030241	1.983082032	67.29978892	1.983756012	2.19977749	24.95675998	0.937689898	4.915977159	12.12819814	3.350999518	0.831665043	0.92555211	77.072265	15.62973923	117.0926052	91.64793587	20.39235626	49.35671149	1.592761548	-0.057463139	13.69262939	11.64446893	5.111557796	3.09099112	0.806064258	0.915578086	58.04928092	13.41956174	0.950745439	50.92837563	62.21535921	1.988781555	63.59656635	1.998593024	0.460438711	25.83881522	11.10261571	19.96406619	8.784126968	6.372471181	5.860171122	4.515931704	17.73126433	124457	35844.33333	141084.3333	471172.6667	3214481.667	57165	262744	580705	2580767.667	74430.66667	226135	26317	2781854	754324	2784119.333	546037.3333	115267.3333	468628.6667	35480.33333	142206	137700	119827	732663	98023	94.65935901	NA	71.53463326	NA	332.0073595	NA	95.02219442	NA	71.66770023	NA	334.1043935	NA
IL776a	IL776a	NA	54.07890387	35.57275153	156.5759323	122.2937512	34.58231748	NA	NA	NA	NA	NA	-0.414308948	NA	NA	17.5899775	41.41160227	36.4383587	92.42007581	129.0701726	2.024885505	8.964250893	68.23613555	1.983081436	68.40722624	-0.022542157	-0.134734785	36.1978721	0.964589102	9.275381298	14.45423437	3.411072576	0.824043383	0.945895617	94.35695788	15.98500611	135.7722859	95.81826985	43.24155349	47.77455959	1.25942682	2.625411255	9.664324638	12.64236375	7.552075793	3.159291541	0.830808092	0.932226366	95.58618314	14.77451155	0.986037391	62.53195863	66.81538758	1.988781514	68.31998146	-0.001404014	1.483067224	39.96026245	8.491627449	22.40662457	14.22889656	7.012162991	6.606336725	11.69573272	25.03351492	20310	87223	130416	1944232	3274527	54689	797793	1877636	1450389	135833	390617	35719	3029067	139620	632621	415132	875583	129473	74418	64652	198266	41857	604766	73569	103.9130458	120.6533919	71.13598373	52.40499257	356.2823021	256.312831	103.8919393	119.1018927	71.40734691	52.73788425	354.0813942	251.2634433
IL777a	IL777a	4.981644733	66.50792941	35.3676913	166.3371334	117.6495423	48.99556458	0.947682968	45.53685761	145.7227909	33.09777683	13.05553663	38.39682989	3.09612458	125.4441051	6.615671702	46.63299664	26.53484232	103.3890545	146.7186221	3.38958861	14.80450391	63.96500632	1.316414985	63.98684302	0.642477462	-0.116941011	43.28922881	0.887285595	10.03557776	15.54685067	2.985333308	0.813443247	0.906269409	51.16267786	21.77613927	69.90285855	27.93307078	0.157866101	52.42878549	1.398314523	1.981769307	6.129135598	13.72797151	6.31147128	2.908816171	0.788423192	0.859769946	74.37092431	19.99811814	0.953912993	55.38908863	64.04180232	-0.01121837	64.94696334	-0.001407322	0.704784143	42.35487977	9.126241744	25.99251046	18.73489037	6.49416121	6.378578761	19.45659328	32.43096145	153164	222025.3333	138150	1463687	1832726.333	31954.33333	602390.6667	662317	1145492.667	17751	298460.3333	11062	105924.6667	134609	650259	27254	353134	137568	43832	58944.33333	194322.6667	61188	645087.6667	4420	81.43120488	133.8516974	70.66676646	47.30250496	276.3605182	255.1785408	80.98487188	133.0759712	70.84841069	47.46894994	273.5955423	252.653913
IL778c	IL778c	NA	NA	NA	NA	NA	NA	NA	NA	NA	NA	NA	0.039962689	NA	NA	40.3670759	52.53258985	26.12502806	99.18557332	134.2437936	0.546625107	10.34364521	68.65213441	1.983081719	68.1879621	0.309140218	0.50699746	34.71807986	0.931309308	9.489817142	15.83850177	3.330682421	0.848043381	0.931835683	54.25241231	20.36533039	143.8735824	109.7591455	33.59547704	53.43544031	1.842756255	0.431658356	13.26962572	14.4111846	7.663877389	3.064340155	0.817840494	0.919882909	50.31508921	17.8228178	0.944338245	81.00498987	67.54494052	1.988781224	70.80393965	-0.001408392	1.319365616	34.0785772	4.985460318	23.82257501	21.11610418	5.105533711	5.503984081	16.41118661	27.18610038	14728	33868	72929.5	164634	519990.5	17156.5	249942	165991.5	473307	23075.5	485950.5	17651	874161	80983	247351.5	230557.5	774155	89350	94730.5	106252.5	344321	41367.5	254808	15106	NA	NA	NA	NA	NA	NA	NA	NA	NA	NA	NA	NA
IL778d	IL778d	7.145491806	63.19168358	31.14050364	153.4887154	113.9935944	38.99633621	0.707755852	38.12319098	121.6987946	30.77754641	13.4676838	54.43783306	0.047364393	83.56910376	13.95524968	43.57463965	34.90740607	107.6103391	145.0111823	2.114542615	13.94831526	68.1968085	1.98308166	66.06699865	-0.020381297	2.175898432	37.1009254	0.95340431	10.16074316	13.33887992	3.202690199	0.819866083	0.941108318	78.26957022	15.36690846	148.3002724	109.9330426	26.38141309	47.48743337	1.421632745	1.13585328	10.50069867	11.17365861	7.424189115	2.653307325	0.850267759	0.940618391	59.14217428	12.89106571	0.943796149	28.16408936	68.89017583	0.995499784	70.98426245	0.002398409	1.053274588	38.69628798	NA	NA	NA	NA	NA	NA	NA	NA	NA	NA	NA	NA	NA	NA	NA	NA	NA	NA	NA	NA	NA	NA	NA	NA	NA	NA	NA	NA	NA	NA	NA	125.7828808	118.113391	68.50345582	57.80505579	397.485823	284.5319238	125.7361723	116.5620092	68.6036639	58.13790104	398.4607844	279.4826716
IL779a	IL779a	NA	NA	NA	NA	NA	NA	NA	NA	NA	NA	NA	NA	NA	NA	43.68703788	42.5493342	30.75133743	95.74591932	128.7957403	0.986389664	9.833944199	67.16873091	0.649748382	64.33536422	-0.023785975	2.856741383	32.65690315	0.937178388	7.63854414	15.59976443	3.793763127	0.814980918	0.939078077	83.11218409	24.49299657	137.5307142	97.13448971	27.35234148	49.42326989	1.731653538	0.608214539	13.57674511	13.80259594	10.13527489	3.340186509	0.791207747	0.918024674	58.59261855	13.16369945	0.902746154	35.16320458	64.8395583	-0.011218501	64.70544579	-0.001407055	0.33852623	40.30099839	10.31505552	26.31004709	17.66891551	4.207240862	4.979023876	10.57416136	20.26936793	NA	NA	NA	NA	NA	NA	NA	NA	NA	NA	NA	NA	NA	NA	NA	NA	NA	NA	NA	NA	NA	NA	NA	NA	NA	NA	NA	NA	NA	NA	NA	NA	NA	NA	NA	NA
IL788a	IL788a	11.47367409	56.70461915	31.259635	160.0686146	126.2790171	33.32202704	2.495286088	40.19294068	135.6342661	40.59510233	12.6380349	88.59070947	3.765492283	87.36078821	69.47375747	42.29971709	37.46227264	117.257813	148.7999225	0.078854807	10.55554318	58.62570146	1.983081726	56.72076403	0.977090754	1.868304845	31.58464638	0.886363591	5.871562737	15.60824709	3.645980078	0.818593709	0.937229066	92.61342807	14.03983093	143.4076202	106.7281493	35.66477545	41.61461683	1.509425197	1.95454017	8.694646166	15.11081963	11.51217974	3.934727276	0.801628989	0.927573611	85.88780182	14.01196809	0.934357771	48.54508836	57.85515202	1.988781455	57.77156026	-0.001407234	3.940076292	36.36324617	17.86202762	35.09136062	17.85096383	3.65834482	4.055732042	9.098332338	15.38582334	291697.6667	178566	87414.33333	2407073.667	2122252	39117.66667	381475.6667	828256.6667	3502294.333	20726.33333	172287.6667	4517	128827	232489	1551730.333	50460.33333	287538.6667	46266.66667	15498.66667	40820	117382.6667	148779.3333	449740	9396.333333	60.86575437	126.3016935	74.17024909	60.00251943	235.0175831	318.0653478	60.95971795	125.5259717	74.09519148	60.16896349	236.0460228	315.5407011
IL789b	IL789b	9.117423064	68.63364469	46.73097024	143.2828635	111.6445119	31.89560233	-0.134513522	37.6014928	96.47870108	30.38782815	12.11337709	69.65184831	1.900271703	36.73576934	65.48476449	49.71606853	38.91206874	97.38028076	128.1654506	0.130097372	6.362105173	64.87169073	-0.0169184	64.57557464	-0.024416685	0.21834761	30.80496432	0.847697073	5.446210819	10.68739896	3.201945212	0.864842392	0.951934496	76.88871222	20.67837335	122.0937771	88.69984512	28.29376038	51.065254	1.342765413	0.483518974	3.950171166	9.853842189	4.074606917	2.788762032	0.861188561	0.940690648	63.67047403	16.00908778	0.897379583	84.70562683	63.00788473	-0.011218561	62.81738959	-0.001406493	0.756810338	33.30497313	12.05034865	19.95929961	8.45199768	6.666994345	6.871819786	9.462513566	27.04380829	NA	NA	NA	NA	NA	NA	NA	NA	NA	NA	NA	NA	NA	NA	NA	NA	NA	NA	NA	NA	NA	NA	NA	NA	94.35216885	174.1616963	69.49845606	41.60254274	309.1814493	299.0534694	95.33395065	173.3859795	69.53454415	41.76897107	310.8405207	296.5287425
IL793a	IL793a	8.617423064	61.63364469	49.23097024	159.7828635	125.1445119	34.89560233	0.365486478	53.1014928	119.4787011	35.88782815	12.61337709	65.80184831	0.178520112	46.61078436	58.946752	66.54927083	38.96104446	92.0554482	136.9726756	-0.02759123	12.6730699	65.46231659	1.316414943	66.97817248	0.652497697	-1.493317219	45.03847852	0.943542686	4.633317261	14.6915871	3.680500189	0.815171683	0.892917478	65.7653904	23.55720062	126.1431601	89.70149527	23.52874772	62.23833063	1.509424802	0.135283328	12.42208625	14.16335045	4.573699683	2.960051388	0.846926767	0.910103902	44.78113785	11.91741206	0.960161308	44.87120334	61.44952757	0.988781313	58.25413666	0.665259954	1.322504388	36.72972679	15.11368833	25.74596752	10.38891	5.129243018	5.577179481	8.028019725	18.73217761	14293	71838	159396.5	1094658.5	2465645	219911.5	42215.5	1631394	1248663.5	19360.5	246050	11554	166818	452810	3159324	104121	78058.5	44193.5	59825.5	77675.5	117939.5	49270.5	358693.5	3888.5	102.657469	126.8441932	72.20115058	46.5025336	369.2942828	237.6534772	103.4906868	126.0684692	72.28390931	46.66897392	372.043904	235.1287766
IL794a	IL794a	7.00174283	60.26265805	32.6691684	139.2744664	105.6280996	32.92276092	0.837555462	61.21463887	113.8543596	38.48482059	13.49234161	54.17669422	1.204598706	34.86078156	29.159216	52.95802114	12.03202898	77.44175393	109.2631543	1.307812851	10.35289284	70.50981804	2.004548918	63.43932172	0.980850102	7.104056216	31.76142325	0.856528157	3.644420703	11.8561824	3.878936291	0.789425462	0.926555918	92.40117746	16.25369642	91.33842234	65.04651559	15.1238883	70.89189563	1.453875427	0.555216495	23.21634395	10.3771002	6.291364267	3.883399523	0.79114228	0.917645638	85.78684373	29.44755298	0.881086479	56.52516848	57.20119229	0.322114862	59.35144315	0.998592144	0.62037075	26.41711948	13.74428101	27.62363251	13.78572846	4.882690071	5.106818041	10.27939928	20.09518371	187188.3333	126455.6667	55294.66667	1851598	4087202	488719.6667	73595.33333	509022	5729020.333	146466.6667	594024	38835	398860	845458.6667	4586013.667	201588.6667	80965.66667	74780.33333	133018.3333	145298	239430	133439.6667	432066	38561.33333	73.29023719	124.8933818	74.74044677	49.50513811	286.1366177	249.543049	72.50999938	123.341707	74.8652294	49.83801321	283.4396843	244.4933738
IL795a	IL795a	8.542254027	58.27407967	55.95835887	182.8496106	145.5020069	37.35596009	0.029409714	58.55810492	142.8659404	36.84645175	14.06534619	65.72625091	0.035818725	84.11077517	36.73107739	54.54957487	35.93769877	110.571944	145.6310172	0.657511395	7.871099146	64.31173128	1.98308178	64.37638359	-0.014875407	-0.122587429	35.5761713	0.969818144	7.359246422	13.73142075	3.456772964	0.824390993	0.954499143	94.36235224	14.63309083	160.1998273	121.0722149	39.42778141	53.68768227	1.592761271	0.012646589	12.26667936	12.66140585	6.196045511	3.379577436	0.836360887	0.9511746	72.82056832	9.138503104	0.963226654	93.96409395	59.77055876	1.988781303	60.32313625	-0.001404468	0.58877544	39.02243902	7.830847353	26.94597292	20.5701224	4.993282799	5.754380313	14.98607322	26.0968194	NA	NA	NA	NA	NA	NA	NA	NA	NA	NA	NA	NA	NA	NA	NA	NA	NA	NA	NA	NA	NA	NA	NA	NA	93.30023766	122.8816876	69.04302168	54.80258851	299.4769039	274.5768934	92.83859289	122.1057878	69.04138089	54.9690662	298.2311249	272.0519994
IL796a	IL796a	7.817344123	63.82346511	27.57275153	146.5759323	114.2937512	32.58231748	0.091181167	48.10575522	159.474118	36.63948551	12.09549119	61.00250229	2.223632131	99.73577553	42.3187838	48.21740777	28.89946731	105.2616347	146.4623748	-0.022847931	7.43539859	66.45309725	0.649748179	65.91458479	-0.021871207	0.521360452	40.78323653	0.893729806	7.233908655	16.7608915	3.591824766	0.834537458	0.949933532	84.19949171	22.53240677	117.2407346	88.14102601	22.90482712	58.68914594	1.926094012	0.310472905	7.571984289	13.79001705	6.16549835	2.647382681	0.820882687	0.909386231	55.0721401	18.88099303	0.809338538	26.45207945	67.64655584	-0.011218933	67.70992995	-0.001411055	0.31330789	28.84865776	5.344084815	19.3981425	14.52454124	6.586242987	6.853782577	16.12019805	30.87718171	NA	NA	NA	NA	NA	NA	NA	NA	NA	NA	NA	NA	NA	NA	NA	NA	NA	NA	NA	NA	NA	NA	NA	NA	85.80356052	118.630008	70.27008019	56.60002281	290.9931109	273.3410253	86.66664679	118.6300784	70.22095475	56.60000231	292.5895025	273.3410408
IL797a	IL797a	0.817344123	65.82346511	22.57275153	129.5759323	98.29375124	31.58231748	2.091181167	47.10575522	NA	NA	NA	3.435691052	5.792797798	78.23576998	81.22935916	41.63280572	25.45543783	85.53657207	116.4106281	-0.000614226	6.842732663	62.99998428	1.983081578	61.68114832	-0.021233162	1.219529956	30.83850526	0.954134747	5.366318765	10.05014618	4.137288454	0.824699519	0.958751423	123.7729947	14.83612697	121.3940856	89.33280386	26.95546465	47.47800591	2.009429969	0.437430376	7.571439049	10.55835769	6.065520794	3.888937599	0.793250049	0.944003795	90.19872126	14.30233181	0.933134285	80.67842412	62.29382012	0.988781276	62.55538637	0.331922293	2.343484654	31.81477431	8.500980609	29.37567436	21.56950562	4.684640443	4.390782438	10.47578648	19.5435133	109628.6667	61648.66667	79311.33333	255021.6667	1579402.333	6736.666667	115284.3333	5372.333333	163422.3333	19812.33333	144325	8208.666667	129780	291349	192410.6667	46547	743055	37407.66667	14001.33333	130702.6667	249938.3333	26025.33333	554570.3333	7784	NA	NA	NA	NA	NA	NA	NA	NA	NA	NA	NA	NA
IL798c	IL798c	3.145038269	65.19097346	36.11837622	164.8790961	126.9818556	37.58386072	2.611326934	52.27842197	100.4261254	33.99902467	11.91978553	24.08450863	0.06841303	45.73577506	20.40992933	54.97924414	33.7180714	112.0823847	150.1157291	2.294082387	13.07598725	63.19320705	0.972348234	63.50182282	-0.016646576	-0.281608008	37.9024998	0.932340889	10.59093512	16.86241292	3.423994557	0.823878427	0.921387273	57.97006384	35.56954626	156.0862191	118.2671039	38.3787895	50.69661555	1.509430076	0.499415775	14.88168491	13.86078114	8.464918358	2.862351043	0.858922338	0.918212231	47.01079456	12.81233845	0.900330312	70.04355253	62.15928455	-0.011218679	62.36353672	-0.001413354	0.773582434	37.33526115	6.362994806	21.52207329	15.88502479	6.091904699	6.426439966	16.40301535	28.94668069	NA	NA	NA	NA	NA	NA	NA	NA	NA	NA	NA	NA	NA	NA	NA	NA	NA	NA	NA	NA	NA	NA	NA	NA	NA	NA	NA	NA	NA	NA	NA	NA	NA	NA	NA	NA
IL799b	IL799b	1.145945343	66.1923937	14.16263107	102.0983346	71.00533331	31.40881169	0.804184769	46.96796	NA	NA	NA	4.301848313	-0.088921489	39.99999663	21.67707266	52.43836781	11.90973308	79.37947112	109.6013386	0.703434718	7.313873525	72.72295461	1.983081814	73.61219823	-0.019989482	-1.083393095	30.37914178	0.891435298	9.633369342	14.21875848	2.522985704	0.832664085	0.890499542	35.78441961	13.22290623	87.23178853	58.88156125	8.532821729	60.54035771	1.259425683	0.836361856	4.517406128	10.64719193	5.467415688	2.571468653	0.804245385	0.886543503	60.06555292	13.80533622	0.95063643	59.79377037	66.27557302	0.988781325	66.86067422	-0.00140616	1.184642008	28.25442396	10.88221988	28.492559	18.64132799	4.368887565	5.193447362	13.36266296	22.08046974	NA	NA	NA	NA	NA	NA	NA	NA	NA	NA	NA	NA	NA	NA	NA	NA	NA	NA	NA	NA	NA	NA	NA	NA	NA	NA	NA	NA	NA	NA	NA	NA	NA	NA	NA	NA
IL800a	IL800a	NA	NA	NA	NA	NA	NA	NA	NA	NA	NA	NA	NA	NA	NA	2.196753787	37.2077273	9.277598703	43.27911253	62.92678006	0.031631336	5.645551581	NA	NA	NA	NA	NA	18.96356743	0.930474919	2.413469467	5.086727892	1.018252135	0.864525294	0.836466729	25.35725657	17.99477891	103.7637404	85.13972418	23.92575547	35.16725685	2.203875373	0.04180065	8.185910524	12.33089974	4.079013211	3.04881155	0.830947843	0.92755756	71.19930231	16.39313915	0.865143564	39.5915844	62.61305442	-0.011218606	61.17383098	-0.001404105	0.078159776	18.47070606	11.67873467	32.16656454	21.53218774	4.322073389	3.969266593	8.912681871	17.16736891	NA	NA	NA	NA	NA	NA	NA	NA	NA	NA	NA	NA	NA	NA	NA	NA	NA	NA	NA	NA	NA	NA	NA	NA	NA	NA	NA	NA	NA	NA	NA	NA	NA	NA	NA	NA
IL801a	IL801a	10.64549181	63.69168358	29.64050364	139.4887154	100.9935944	37.49633621	1.207755852	39.62319098	135.9714638	35.55606815	13.01558206	81.38783306	4.639184513	105.3607737	69.11310561	29.22117908	26.77442672	92.93487479	134.2792287	-0.048662515	8.390164952	63.71847603	1.983081537	63.85558347	-0.016686082	-0.141065497	42.31359761	0.972678223	7.563420215	11.58516951	2.517810629	0.81527428	0.908057917	67.39822252	13.69760777	136.838705	97.64910883	22.59603693	36.31969519	1.296634398	0.031997903	9.093097949	14.14697619	7.158061394	2.836019707	0.833798254	0.908926338	60.97718064	13.34486211	0.957020817	67.49744261	60.51247738	-0.011218719	63.63613567	-0.001404467	1.596295026	39.50139772	6.797110383	18.94133958	12.1115268	8.204458124	7.734827588	15.08280089	32.20149542	NA	NA	NA	NA	NA	NA	NA	NA	NA	NA	NA	NA	NA	NA	NA	NA	NA	NA	NA	NA	NA	NA	NA	NA	99.44949799	151.9066949	69.5348455	60.75258046	331.1848761	288.2539798	99.38936076	151.1308927	69.61709966	60.91900776	329.7943766	288.2539953
IL802b_Ht2	IL802b_Ht2	9.00174283	58.26265805	33.6691684	154.7744664	119.1280996	34.92276092	1.837555462	35.71463887	144.8543596	33.98482059	12.99234161	69.52669422	2.067684204	94.98577286	55.77389204	38.54976523	36.61911553	120.328692	156.3917667	0.090434816	7.319927156	67.95014238	1.649748174	67.73945138	1.647324303	0.196056711	36.58590354	0.908344259	6.287641525	15.984728	3.567350735	0.812964029	0.92381374	84.96038461	20.10669653	159.1992171	120.9390282	33.60512689	47.15062913	1.676096321	-0.16443102	9.408051082	14.93147496	6.985314572	3.574805968	0.840661166	0.929900637	73.1989448	18.09721095	0.887313501	95.48775924	63.16314814	1.655448305	62.70997672	1.665258883	0.161518751	37.7974597	7.190069374	25.48187549	19.52786902	5.048389066	5.363137211	14.51764536	25.10003898	205141	19975	8103	38327	44098	6351	633	670	27573	21188	1188065	25052	147076	65878	7913	13812	73013	35987	110656	48814	173168	2242	6692	5964	49.08056629	75.19669048	69.53975829	55.35253265	164.5472002	168.80124	48.61259665	74.42087859	69.51768122	55.5189658	162.8539952	166.2764708
IL803a	IL803a	10.98164473	58.00792941	45.3676913	149.8371334	113.6495423	35.99556458	-0.052317032	41.03685761	160.2227909	33.09777683	10.55553663	84.49682989	1.148002986	68.06910428	40.6227541	50.32756999	33.38487045	92.84234769	128.494372	0.219412036	8.74308195	65.92902756	1.983081475	67.4313155	-0.020938574	-1.47841719	35.62940224	0.917904594	7.159608547	15.58960072	3.225246632	0.833140563	0.923633139	81.02581646	13.74288942	134.733453	98.59595574	45.01887408	53.23599075	1.842761668	-0.1074388	6.068428257	15.71697896	5.990037655	2.947191687	0.825099765	0.918402744	79.36650811	12.90596989	0.966408519	59.46694239	66.59593199	0.655448091	68.41445514	-0.001404937	0.311635547	36.01002468	7.846003086	20.49216387	14.58466535	6.408779456	6.307956424	14.56602369	27.80295775	NA	NA	NA	NA	NA	NA	NA	NA	NA	NA	NA	NA	NA	NA	NA	NA	NA	NA	NA	NA	NA	NA	NA	NA	77.93490084	102.7516923	74.67101852	66.40253368	305.3904213	310.2448458	77.19247443	101.9758766	74.78397876	66.5689965	301.9071522	307.7200098
IL804aHTN	IL804aHTN	9.995607267	62.47326366	37.61740834	139.2318288	107.7203232	30.32952721	1.132031242	53.88118423	114.7459424	40.47331534	16.91952026	76.93996269	NA	NA	37.75677614	55.54924949	20.87518964	89.53526929	119.6872445	0.353413469	9.556536793	68.05569812	1.502274293	68.91286578	-0.010396414	-0.929886239	30.16796758	0.870109065	5.273288171	11.11314403	3.52004822	0.860236434	0.953097138	98.27140609	10.49487047	132.7174261	101.184915	28.98188489	57.94015796	1.759426009	0.536930052	14.41045901	10.10032095	4.821627779	3.256103541	0.82363708	0.937416704	92.61510478	18.36266757	0.934176549	59.3514308	68.54679809	0.65544807	68.31159535	-0.001407593	1.005086082	31.83273509	6.264428024	26.43856688	22.91342464	5.043845624	4.39054113	10.36433184	20.10198691	1124093.5	95752	216960.5	1696709	9203388	36249	1597.5	20523	2682899.5	43282	404936.5	31331	169587.5	957048	2407574.5	120465.5	834555	51094	144916	211666	395078.5	39222	1137965	10388.5	92.89104141	135.1899977	69.38131957	44.30001221	300.5559494	242.7109497	91.10420126	135.1899729	69.35902892	44.2999889	296.8863353	242.710933
IL86e	IL86e	8.837895756	61.07890387	50.89635606	201.1228845	156.2840474	44.9219893	1.077482578	44.62830549	145.8783559	27.80505101	12.08019443	68.78569105	2.813933441	72.11076948	59.46952375	46.55006669	36.70763953	120.4726997	166.2127891	0.427618022	10.4912124	63.16703724	1.983081754	62.97925262	1.647372566	0.189266053	45.53722223	0.907886662	11.32047702	15.48697392	3.306235061	0.836426478	0.949043632	77.76669161	13.07589797	174.8913616	130.0638523	40.14999168	53.24747039	2.09276417	0.949181553	7.98708169	12.7408249	9.438143127	2.937941384	0.827747427	0.944824012	70.02775782	13.92570888	0.922163492	68.45865856	59.52445458	1.655447963	59.37344579	1.998593826	1.789561911	44.79198143	16.4049343	29.4741263	12.71427611	4.419001286	4.321908855	8.110331746	16.02356262	268960.5	22124	24198	74179.5	1137258.5	8026.5	238.5	72965	189825	31435.5	108559.5	28079	312511.5	1640798	587776	146115	125477.5	61366.5	27121.5	261622.5	299827.5	10858	71222	2212.5	64.49836225	75.25169892	68.1491959	47.75249448	220.7770015	156.4660151	65.56457145	74.47604316	68.0088913	47.91892706	224.0538501	153.941424
IL91j	IL91j	12.48164473	60.00792941	40.3676913	148.3371334	116.6495423	31.49556458	1.947682968	41.03685761	121.7227909	30.59777683	13.05553663	96.04682989	7.042797798	132.98577	66.08253785	47.80014906	32.89301747	94.70039365	126.224244	1.782538643	8.03264486	61.29336894	1.983081702	60.27435902	1.976403937	0.887483782	31.10620128	0.933591611	7.480339302	13.59674894	3.163555204	0.857108348	0.94992187	86.9966133	16.49543088	107.4529002	73.36837049	19.65290795	48.22096849	1.926096157	0.825965876	6.571550436	12.5583075	12.70526196	3.120941814	0.828775442	0.946936873	71.73868349	10.9876829	0.943936057	82.79989907	60.01377492	1.988781417	62.65514557	1.998594673	3.756846009	34.12641698	15.01216918	34.06148752	18.319103	4.025357427	4.186554719	7.731864434	15.47383015	NA	NA	NA	NA	NA	NA	NA	NA	NA	NA	NA	NA	NA	NA	NA	NA	NA	NA	NA	NA	NA	NA	NA	NA	85.06120488	76.14000281	69.61676646	54.40001735	273.8065501	166.973693	84.61487188	76.1400497	69.79841069	54.40001562	271.0415742	166.9738253
ILB5765	ILB5765	7.981644733	65.00792941	41.3676913	128.8371334	98.14954227	30.49556458	0.447682968	44.03685761	140.9714638	34.55606815	12.01558206	61.44682989	2.003425083	48.2357873	69.62918905	53.04964396	39.39713755	106.5648331	138.2889468	0.641325059	15.11385915	66.74976186	-0.01691833	67.4370198	-0.020522211	-0.769342242	31.5196963	0.87670268	5.247698513	14.56073979	3.460188948	0.848498528	0.935375702	72.24011355	15.69981333	139.1568071	107.9911051	36.59000872	50.91424496	1.870539178	1.056274664	15.2343464	12.42296742	5.000642544	3.084396995	0.822055696	0.920136921	69.99912477	15.46822979	0.893710701	70.37581858	64.80199052	-0.011218444	65.63632962	-0.001408838	2.004341641	30.76487312	9.698337809	25.96816971	17.28676867	5.274918433	5.389109712	12.14890995	22.24353772	NA	NA	NA	NA	NA	NA	NA	NA	NA	NA	NA	NA	NA	NA	NA	NA	NA	NA	NA	NA	NA	NA	NA	NA	104.969364	124.3900028	69.09754918	60.00001735	338.347218	310.9750088	104.0978044	124.3900497	69.18947447	60.00001562	335.0181742	310.9751411
ILB5870	ILB5870	8.617423064	60.13364469	25.73097024	122.2828635	86.64451194	35.39560233	1.365486478	41.6014928	118.9714638	30.55606815	12.01558206	65.80184831	4.577723034	75.48577467	71.11407292	39.30111877	26.90988431	77.56439016	110.8842325	0.838715494	13.37695037	59.99620302	-0.01691842	60.85963744	-0.023247043	-0.808500359	32.74646189	0.913411761	6.417666455	14.5017063	3.41208274	0.841832544	0.950719203	109.0054968	16.21609644	92.48360652	58.71438727	19.41018213	34.93142532	1.796635772	0.408626159	12.18974793	12.72873395	6.10047837	3.136254206	0.824441661	0.935445355	73.43350603	14.54872803	0.923813319	81.630558	59.38229707	-0.011218644	60.96353524	-0.001402848	1.522854837	34.23935682	16.92090179	33.80555363	16.8044184	3.493650294	4.019947563	7.65212749	14.96541244	NA	NA	NA	NA	NA	NA	NA	NA	NA	NA	NA	NA	NA	NA	NA	NA	NA	NA	NA	NA	NA	NA	NA	NA	69.19739324	118.6716917	66.6198873	39.0025195	205.0836082	194.2132662	68.93597187	117.8958956	66.75581163	39.16896927	205.3178719	191.6883686
ILB6011	ILB6011	8.906475695	60.64836439	42.09507993	151.9038805	117.5070372	33.95592234	1.111606205	54.49346972	117.1100302	38.05640042	14.50750573	68.97123249	1.032384468	60.36078486	71.01213172	57.71642743	34.45039041	95.07246076	126.6923578	0.01028155	10.23207032	62.16312158	1.649748641	64.44280198	1.985272366	-2.427481975	31.8244756	0.89323173	6.264296285	13.2005859	3.759291035	0.814892677	0.909284585	76.79689208	25.56041645	131.256589	98.2993019	27.82109358	58.41067609	2.009423512	-0.24089397	16.46059461	12.69815944	4.919559292	3.437640838	0.807774305	0.894459807	61.05676683	19.28049073	0.936312621	66.8506608	60.87200632	0.322115092	61.37292351	0.331929206	0.161231414	33.05539606	15.39522592	29.72464522	13.68050374	4.2900164	4.818435919	8.257569627	16.66556221	157264.6667	25052	14575.66667	275519.3333	980050.3333	224807.6667	658.3333333	283414	2001096	9463	605337.6667	24156	89230.33333	300896.6667	1286406	61243.33333	52979	16794.66667	78371.33333	26970.33333	84974.66667	2529.333333	108086.3333	1816	83.07291201	181.6833818	72.83875434	37.00505002	304.6504671	289.9549785	82.9839812	180.1317035	72.90785245	37.33797738	303.5222503	284.9051743
IP39	IP39	9.042254027	59.77407967	28.95835887	142.8496106	105.0020069	36.85596009	1.029409714	44.05810492	134.8659404	34.34645175	13.56534619	69.52625091	6.179457914	73.61077179	62.31770212	45.71714563	19.44813065	89.44571894	120.1551412	0.501664193	8.913729927	59.82195026	-0.016918414	59.58509398	-0.02630294	0.214791952	30.7873609	0.931188749	4.751173883	14.21364999	3.487768618	0.855714992	0.958971872	86.40815997	10.51713605	108.070587	78.01634862	13.38013583	50.65579433	1.426092029	1.342587719	6.38451815	13.3935736	6.43532975	3.097080686	0.830732233	0.9376868	63.91741545	9.892599498	0.889684209	37.21585471	60.65542138	-0.011218587	63.26554163	-0.001409258	2.75410874	29.94139816	19.51173666	36.91119924	16.42464884	3.270814972	3.211805263	6.785526187	11.8525489	583430	40409	16889	117519	566037	8020	764	3553	178195	31951	360763	7980	27870	1201906	129042	313	26761	12707	23466	29646	50042	25897	12894	2548	76.60081016	84.6066912	65.92449373	52.75253745	222.3237587	179.3477032	76.35919021	83.83092678	65.92957365	52.91896436	222.1900559	176.8229603
Ia2003	Ia2003	12.50174283	54.76265805	29.1691684	105.2744664	77.12809956	27.42276092	1.337555462	51.21463887	118.3543596	26.98482059	11.99234161	96.47669422	3.224868167	58.55490248	75.34330606	52.21625856	29.18683652	79.17855584	103.8512514	0.262863683	7.986468375	60.97590574	-0.016918416	58.59244543	0.320688941	2.226320308	25.16232557	0.972973664	3.939133875	10.95707441	3.110890881	0.819803986	0.928087706	73.98690789	17.9752139	102.3353191	74.58614679	24.07816336	53.51585665	1.676095232	1.072782323	6.117454836	11.69476752	4.879038903	3.260902645	0.815266368	0.916743888	58.02012977	14.27186865	0.931956039	87.78880648	55.72225223	-0.011218681	55.18593423	-0.001409712	1.25357271	27.26559013	14.76293003	31.52785309	16.95233461	4.610008167	4.519616442	6.63048956	14.39498085	397505.6667	57074	59075.66667	602508.3333	2169910.333	70744.33333	678.3333333	46611.33333	1138733	60112.33333	679263.3333	47218.33333	389861.6667	1647224	1744039.333	140236.3333	247996.6667	93075.66667	101771.6667	185573.6667	374647.3333	175961.3333	385059	7680	105.6270028	79.07339101	69.97766742	60.60505579	347.079375	203.5537601	104.8736225	77.52200917	70.13835788	60.93790104	349.1133633	198.5045079
Ia2076	Ia2076	11.07032277	52.33211856	23.36789228	106.0554624	79.85108937	25.45669396	1.871679088	54.5798031	103.5860339	26.23617001	10.4196529	85.11223566	5.385433039	145.2357871	81.47937631	45.71634414	25.41923509	76.30639276	101.1700883	0.241247596	10.87025337	56.44866307	-0.016918197	54.82044454	-0.018466281	1.548997331	24.27147699	0.906299448	4.82673607	11.37037287	2.873840523	0.856186022	0.938957042	67.60256725	11.62625925	94.50115829	67.81592505	16.12254225	52.24031368	1.926096316	1.290000903	4.204247062	10.64578026	5.710674626	2.931669156	0.832314738	0.932721041	69.55973069	12.60273217	0.888870933	75.16086036	54.74494887	-0.011218702	54.714492	-0.001407823	2.012975733	26.49111151	13.34872907	30.4470696	16.29113303	4.613506235	4.469709728	8.554298351	16.79463416	12393	35381	121237	585382.5	20274	16663	51938.5	5660	1999904.5	64875	146335	5256.5	80277.5	138662	953961.5	30409.5	18918	26590.5	19002.5	91376.5	62788.5	52389.5	285852	1843	113.8918311	129.4066934	67.9138546	49.95254575	355.7036595	255.9800736	113.267563	128.6308845	67.93338972	50.11899061	353.4986173	253.4551614
Ia2256	Ia2256	NA	NA	NA	NA	NA	NA	NA	NA	NA	NA	NA	NA	NA	NA	47.54518207	50.29937308	48.83292177	120.6980987	150.5138423	0.725189047	15.52231949	59.52393339	0.316415113	62.79495543	0.312637937	-3.423179763	29.40309695	0.929844297	3.984344825	15.29368743	3.717846986	0.845060133	0.953762815	107.5445299	12.85028336	131.3849357	105.1379302	44.27971467	56.80772527	1.981649911	1.162938092	13.97817148	13.06887883	5.057640887	3.307809474	0.843317517	0.942086012	80.57844262	12.07168847	0.909960302	61.23137953	62.94479137	-0.011218279	64.14132506	-0.00140242	3.072811298	26.25721423	15.68553717	31.79852305	16.46264265	3.648001708	3.990091402	5.887140008	12.19803834	NA	NA	NA	NA	NA	NA	NA	NA	NA	NA	NA	NA	NA	NA	NA	NA	NA	NA	NA	NA	NA	NA	NA	NA	NA	NA	NA	NA	NA	NA	NA	NA	NA	NA	NA	NA
Ia2730	Ia2730	2.995607267	68.47326366	59.61740834	168.2318288	136.7203232	31.32952721	3.132031242	55.88118423	155.7459424	35.47331534	13.91952026	23.13996269	3.051645464	82.22155221	45.56719174	59.55049534	52.30383476	116.198302	142.4009324	1.440740846	14.71944629	63.92592256	0.649748304	64.39615033	-0.019477527	-0.474088267	26.12563726	0.900590441	5.310997014	15.12528179	3.498858876	0.818080001	0.924535555	72.29223659	26.47831473	163.204081	131.2086707	44.81080968	63.03508272	1.509427695	0.426446329	13.50749441	13.93797931	5.757457821	3.581717684	0.803882096	0.931043581	66.64261184	22.34563728	0.948589131	65.6737226	65.10878201	1.322115013	65.05662544	-0.001405455	0.80753908	32.51100457	19.17642389	25.14220164	4.650096854	5.732544631	5.824647377	3.419512031	16.97604807	NA	NA	NA	NA	NA	NA	NA	NA	NA	NA	NA	NA	NA	NA	NA	NA	NA	NA	NA	NA	NA	NA	NA	NA	76.50538634	104.1799898	70.63302083	58.40005809	261.5771307	250.4326807	76.94081795	104.1797316	70.63722185	58.40011039	262.9581915	250.432343
Ia4189	Ia4189	7.473674088	53.70461915	34.259635	175.0686146	135.2790171	39.32202704	1.495286088	32.69294068	122.2825938	32.97061651	13.06489768	57.84070947	9.170857555	148.610777	42.05782889	38.52289801	33.3971923	108.8284696	146.38578	0.552665927	12.6106277	64.68072005	1.983081693	64.58598241	1.648186274	-0.070976715	37.57734385	0.927705007	9.084347642	12.17914113	3.056725718	0.81157588	0.90859378	64.22904297	22.62983026	145.0611039	103.8849294	21.64180094	37.14225488	1.314984446	1.057594836	13.91679268	11.6356952	11.90535894	2.818333771	0.783159618	0.891607131	45.86869279	12.55560353	0.981870974	49.96465757	60.72791408	1.988781268	63.99639875	1.998590449	4.436161508	40.9602695	18.42659535	35.69168569	17.75785047	4.27965502	3.693531056	8.849190061	14.95730563	121447	19111	193778	12140	381669	992	73	15	67073	4251	134144	2077	19641	53865	24189	11311	16514	117451	12100	228274	142501	1323	26749	1730	75.47018664	83.77168867	64.03438326	47.70255328	201.9455972	160.2302249	74.45882696	82.99586427	63.97527749	47.86899664	198.0446077	157.7054202
Ia453WT	Ia453WT	12.85844739	61.33434264	45.21996059	132.6698367	99.27434354	32.26166111	1.063783989	30.15085577	135.2825938	31.97061651	13.06489768	99.66887981	NA	NA	61.09664697	46.35466865	29.5750173	82.02960941	111.5054108	-0.006710972	9.111959322	60.45384116	-0.025377456	61.99642774	-0.028513135	-1.674418917	29.01794277	0.878426683	4.51304087	13.49894699	2.951576399	0.853792205	0.943998843	74.95725364	15.44649065	114.7809464	81.04435055	26.540528	56.33997767	1.717506126	0.955071473	7.771196367	15.62703278	8.639330194	3.258011888	0.837985588	0.924414159	58.12113299	14.46187753	0.908809452	83.67185476	58.94325198	-0.012327833	61.7697254	-0.004514542	1.246026276	33.81040314	NA	NA	NA	NA	NA	NA	NA	72255.66667	57610.33333	54243.66667	485418.6667	1556890	91545.33333	202	51457.33333	2418328	36817.33333	29990.33333	10960	28998.66667	506609	1025950.667	37781.66667	20448.66667	47577	18634.33333	370884	120635	163184.6667	489120.6667	4504	11.53099934	18.11000177	60.92757177	48.09991993	30.24801808	34.89402328	NA	NA	NA	NA	NA	NA
Ia453sh2	Ia453sh2	NA	56.19097346	NA	NA	NA	NA	0.611326934	NA	NA	NA	NA	0.637833063	NA	NA	48.99185818	47.71604891	27.70463534	96.28265717	131.188304	0.024106288	10.68014808	64.26420594	-0.016918067	64.27447531	-0.019395872	-0.117915284	34.74203333	0.860452575	7.685873856	15.26124484	3.71727076	0.808620968	0.942920789	94.18491025	14.60538443	109.4952385	76.84120056	27.01107938	44.94121458	1.453868654	0.610787988	11.45834362	14.55270588	10.65861237	3.235808418	0.803251881	0.930831403	68.52939869	18.84943169	0.922754537	41.62136381	62.11071583	-0.011218455	64.22346759	-0.001405358	2.560681532	32.56678864	NA	NA	NA	NA	NA	NA	NA	NA	NA	NA	NA	NA	NA	NA	NA	NA	NA	NA	NA	NA	NA	NA	NA	NA	NA	NA	NA	NA	NA	NA	NA	NA	NA	NA	NA	NA	NA	NA	NA	NA	NA	NA	NA
Ia453su1	Ia453su1	12.54225403	57.77407967	41.45835887	141.3496106	105.5020069	34.85596009	1.029409714	40.55810492	139.8659404	31.34645175	12.56534619	96.47625091	NA	NA	62.25722429	44.9677806	43.34369724	96.19196848	131.1153013	0.549311894	11.30757162	61.26255544	-0.016918519	61.82708056	-0.025478219	-0.487466545	34.98911237	0.905523214	6.724276913	14.17550866	3.204944257	0.859690957	0.953107786	78.2831426	10.93502095	120.1373011	86.18350933	29.33140149	48.41928578	1.842761798	0.61879481	8.625934689	13.06067322	6.843182731	2.897158503	0.833043225	0.935578701	57.91766961	11.08606337	0.884896461	81.71641685	58.90835904	-0.01121864	62.29713884	-0.00140277	1.230115484	33.91243758	12.88526661	32.60100513	20.5453165	3.427737921	3.602401391	9.219551339	15.76388344	381651.5	111597	58411.5	586973	4120381.5	68523.5	314	51242	7380127	104708.5	99731	62708	66402.5	2374520.5	1655469	90247.5	38075.5	79167.5	28527.5	363866	167176	78661	118376.5	2427	86.53542746	NA	64.30514133	NA	238.4361204	NA	85.64974933	NA	64.44392303	NA	236.8076139	NA
Ia45_1	Ia45_1	10.99560727	62.47326366	25.61740834	134.2318288	103.7203232	30.32952721	1.132031242	44.88118423	85.74594243	34.47331534	11.91952026	84.63996269	0.901228749	84.61077093	5.194655662	57.59543581	20.59566291	71.63852229	100.6685031	0.064407914	5.222403617	71.52304799	2.002274247	71.39480405	0.986244885	0.090802352	28.75101963	0.940210196	10.0875165	9.608667938	3.596700821	0.835675735	0.948348115	109.556717	18.86809772	109.9017347	84.13181932	29.50549997	55.17846524	1.426095397	0.176893142	7.534096049	7.749094603	6.855285854	3.152045719	0.81395111	0.941153225	96.3628841	17.49850676	0.97118281	60.16779886	62.33007346	0.322114721	62.93705231	0.665259612	0.957809562	25.79001941	12.99117182	25.25817856	11.34621689	5.37642447	5.977360018	12.18449926	22.56274593	NA	NA	NA	NA	NA	NA	NA	NA	NA	NA	NA	NA	NA	NA	NA	NA	NA	NA	NA	NA	NA	NA	NA	NA	82.55925702	140.230005	71.42014248	47.19995339	286.2918305	265.5871129	81.6457472	140.2300619	71.37354499	47.19996801	283.4989457	265.5869637
Ia45_2	Ia45_2	8.906475695	57.64836439	24.09507993	101.4038805	71.5070372	29.95592234	1.111606205	46.99346972	79.11003022	31.05640042	13.00750573	68.97123249	0.035818725	42.11077517	11.9292672	56.97893365	10.9416683	53.09097178	76.72488102	0.222892478	4.576094727	73.63666881	1.972348232	72.90777561	0.978297869	0.699212135	23.60122713	0.862445378	5.490931057	5.973036193	2.787413188	0.82451916	0.933694873	92.07759962	15.55275417	77.13573358	50.30189011	12.23610609	32.92555854	1.750003951	-0.070652356	2.229787431	6.414107223	4.80713124	2.16662925	0.804090914	0.871227913	56.3866817	8.10684593	0.957635381	32.28877064	61.29896395	-0.011218522	60.99400867	-0.001410691	0.112973494	26.5651806	12.09756879	29.00508758	16.27976376	4.27435652	4.77104872	9.533648028	18.07803548	NA	NA	NA	NA	NA	NA	NA	NA	NA	NA	NA	NA	NA	NA	NA	NA	NA	NA	NA	NA	NA	NA	NA	NA	71.37589366	114.6867006	71.49908929	50.05251121	252.3678637	227.0451792	71.674849	113.9110244	71.38724481	50.21895858	253.1497125	224.520435
Ia45_3	Ia45_3	8.070322768	59.33211856	28.86789228	121.0554624	94.35108937	25.95669396	1.371679088	60.5798031	86.74594243	36.47331534	13.91952026	62.01223566	2.264184513	88.4857737	2.163502788	77.09582101	22.42586671	80.40213878	104.0129229	0.047910476	4.609270638	75.38944672	1.002274563	75.39874167	0.986656792	0.051418692	23.65121627	0.882499812	9.312551766	9.541399137	3.991963881	0.833130819	0.950846036	135.8945612	11.45229631	110.3950631	84.65906259	29.31001071	62.34489046	1.759429246	0.658983694	13.93760643	8.271101947	8.108977679	3.86496094	0.80021321	0.942437791	120.5483661	16.94100525	0.915533795	48.69297435	59.26645907	-0.011218589	59.01010692	-0.001403917	1.478964674	25.52201845	12.4500019	29.38002216	16.3925004	4.674604284	5.117309626	9.243905406	17.66975241	NA	NA	NA	NA	NA	NA	NA	NA	NA	NA	NA	NA	NA	NA	NA	NA	NA	NA	NA	NA	NA	NA	NA	NA	91.82183112	192.2366934	72.4638546	49.75254575	329.7809667	385.5285081	91.19756297	191.4608845	72.48338972	49.91899061	327.5759245	383.0035959
Ia5125	Ia5125	NA	NA	NA	NA	NA	NA	NA	NA	NA	NA	NA	NA	NA	NA	11.87744819	50.76953396	20.72585522	77.46188732	97.13309396	0.665579905	9.532241989	70.41295325	-0.027651666	71.09061834	-0.019607754	-0.739221553	18.91115528	0.805469823	4.67311351	3.464851482	2.281383308	0.765935776	0.900800088	58.80319068	30.42831807	107.1163865	83.91406047	27.37007573	52.57536911	1.176094409	0.345042094	20.69327277	9.875814738	7.652368115	3.705834629	0.79546128	0.940033769	95.06282767	23.90013748	0.86493233	61.23018727	62.00980607	-0.011218539	62.28641873	-0.00140756	1.526262436	22.96787527	18.04056597	30.4727978	10.98554273	4.675778269	5.007208005	6.220389003	15.57387949	16157	23326.5	56592.5	235395	37281.5	32078.5	10526.5	257636	583786.5	126985.5	143561	5029.5	33908	189515.5	334527	12582	36714.5	10015.5	23165	37431	63969	57736	162808.5	3143.5	NA	NA	NA	NA	NA	NA	NA	NA	NA	NA	NA	NA
Ia5125B	Ia5125B	10.11742306	58.63364469	38.73097024	122.2828635	103.6445119	18.39560233	0.865486478	68.1014928	95.97870108	43.88782815	18.11337709	77.35184831	1.775271703	81.98576934	4.791585148	66.69960919	12.00048905	61.27491253	75.84301157	-0.052164275	12.66296827	68.91389571	-0.025377731	69.33296968	-0.035515601	-0.264535372	14.88427306	0.867883456	8.753671165	12.05024652	4.249437197	0.828584932	0.945824622	107.7894077	22.98101441	97.70440324	76.21763878	25.60990767	66.86173375	1.25942816	0.108284938	26.23576063	11.66001292	6.89430564	4.219109983	0.813422192	0.944780369	102.8164193	20.29253367	0.869173961	54.93944278	56.9099441	-0.011218777	56.60690926	-0.00140635	1.147489117	21.39844556	NA	NA	NA	NA	NA	NA	NA	NA	NA	NA	NA	NA	NA	NA	NA	NA	NA	NA	NA	NA	NA	NA	NA	NA	NA	NA	NA	NA	NA	NA	NA	63.26875878	109.000008	73.72924423	62.90002281	242.7740631	293.8005506	63.92872214	109.0000784	73.76896992	62.90000231	242.6899977	293.8005661
Ia5145	Ia5145	NA	NA	NA	NA	NA	NA	NA	NA	NA	NA	NA	NA	NA	NA	10.83962891	24.59595683	12.4741971	66.79698987	95.08233757	0.043140177	-0.293521876	66.16291168	-0.01691826	68.07462756	-0.020339607	-2.079005353	28.0247744	0.763866894	4.453580174	10.24136428	3.400058508	0.792695871	0.946003976	80.44858478	16.95297874	99.39867978	73.0276601	20.55085329	26.68005466	1.676095263	-0.042355696	1.468097773	12.00106039	3.871995408	3.539080937	0.801887668	0.924683621	100.5632886	22.68912896	0.837765337	81.55484259	56.21648542	-0.011218631	57.53862929	-0.001404583	0.474979218	26.52731209	NA	NA	NA	NA	NA	NA	NA	NA	NA	NA	NA	NA	NA	NA	NA	NA	NA	NA	NA	NA	NA	NA	NA	NA	NA	NA	NA	NA	NA	NA	NA	NA	NA	NA	NA	NA	NA	NA	NA	NA	NA	NA	NA
Ia5220	Ia5220	NA	NA	NA	NA	NA	NA	NA	NA	NA	NA	NA	NA	NA	NA	41.25635509	60.21655234	12.36805426	61.61971689	90.78784204	0.427000769	9.461851585	56.56874172	1.98308158	56.5391634	1.648705494	-0.101347731	29.39179846	0.902954789	4.968699556	10.24567794	3.125899794	0.841255086	0.941953538	87.97083322	16.07646815	133.6659045	100.6265468	26.56955393	54.68127479	1.509425811	1.180663144	10.88565037	12.19592268	6.59024831	3.230785923	0.778117045	0.927517671	80.84144601	14.66733606	0.948928062	72.83608916	52.17027143	1.32211476	53.21163349	1.331929924	2.099033362	33.60122227	11.82393912	31.02106128	20.5676741	4.100158708	4.579081737	11.52224595	19.06114958	NA	NA	NA	NA	NA	NA	NA	NA	NA	NA	NA	NA	NA	NA	NA	NA	NA	NA	NA	NA	NA	NA	NA	NA	NA	NA	NA	NA	NA	NA	NA	NA	NA	NA	NA	NA
Ia5261	Ia5261	12.57032277	56.33211856	26.36789228	133.5554624	101.3510894	31.95669396	1.371679088	38.0798031	93.58603391	27.23617001	10.4196529	96.66223566	4.916840751	67.98576839	61.62564329	48.71626258	32.92413434	99.5194156	133.1887115	0.428223906	7.693824303	59.24523421	1.983081586	59.30965629	1.309924254	-0.133021968	33.0233731	0.941127871	6.096547791	10.22621249	2.736296751	0.852887018	0.949146222	68.79187798	9.882033758	118.5337562	87.13639314	22.89159069	54.0749855	1.731652369	0.501611766	3.624238787	9.151108544	4.585278882	2.57089619	0.857586203	0.945932765	65.46005537	7.428320163	0.966860684	67.48682177	57.58828772	0.322114677	58.79419624	1.331930375	1.967487738	31.41668073	15.29903903	35.44363651	20.44831416	3.663722853	3.469641884	9.039954182	15.34443516	NA	NA	NA	NA	NA	NA	NA	NA	NA	NA	NA	NA	NA	NA	NA	NA	NA	NA	NA	NA	NA	NA	NA	NA	75.81700282	NA	56.57766742	NA	169.4655208	NA	75.06362248	NA	56.73835788	NA	171.4995091	NA
Ia59	Ia59	NA	NA	NA	NA	NA	NA	NA	NA	NA	NA	NA	NA	NA	NA	21.78948056	50.71641057	14.60145144	74.63351437	108.4373713	2.174824125	7.502614562	56.03032177	1.983081737	55.52547909	-0.015619715	0.519674623	34.25669204	0.886083797	7.28680422	11.67927878	2.895693229	0.834086189	0.930245906	83.89883526	8.723263971	95.82508378	64.50107855	8.645283636	39.99086853	1.421634362	0.112659195	5.074459785	10.45991164	4.11057764	2.711244115	0.800806178	0.90951195	67.38760765	10.598796	0.921825049	77.79801454	54.49741759	0.322114899	54.83813262	-0.00140769	2.132558201	31.42840013	15.40866001	30.08521943	14.5025696	4.657116853	5.079846034	10.9270059	20.43161504	350436	44061	19593	222950	1501299	13509	1049	1014	69157	26913	120144	23921	1727828	817772	211672	641526	847786	58992	37777	261791	233532	22410	56753	62990	NA	NA	NA	NA	NA	NA	NA	NA	NA	NA	NA	NA
IaEV3002	IaEV3002	NA	NA	NA	NA	NA	NA	NA	NA	NA	NA	NA	NA	NA	NA	42.69577043	33.68875396	30.76790211	109.4478097	147.0237206	0.634425695	4.91917736	64.47437587	1.983081675	65.94836969	1.643236481	-1.465750874	37.43643446	0.876017195	9.050091791	10.476472	3.150548707	0.818850874	0.903816951	67.06963602	19.88975535	143.3618957	110.5099171	29.99629338	42.3434632	1.481652195	0.231390872	3.84840522	10.55327967	7.548213935	3.406316955	0.814824201	0.936642322	83.99806749	13.52893709	0.923643126	58.01571387	60.67039675	1.655448008	62.22611305	0.998593489	1.83598207	32.8135141	11.97792742	26.90504156	16.14618168	5.583382834	5.215812559	11.87606227	23.71662399	NA	NA	NA	NA	NA	NA	NA	NA	NA	NA	NA	NA	NA	NA	NA	NA	NA	NA	NA	NA	NA	NA	NA	NA	NA	NA	NA	NA	NA	NA	NA	NA	NA	NA	NA	NA
IaEV3004	IaEV3004	11.64549181	63.19168358	35.64050364	150.9887154	112.9935944	37.49633621	0.207755852	34.62319098	125.6987946	33.77754641	13.4676838	89.08783306	2.106336319	74.73577095	53.20034712	44.29993938	18.82855671	76.53195403	110.3411745	0.13080805	4.243626589	71.3813616	-0.01691831	70.96117901	-0.022582594	0.509372699	33.63524132	0.921286198	11.31024657	13.28296969	3.285352508	0.829496245	0.932570383	78.90744062	14.92509286	112.9451589	79.73556492	19.03030492	44.28404743	1.842761168	0.231531255	5.779285358	11.91092605	7.937393213	3.220233156	0.846477851	0.949078062	69.02671293	11.45205951	0.935635246	77.09498209	63.40734188	-0.011218477	62.9040608	-0.001407249	1.51661986	32.54125812	12.5190471	31.00437371	19.38186152	5.243266824	4.710886892	10.50865941	20.40880654	78745.5	23493	196733	629317.5	1357996.5	19356	1000.5	9545	3280627.5	51051.5	262921.5	32439.5	1315279	803607.5	1263776.5	518025	750073.5	81252	51528.5	184515	294695.5	178296.5	540366	41853	93.35980059	112.7900028	71.11899798	58.00001735	319.8921792	268.5476278	92.5339019	112.7900497	71.22735194	58.00001562	316.8791906	268.5477601
IaEv191	IaEv191	NA	NA	NA	NA	NA	NA	NA	NA	NA	NA	NA	NA	NA	NA	65.03166714	39.71651387	42.37957845	145.1389415	179.7808499	0.622891059	12.73692029	65.3725589	-0.016918212	66.41397558	-0.022989288	-1.12197563	34.44083291	0.89845445	8.025848247	12.40429183	3.926006635	0.825391165	0.948003194	103.5842977	19.59286354	186.6288053	148.5456009	39.30993769	40.6189295	1.426093305	0.574303118	12.78700623	12.29883124	11.54351469	3.665010567	0.813359466	0.942800905	108.6006905	16.99481489	0.93608436	80.50004843	62.98488235	-0.011218635	66.05163146	-0.001404844	3.442394993	38.26660482	9.033905452	25.17699048	17.25039817	5.502620194	5.034452466	8.866934931	20.26810569	NA	NA	NA	NA	NA	NA	NA	NA	NA	NA	NA	NA	NA	NA	NA	NA	NA	NA	NA	NA	NA	NA	NA	NA	NA	NA	NA	NA	NA	NA	NA	NA	NA	NA	NA	NA
If825	If825	9.070322768	61.83211856	38.36789228	128.5554624	106.3510894	21.95669396	0.871679088	59.0798031	111.5860339	39.73617001	15.4196529	69.71223566	3.532036039	87.49998456	-0.18495268	NA	NA	NA	NA	NA	NA	NA	NA	NA	NA	NA	NA	NA	NA	NA	NA	NA	NA	NA	NA	53.33303296	36.10336491	12.310975	42.73159558	1.148316611	1.05225586	11.57609494	9.108465915	5.985448579	3.617517934	0.742357218	0.927447156	92.32771325	18.6483434	0.893417817	40.55927142	61.60729064	-0.01121851	61.69039655	-0.001404469	1.934642008	16.92676069	13.16537212	15.57442399	2.256042472	6.994147669	6.722142331	19.72170752	29.42175152	11615	6043	5710	21493	82182	201	26	9475	64097	1480	249050	977	18485	12876	42945	29871	18388	3468	7601	46512	46512	552	9634	252	NA	NA	NA	NA	NA	NA	NA	NA	NA	NA	NA	NA
If853	If853	2.00174283	70.76265805	27.6691684	137.7744664	101.6280996	35.92276092	2.837555462	47.71463887	NA	NA	NA	15.72669422	2.69341303	52.61077506	29.36959973	53.38319442	18.89465723	86.31492742	120.5566372	1.032251017	6.338015092	62.20696435	-0.016918356	64.62351464	-0.022374512	-2.478629223	33.91910133	0.841596149	7.974377922	15.0839118	3.074542856	0.829545732	0.941185344	73.69968296	11.60354796	109.778547	79.97976173	18.08779239	58.95415859	1.717505534	0.709632303	6.31759268	14.26218153	10.00232993	2.799717337	0.819631812	0.947890049	54.69419406	11.46190889	0.861418915	36.76342722	62.05724966	-0.012327972	67.13733296	-0.004506769	2.527709875	30.40212006	14.03534486	16.66835587	2.643615113	6.300783248	6.410723549	19.78862083	30.53351731	1614	22373	142420	322900	3255212	147382	238131	91337	369983	18580	30295	19338	316861	461480	3378502	125539	16904	56782	8710	257105	101105	85004	872279	15331	NA	NA	NA	NA	NA	NA	NA	NA	NA	NA	NA	NA
Il101T	Il101T	12.54225403	55.77407967	26.45835887	143.8496106	108.0020069	35.35596009	2.529409714	35.55810492	127.8659404	29.34645175	12.06534619	96.47625091	7.775271703	97.36076934	58.51724078	43.88361924	16.56765888	84.36125066	123.3222661	1.574455039	4.399639611	64.59459573	-0.016918383	64.84020488	-0.024070176	-0.166943326	39.22315812	0.857168554	10.88807953	13.43712396	3.020586213	0.826830811	0.936925009	88.11396945	11.02111309	127.9777705	89.3015961	24.89180094	46.1144771	1.426095557	1.307594836	6.250126009	14.60256053	9.24308072	3.308116543	0.826324227	0.936427731	79.37088236	11.40839282	0.845063309	78.16978578	57.39458075	-0.011218732	57.32973208	-0.001409551	4.630605953	38.4602695	18.2100975	32.4423875	13.57157034	4.12998934	4.412359445	7.71687795	16.3282504	194897.6667	60868.66667	18618	504253	42424.66667	4633.333333	356.6666667	2884.333333	2084736	48310	138792.6667	40166.33333	1328058.333	1494911.667	2173516.667	398289.3333	465897.6667	48759.33333	21757	62771.66667	155700.3333	124079.6667	261442.3333	16217.33333	56.90104141	136.5966912	68.07449373	38.80253745	179.1047871	222.6828984	55.11420126	135.8209268	68.07957365	38.96896436	175.435173	220.1581555
Ill101Q	Ill101Q	9.973674088	56.20461915	53.759635	180.0686146	146.7790171	33.32202704	1.995286088	55.69294068	114.1342661	39.59510233	13.1380349	77.04070947	4.937706521	166.7357849	38.34828432	58.66095047	46.98811269	119.0082749	144.5994766	1.185901082	4.177649303	65.28206117	0.649748179	64.49106398	-0.022917162	0.835286067	25.61805254	0.829409439	9.143586058	12.45168578	3.712966668	0.829374152	0.945482348	95.71264002	20.45894181	150.1614835	112.9244735	33.05591348	56.34872824	1.842757106	0.792257449	5.1261408	12.35217908	13.18341844	3.863031671	0.822067925	0.94093559	98.68182538	14.51050923	0.88298343	66.74260417	57.40349124	0.655447887	58.32269193	-0.001407222	3.905891218	37.38730853	NA	NA	NA	NA	NA	NA	NA	276928.6667	41713	232953.6667	477049	3254823.667	30488.33333	553.6666667	13035.33333	2496895	164970.3333	296374	23616.33333	2697150.667	1012841.333	1116696	797681.6667	100841.3333	200068.3333	46791.66667	63643.33333	85109	63239	658597.3333	39737.33333	46.92302515	58.09338527	68.99338669	56.10511893	148.7358787	132.443605	46.63657348	56.54184397	69.03586822	56.43802201	148.45839	127.3941545
Ind_5817	Ind_5817	NA	NA	NA	NA	NA	NA	NA	NA	NA	NA	NA	NA	NA	NA	17.76174765	39.32795616	19.56299361	87.09637036	120.6875343	0.902213603	5.275793506	61.82235739	-0.016918245	61.97018154	-0.026184083	-0.143177229	33.14869435	0.95908278	8.719032208	13.42638624	2.934795723	0.846255949	0.939100779	58.76389997	12.85180558	78.69026272	75.17888997	62.62116877	43.14138864	1.217508381	0.441910844	1.95193083	11.77661782	6.966706046	3.223066218	0.756239954	0.88608251	70.55627925	25.91328669	0.932819981	50.07320157	57.57801679	-0.012327531	58.46866527	6.54E-06	3.115468923	2.937491818	7.160159932	18.56089456	12.66100414	6.831016991	7.254129011	21.84547789	37.35693935	NA	NA	NA	NA	NA	NA	NA	NA	NA	NA	NA	NA	NA	NA	NA	NA	NA	NA	NA	NA	NA	NA	NA	NA	NA	NA	NA	NA	NA	NA	NA	NA	NA	NA	NA	NA
Jubileeex9017	Jubileeex9017	10.33789576	52.07890387	30.89635606	146.1228845	109.2840474	36.4219893	1.577482578	57.12830549	118.3783559	35.30505101	12.08019443	80.33569105	3.947657869	80.73578294	61.88413937	53.44946901	25.0089351	98.03061517	134.1883795	0.886815721	11.03011961	54.66246099	0.649748324	53.38622935	0.310102113	1.22331015	35.61375897	0.895293719	7.465785705	14.17185552	3.209630586	0.863676936	0.948697813	79.52142431	18.99036126	114.0983648	83.46079307	19.60235805	65.43357211	1.648314251	0.675921052	7.467851483	13.44358082	6.338458506	3.348898374	0.818786858	0.914737088	58.5406483	17.71149667	0.955034302	55.16457266	53.98875471	1.655448079	55.59887497	0.998590742	2.420775407	30.5247315	11.3549651	25.92505437	14.9251706	4.780299122	4.996815128	14.89148973	23.03937816	127416.3333	199754	62496.66667	1415279	2431340.667	64249	62862	25806.66667	2335927	63578.33333	284982.6667	11093.33333	1281136.333	145147.6667	771093.6667	236746.6667	354296.6667	207660.3333	58509.33333	144941	183385.6667	92786.66667	432280.6667	50806	91.95966179	113.9633961	78.0723335	53.40506903	422.0475213	247.3325026	92.88567528	112.4119868	78.04956804	53.73794916	425.3447663	242.2831634
K1-1-1-1-1-1-2-1-1-1	K1-1-1-1-1-1-2-1-1-1	8.337895756	57.07890387	24.39635606	98.12288449	76.78404739	20.9219893	0.077482578	36.62830549	83.8783559	39.30505101	15.08019443	64.98569105	1.448968345	42.98578656	35.51636237	42.35549431	10.25817527	50.46544788	66.51437808	0.328096512	3.269012179	66.48332351	-0.016918177	69.16978146	-0.018898878	-2.802364702	15.96572202	0.867098146	5.700028187	8.356197053	3.530477528	0.815705515	0.942416453	101.1320461	15.037974	74.94474252	55.04128212	17.18381846	38.94775491	1.981647165	0.517094304	5.13754779	9.469430658	5.50414016	3.888677663	0.821064929	0.941494113	95.81678021	18.28903793	0.891276613	62.56013562	56.10704974	-0.011218685	57.26434249	-0.001410594	1.568834709	19.83062667	NA	NA	NA	NA	NA	NA	NA	4142	153182	180964	960110	2052403	38278	75	21805	1362165	2716	249401	12372	62359	351996	1162756	34295	27179	23434	29268	362576	195137	37270	395327	1913	13.48682328	30.44669408	76.11333007	67.90252833	59.1906468	94.36007205	NA	NA	NA	NA	NA	NA
K104-1	K104-1	1.088900786	62.07489567	19.29930941	106.4673925	70.28369058	36.38239298	0.926788187	46.2350256	NA	NA	NA	4.176250909	5.165253011	96.52745511	16.27043494	45.13345083	15.88087102	64.0343437	84.56554251	-0.014880296	10.10846404	65.30110051	-0.016918375	65.20075261	-0.024277439	0.168799851	20.95952505	0.880431336	8.466632909	13.46796257	3.159098399	0.849493086	0.951919613	64.09697079	11.88180866	88.18978261	64.7370799	17.97457149	51.81583492	2.046634443	0.129721238	6.719522914	12.03021821	7.558299867	2.952086968	0.760604845	0.917710407	60.2597235	13.74931015	0.93684371	30.15979164	62.92052718	-0.004499986	62.65659135	0.002399112	1.448606165	23.80384386	NA	NA	NA	NA	NA	NA	NA	NA	NA	NA	NA	NA	NA	NA	NA	NA	NA	NA	NA	NA	NA	NA	NA	NA	NA	NA	NA	NA	NA	NA	NA	NA	NA	NA	NA	NA	NA	NA	NA	NA	NA	NA	NA
K105-1-1-2-1-1	K105-1-1-2-1-1	NA	NA	NA	NA	NA	NA	NA	NA	NA	NA	NA	NA	NA	NA	68.92094256	52.88401557	36.38098744	105.6764038	134.9752163	0.109809622	9.557176324	57.4721923	-0.016918408	57.40151341	-0.026544826	0.149601734	29.2779857	0.904053334	5.565154278	13.09431003	3.236474655	0.825492918	0.951013963	84.73870881	10.50430783	104.5394216	74.40559044	18.72318926	52.40989734	1.842757339	0.482210269	5.43975128	12.9666104	10.04041307	3.177401165	0.817128774	0.935637806	71.63366414	15.56829022	0.952637882	47.86422324	59.90097049	-0.011218797	61.33249742	-0.001406504	2.162101972	30.38743192	NA	NA	NA	NA	NA	NA	NA	NA	NA	NA	NA	NA	NA	NA	NA	NA	NA	NA	NA	NA	NA	NA	NA	NA	NA	NA	NA	NA	NA	NA	NA	NA	NA	NA	NA	NA	NA	NA	NA	NA	NA	NA	NA
K113-2-1-2-1-1	K113-2-1-2-1-1	NA	NA	NA	NA	NA	NA	NA	NA	NA	NA	NA	NA	NA	NA	52.88124952	42.80047076	24.84928005	98.33691386	136.3148531	0.549184558	14.35688143	65.53740529	-0.016918264	66.95123672	-0.023011858	-1.471710428	37.76211308	0.869583131	6.976308463	13.0568907	3.352935817	0.818967529	0.944088821	112.5709675	10.63066163	150.3307199	115.4557755	29.35910783	53.02263617	2.203869947	0.490990828	23.42259387	13.9325641	10.17528501	3.392764715	0.830713117	0.941586975	103.8640794	13.48901427	0.949219032	62.92857605	63.81489615	-0.011218577	64.47865554	-0.001410407	2.565080648	35.16461163	NA	NA	NA	NA	NA	NA	NA	NA	NA	NA	NA	NA	NA	NA	NA	NA	NA	NA	NA	NA	NA	NA	NA	NA	NA	NA	NA	NA	NA	NA	NA	NA	NA	NA	NA	NA	NA	NA	NA	NA	NA	NA	NA
K115-11-1-1-1-1-1-1B-1	K115-11-1-1-1-1-1-1B-1	11.97367409	58.20461915	38.259635	151.0686146	108.7790171	41.82202704	0.995286088	31.19294068	148.1342661	33.59510233	16.1380349	92.44070947	4.303520112	67.86078436	40.37260417	33.52227561	28.68683091	84.66736875	122.5077056	1.079213874	12.74071008	65.9667921	-0.016918408	66.83193551	-0.018925515	-0.820799585	37.71623184	0.960067516	6.447390223	14.70137844	3.290563392	0.808415832	0.940138215	106.7847732	12.68529545	124.1588057	86.88713717	26.86413331	37.84820566	1.81498684	0.193436447	11.23512836	15.75101174	4.542682394	3.008300813	0.819997927	0.910340301	91.52131328	16.82964782	0.934139066	50.07336166	63.65941211	-0.011218585	65.60943503	-0.001406883	1.271377725	37.1850637	NA	NA	NA	NA	NA	NA	NA	173318.6667	42159	156903.6667	534573	3660502.667	43840	8265	14786.33333	4040931.667	47709.66667	369618.6667	41305.66667	110392.3333	1187444.667	3080635.667	97454.66667	76048.66667	28327	35513	33430	111941.3333	42541.66667	243934.3333	3153.666667	13.94827012	23.03669289	74.53375085	57.10254338	86.29829302	52.08584185	NA	NA	NA	NA	NA	NA
K120-1-1-1-1-1-2-1	K120-1-1-1-1-1-2-1	NA	NA	NA	NA	NA	NA	NA	NA	NA	NA	NA	NA	NA	NA	58.57053518	47.46662341	31.72776093	99.5114378	132.0204612	0.516475845	16.09417682	61.44636067	-0.016918181	61.02443876	-0.020325155	0.244330822	32.62288334	0.909366093	5.215094331	14.31875162	3.2302027	0.836629658	0.944507632	97.12360389	13.79248934	125.9538769	94.27339204	28.90827998	45.80632211	2.176092441	0.016423672	13.37922888	14.30276732	7.133857416	3.2144304	0.817835893	0.917065196	75.46506523	14.47124777	0.900881598	50.40648152	59.98686364	-0.011218449	62.88340998	-0.001404389	2.323458249	32.28961401	NA	NA	NA	NA	NA	NA	NA	NA	NA	NA	NA	NA	NA	NA	NA	NA	NA	NA	NA	NA	NA	NA	NA	NA	NA	NA	NA	NA	NA	NA	NA	NA	NA	NA	NA	NA	NA	NA	NA	NA	NA	NA	NA
K127-1-1-1-2-1-1-1-1	K127-1-1-1-2-1-1-1-1	10.90647569	59.14836439	31.09507993	129.4038805	98.0070372	30.95592234	0.111606205	36.49346972	120.1100302	37.55640042	15.00750573	84.37123249	4.037204525	65.11077915	0.467894998	36.19312871	7.427207198	66.72031119	92.39831652	-0.136638782	0.639247617	NA	NA	NA	NA	NA	26.43288614	NA	NA	NA	NA	NA	NA	NA	NA	108.9680067	83.13715481	25.67739711	44.03754091	1.592759853	-0.410274379	11.88298447	10.49476116	8.895032701	2.952500633	0.829154891	0.928173391	61.68733778	15.23440185	0.838160505	32.30831393	67.12089093	-0.01121841	67.40483743	-0.001403506	0.948727702	26.1968873	NA	NA	NA	NA	NA	NA	NA	NA	NA	NA	NA	NA	NA	NA	NA	NA	NA	NA	NA	NA	NA	NA	NA	NA	NA	NA	NA	NA	NA	NA	NA	19.43921605	5.929989838	75.43450228	62.50005809	81.66984844	15.81332169	NA	NA	NA	NA	NA	NA
K15-1(X9)	K15-1(X9)	NA	NA	NA	NA	NA	NA	NA	NA	NA	NA	NA	NA	NA	NA	39.98447886	34.55022614	10.95429294	64.9971757	88.26694768	0.118629298	14.84401651	62.15413694	-0.016918283	64.89832434	-0.020358468	-2.799550064	23.02368842	0.931155845	6.969207846	12.49845926	3.192147366	0.860466024	0.959913009	69.60462491	9.055006591	80.10890262	60.07740348	7.176855935	40.55012971	1.370542253	0.185918189	14.12681835	10.44079219	8.478240164	2.630341203	0.823982018	0.902694203	73.75781204	13.26462166	0.971405837	28.37330925	60.93236624	-0.011218591	63.41078958	-0.001410353	3.820944919	19.92070291	NA	NA	NA	NA	NA	NA	NA	NA	NA	NA	NA	NA	NA	NA	NA	NA	NA	NA	NA	NA	NA	NA	NA	NA	NA	NA	NA	NA	NA	NA	NA	NA	NA	NA	NA	NA	NA	NA	NA	NA	NA	NA	NA
K164-1-1-1-1-1	K164-1-1-1-1-1	NA	NA	NA	NA	NA	NA	NA	NA	NA	NA	NA	NA	NA	NA	74.20484983	34.30107791	39.6863034	112.714876	145.5308605	0.45038597	6.830030382	58.83805299	-0.016918396	59.62517492	-0.024411004	-0.791171464	32.4535446	0.895459348	5.325309651	12.65532277	3.588151198	0.826744877	0.937718143	91.84031027	20.48587274	106.6717557	70.87984892	14.50348327	35.51014532	1.675840783	0.249660939	2.077455061	10.46893879	6.895538415	2.71547093	0.833684967	0.917212989	67.47028524	16.96248303	0.888850226	38.57645053	60.36182556	-0.012327437	63.35144315	-0.001407856	1.537037417	35.91711948	NA	NA	NA	NA	NA	NA	NA	NA	NA	NA	NA	NA	NA	NA	NA	NA	NA	NA	NA	NA	NA	NA	NA	NA	NA	NA	NA	NA	NA	NA	NA	NA	NA	NA	NA	NA	NA	NA	NA	NA	NA	NA	NA
K169-1-1-1-2-2	K169-1-1-1-2-2	NA	NA	NA	NA	NA	NA	NA	NA	NA	NA	NA	NA	NA	NA	46.15881699	43.54993988	27.58478602	86.62546239	117.7697858	0.33130185	10.0312068	58.79769491	-0.016917994	58.56582692	-0.017928662	0.203331064	31.32243044	0.866410236	8.759632505	13.48328502	3.559217932	0.825639399	0.924045208	113.5050161	12.48965245	112.1645263	79.66101558	27.06205203	43.60101497	1.676094364	0.17457074	7.807689193	12.99150611	11.9650218	3.512413254	0.814042539	0.92725732	75.75049868	13.71265347	0.956885335	45.09362503	59.42948906	-0.011218922	59.99339523	-0.001411142	3.498568712	32.19660036	NA	NA	NA	NA	NA	NA	NA	NA	NA	NA	NA	NA	NA	NA	NA	NA	NA	NA	NA	NA	NA	NA	NA	NA	NA	NA	NA	NA	NA	NA	NA	NA	NA	NA	NA	NA	NA	NA	NA	NA	NA	NA	NA
K192-1-1-1-1-1-1-1	K192-1-1-1-1-1-1-1	NA	NA	NA	NA	NA	NA	NA	NA	NA	NA	NA	NA	NA	NA	32.4430058	44.96673801	22.83368714	73.06643134	100.2642307	0.962637119	8.034703749	56.03634541	-0.016918322	54.76069311	-0.018114046	1.21150871	27.25320504	0.89657923	7.502200354	10.80015048	3.562101974	0.854633692	0.956731971	84.58618514	11.09352939	67.83792229	48.01029753	5.709178626	46.31422823	1.092759101	2.288919475	3.149567634	NA	NA	NA	NA	NA	NA	NA	NA	38.93074687	58.01655281	-0.011218724	56.04497287	-0.00140749	2.459616481	20.00386755	NA	NA	NA	NA	NA	NA	NA	NA	NA	NA	NA	NA	NA	NA	NA	NA	NA	NA	NA	NA	NA	NA	NA	NA	NA	NA	NA	NA	NA	NA	NA	NA	NA	NA	NA	NA	NA	NA	NA	NA	NA	NA	NA
K43-1-1-1-1-1-1-1	K43-1-1-1-1-1-1-1	NA	NA	NA	NA	NA	NA	NA	NA	NA	NA	NA	NA	NA	NA	23.01999375	44.29985915	9.310970137	82.28052105	110.2170015	1.950486879	11.81413149	62.96718934	-0.016918392	62.82812486	-0.023708357	0.175145172	27.65180639	0.855571966	6.169608916	13.70397657	3.6441776	0.832242062	0.929214758	70.59888243	19.12666048	130.6571557	99.15220358	18.52130039	54.44742465	1.546639025	1.460761373	12.47520566	13.23686059	5.739751597	3.297544793	0.831106643	0.933086631	62.41331886	11.04079826	0.841056188	38.32457248	67.41543566	-0.004500263	68.78735148	0.002397894	1.644604332	30.8692604	NA	NA	NA	NA	NA	NA	NA	NA	NA	NA	NA	NA	NA	NA	NA	NA	NA	NA	NA	NA	NA	NA	NA	NA	NA	NA	NA	NA	NA	NA	NA	NA	NA	NA	NA	NA	NA	NA	NA	NA	NA	NA	NA
K52-2-1-1-1-1	K52-2-1-1-1-1	NA	NA	NA	NA	NA	NA	NA	NA	NA	NA	NA	NA	NA	NA	36.83495415	38.63363586	24.51865503	87.14731003	123.5276883	0.713360849	8.118105075	66.59275211	-0.016918265	69.06923444	-0.018591613	-2.494725941	36.36751472	0.966767003	15.8564576	11.86655524	2.680488666	0.83657864	0.909847525	68.50262541	19.26532567	131.3050865	93.68849554	28.57259676	33.23989022	1.921630957	1.031177987	12.66407921	11.02450349	16.25142742	2.579514703	0.783534429	0.887985886	64.46942888	13.96942444	0.903505619	85.08564839	62.34463699	-0.011218551	66.05473875	-0.001404023	3.163915837	37.66995848	NA	NA	NA	NA	NA	NA	NA	NA	NA	NA	NA	NA	NA	NA	NA	NA	NA	NA	NA	NA	NA	NA	NA	NA	NA	NA	NA	NA	NA	NA	NA	NA	NA	NA	NA	NA	NA	NA	NA	NA	NA	NA	NA
K88-2-1(x4)-2-1	K88-2-1(x4)-2-1	NA	NA	NA	NA	NA	NA	NA	NA	NA	NA	NA	0.637833063	NA	NA	NA	NA	NA	NA	NA	NA	NA	NA	NA	NA	NA	NA	NA	NA	NA	NA	NA	NA	NA	NA	NA	NA	NA	NA	NA	NA	NA	NA	NA	NA	NA	NA	NA	NA	NA	NA	NA	NA	NA	NA	NA	NA	NA	NA	NA	NA	NA	NA	NA	NA	NA	NA	NA	NA	NA	NA	NA	NA	NA	NA	NA	NA	NA	NA	NA	NA	NA	NA	NA	NA	NA	NA	NA	NA	NA	NA	NA	NA	NA	NA	NA	NA	NA	NA	NA	NA
L108-1-1-1-1-1-1	L108-1-1-1-1-1-1	NA	NA	NA	NA	NA	NA	NA	NA	NA	NA	NA	NA	NA	NA	27.14514097	47.10644282	20.65112192	69.64018179	95.32392099	1.196624324	9.977589257	58.28217373	-0.016918452	61.03625911	-0.022013361	-2.782997885	25.89877202	0.858793264	9.436853956	14.41580983	3.322201378	0.815605054	0.926488191	75.28402743	19.52320156	64.64408555	41.33280386	7.872131319	30.89467258	1.426096636	0.687430376	7.488105716	12.07056947	9.310329441	2.743196945	0.815296335	0.909096262	54.00121581	9.277845174	0.903682735	65.29380874	59.15585533	-0.011218724	63.55538637	-0.00141104	2.491215642	23.06477431	NA	NA	NA	NA	NA	NA	NA	NA	NA	NA	NA	NA	NA	NA	NA	NA	NA	NA	NA	NA	NA	NA	NA	NA	NA	NA	NA	NA	NA	NA	NA	NA	NA	NA	NA	NA	NA	NA	NA	NA	NA	NA	NA
L108-2-1-1	L108-2-1-1	NA	NA	NA	NA	NA	NA	NA	NA	NA	NA	NA	NA	NA	NA	50.37935992	59.46629666	30.53774064	84.76420116	107.8178343	0.031768647	9.512506388	58.3719918	-0.016918316	58.16586946	-0.021545258	0.193227327	22.96713377	0.950474093	6.789697846	15.37665089	3.398504347	0.830650022	0.9374826	79.64702242	15.52542659	92.38204391	62.34310332	15.95635091	56.64475084	1.592762216	0.775762492	5.884869475	13.53479956	5.715600665	3.331349491	0.81122613	0.931081182	86.66718227	11.25291265	0.902917699	65.05378927	57.92412793	-0.01121849	59.53423167	-0.001407062	1.265540781	29.30053954	NA	NA	NA	NA	NA	NA	NA	NA	NA	NA	NA	NA	NA	NA	NA	NA	NA	NA	NA	NA	NA	NA	NA	NA	NA	NA	NA	NA	NA	NA	NA	NA	NA	NA	NA	NA	NA	NA	NA	NA	NA	NA	NA
L125-1-1-1	L125-1-1-1	10.48164473	58.00792941	32.3676913	141.8371334	109.1495423	32.49556458	0.447682968	40.53685761	123.7227909	33.09777683	15.55553663	80.64682989	6.526228749	85.73577093	47.9445058	51.46643638	23.76283196	88.96786242	120.8598607	0.130386945	7.64327826	64.41241145	-0.01691853	64.04665587	-0.021724111	0.234517115	31.79884233	0.932400849	10.08668284	10.73406929	3.071981184	0.835251047	0.955700613	83.93340105	14.54308354	93.79148468	64.54096707	18.47236875	58.96858309	1.342761286	0.849186937	4.012752794	9.167756335	9.163776079	2.54503109	0.86062581	0.936481023	69.24475075	8.347472961	0.91621929	98.4834614	60.53586499	-0.01121854	63.69963538	-0.002113973	3.009170932	29.48122109	NA	NA	NA	NA	NA	NA	NA	NA	NA	NA	NA	NA	NA	NA	NA	NA	NA	NA	NA	NA	NA	NA	NA	NA	NA	NA	NA	NA	NA	NA	NA	14.48990084	24.4966923	76.22101852	59.00253368	60.7183463	59.18951299	NA	NA	NA	NA	NA	NA
L17-1-1-1-1-1	L17-1-1-1-1-1	NA	NA	NA	NA	NA	NA	NA	NA	NA	NA	NA	NA	NA	NA	NA	NA	NA	NA	NA	NA	NA	NA	NA	NA	NA	NA	NA	NA	NA	NA	NA	NA	NA	NA	NA	NA	NA	NA	NA	NA	NA	NA	NA	NA	NA	NA	NA	NA	NA	NA	NA	NA	NA	NA	NA	NA	NA	NA	NA	NA	NA	NA	NA	NA	NA	NA	NA	NA	NA	NA	NA	NA	NA	NA	NA	NA	NA	NA	NA	NA	NA	NA	NA	NA	NA	NA	NA	NA	NA	NA	NA	NA	NA	NA	NA	NA	NA	NA	NA	NA
L185-1-1-1-1-3-1	L185-1-1-1-1-3-1	NA	NA	NA	NA	NA	NA	NA	NA	NA	NA	NA	NA	NA	NA	45.46548681	40.71655055	26.58012563	96.13564192	130.2248075	1.44617821	9.898450467	59.61533313	-0.016918347	60.06227101	-0.010591278	-0.475162481	34.95280093	0.801143053	6.60225109	13.06727784	3.112051127	0.827027269	0.939338663	78.70283239	13.52957696	78.36574439	94.41105172	55.75022366	45.46094862	1.759427449	0.339671399	6.20103897	12.26090784	5.452647334	2.699317172	0.828001719	0.920611519	60.53166184	16.91096472	0.944698388	47.06249794	62.45790259	-0.011218686	61.16600309	-0.001410439	1.307545658	-16.03340069	NA	NA	NA	NA	NA	NA	NA	NA	NA	NA	NA	NA	NA	NA	NA	NA	NA	NA	NA	NA	NA	NA	NA	NA	NA	NA	NA	NA	NA	NA	NA	NA	NA	NA	NA	NA	NA	NA	NA	NA	NA	NA	NA
L25-1-1-1-1-1	L25-1-1-1-1-1	NA	NA	NA	NA	NA	NA	NA	NA	NA	NA	NA	NA	NA	NA	45.24498633	44.30037938	37.75242532	109.2046848	134.6822254	0.44665977	18.83953591	63.12191385	-0.016918076	64.21100623	-0.019670925	-1.150700622	25.15792898	0.909157345	11.84526283	14.26398855	4.071099146	0.815852724	0.944357878	119.5584343	15.50221763	123.6954641	100.4959146	31.00922222	41.10731775	2.203870381	0.48110037	20.25903112	12.12197536	6.427822573	3.531873654	0.813982215	0.937259511	96.48745002	13.3612187	0.899687238	54.06548693	62.83335547	-0.011218484	62.87162188	-0.001406348	2.760273593	23.37282399	NA	NA	NA	NA	NA	NA	NA	NA	NA	NA	NA	NA	NA	NA	NA	NA	NA	NA	NA	NA	NA	NA	NA	NA	NA	NA	NA	NA	NA	NA	NA	NA	NA	NA	NA	NA	NA	NA	NA	NA	NA	NA	NA
L48-1-1-1-1-1	L48-1-1-1-1-1	NA	NA	NA	NA	NA	NA	NA	NA	NA	NA	NA	NA	NA	NA	40.00069716	45.20012315	35.49422296	104.3012296	140.6207353	1.786902447	8.40854468	66.99675468	-0.025377361	65.70975359	-0.030540665	1.286593462	36.57616639	0.885036633	7.081574931	12.50695808	3.302778772	0.843470945	0.943040052	91.52021591	16.19587065	143.4385286	103.8208751	28.75709203	46.84617179	2.421635049	2.237087646	9.454494484	13.20369624	8.884237904	3.07401646	0.829755369	0.933839409	83.59541922	9.510351936	0.948038458	17.46882642	62.84736615	0.322114615	63.17612862	0.331924582	2.449535306	39.30786041	NA	NA	NA	NA	NA	NA	NA	NA	NA	NA	NA	NA	NA	NA	NA	NA	NA	NA	NA	NA	NA	NA	NA	NA	NA	NA	NA	NA	NA	NA	NA	NA	NA	NA	NA	NA	NA	NA	NA	NA	NA	NA	NA
Late_Mammoth	Late_Mammoth	9.145945343	64.1923937	56.16263107	210.0983346	170.0053333	40.40881169	1.804184769	28.96796	160.9714638	45.55606815	12.01558206	35.05184831	6.244872106	123.8607796	70.89691357	42.96626013	53.17770638	143.3588285	190.5793338	1.759885771	10.42841715	65.21219439	1.649748082	65.55778247	1.646351732	-0.448780622	47.21442538	0.885050925	6.407653856	15.90297687	5.040072587	0.775953183	0.937081102	101.3899569	27.33276194	170.6708847	132.8026517	39.12009873	41.79803303	1.42609695	0.60943102	11.42827964	13.33419437	9.811158235	3.968596396	0.806574466	0.943806372	79.33526133	16.40101279	0.881676431	59.10122807	66.30174007	0.988781464	68.74285204	1.665261513	3.501868894	37.98989741	NA	NA	NA	NA	NA	NA	NA	6874	22155	120313	305055	2449278	24506	8824	42716	42897	15287	106663	20268	1667253	194549	1349396	398616	1614966	116145	51026	155220	295184	58901	700346	45524	77.42935901	107.2100017	70.33463326	44.10000452	260.4946889	191.7889166	77.79219442	107.2100578	70.46770023	44.10000801	262.5917229	191.7889845
Luther_Hill	Luther_Hill	9.337895756	49.57890387	15.21996059	105.6698367	73.27434354	32.26166111	2.577482578	37.12830549	91.8783559	22.30505101	9.580194434	72.63569105	2.289539168	103.9857856	78.48946456	46.54964595	21.01664135	66.82930057	96.82524655	0.601279743	6.702475424	49.33104072	1.983081713	47.45534123	1.980318353	1.858728882	30.2407401	0.969857135	5.979392	9.74606741	2.898491782	0.785453641	0.919019986	63.08710273	18.49611086	87.00816756	55.42498983	13.63680004	46.65233942	1.426092587	1.113776571	3.133737228	8.034294373	4.626651144	2.438292632	0.832394965	0.935426113	51.64339505	10.81709415	0.897837942	80.21931774	52.55923579	1.32211454	53.01402808	1.998591351	1.158686419	31.46699352	15.72989094	35.96028616	20.89313354	4.075889456	4.618337809	12.53636036	19.44754217	1490	20937	117252	686526	1824379	45459	982	17414	2915402	40715	207339	58849	34552	1333514	1717518	8676	54480	68735	41083	133062	187442	39868	567292	2291	116.8509613	99.76000109	62.33375085	45.60002407	309.6777715	183.3823646	117.6367791	99.76006368	62.4261965	45.60003053	312.9954129	183.3826543
M126-1-1-1-2-2-3-1-2-1	M126-1-1-1-2-2-3-1-2-1	NA	NA	NA	NA	NA	NA	NA	NA	NA	NA	NA	NA	NA	NA	55.80009592	49.63378046	34.21401345	110.9779555	153.2979599	1.055355863	8.362216906	63.0784433	0.31641506	64.56057486	0.307107135	-1.490865928	41.86163467	0.909677006	10.85320182	15.48923827	3.790615763	0.82796733	0.950143377	92.99272682	17.51618424	159.7296301	116.686278	29.36258195	51.05702736	1.842761156	1.353385651	8.00823431	15.17424968	15.10070448	3.38026995	0.82798834	0.913138901	73.83412774	10.21651957	0.961527059	70.5557617	59.43624375	1.322114806	60.70767387	1.998590994	3.907476517	43.23290721	NA	NA	NA	NA	NA	NA	NA	NA	NA	NA	NA	NA	NA	NA	NA	NA	NA	NA	NA	NA	NA	NA	NA	NA	NA	NA	NA	NA	NA	NA	NA	NA	NA	NA	NA	NA	NA	NA	NA	NA	NA	NA	NA
M23	M23	NA	NA	NA	NA	NA	NA	NA	NA	NA	NA	NA	NA	NA	NA	71.0323397	46.0501175	17.54753768	67.70101037	94.31554251	1.318453037	5.108464042	51.96776718	0.316414958	52.20075261	0.309055895	-0.164533483	27.04285838	0.933762666	5.823412062	10.76561032	2.464311983	0.85920566	0.942187632	58.08984573	9.316833733	124.0767296	85.75703845	26.81059969	50.73137566	1.926095535	1.138700908	6.225908658	13.14019604	6.273120536	2.999051672	0.818708686	0.94177758	53.16360705	12.62339391	0.966970312	92.79968748	51.0535155	0.988781248	52.00152393	-0.001406677	3.652303695	38.2981973	17.18031995	33.73992975	15.62522568	4.06903075	4.613061887	9.398220804	16.97181425	75329.5	75977.5	308805	912082	1424116.5	8207.5	119747	24754.5	2301386.5	157819.5	168771.5	27202	1902308	163367	849547	365365	924621.5	61452	18546.5	203982.5	292806.5	21485.5	323604	83948.5	NA	NA	NA	NA	NA	NA	NA	NA	NA	NA	NA	NA
M31-1-1-1-1-1-1	M31-1-1-1-1-1-1	NA	NA	NA	NA	NA	NA	NA	NA	NA	NA	NA	NA	NA	NA	74.16524559	48.85413292	27.24448912	104.4764093	134.9927502	0.814852103	12.50297559	56.0152718	-0.016918459	58.31011564	-0.026535384	-2.269337085	30.753604	0.948678768	6.593215871	13.86424843	4.051549359	0.849902399	0.958269692	105.372633	14.35400582	127.427535	92.54565492	24.86330343	50.57700562	2.092762687	0.422289571	13.53333256	13.25748521	6.55452194	3.903753665	0.774617543	0.953594003	92.31073407	13.0651654	0.942265362	90.56718297	58.02451443	-0.011218605	65.87350221	-0.001401254	2.607763426	35.21677674	NA	NA	NA	NA	NA	NA	NA	NA	NA	NA	NA	NA	NA	NA	NA	NA	NA	NA	NA	NA	NA	NA	NA	NA	NA	NA	NA	NA	NA	NA	NA	NA	NA	NA	NA	NA	NA	NA	NA	NA	NA	NA	NA
M5	M5	7.145491806	66.69168358	60.64050364	199.4887154	154.9935944	43.99633621	1.707755852	33.62319098	138.1987946	34.77754641	17.9676838	54.48783306	4.650905613	77.61077334	48.20061762	35.63297729	39.31380421	125.5648331	162.3722801	0.391325059	19.53052582	66.74976186	1.316415003	66.77035314	1.646144456	-0.102675575	36.60302963	0.895696984	6.119520379	12.63649107	3.696529565	0.81967156	0.950370366	88.04422389	18.05234647	168.5648994	127.7191856	26.85167709	40.35924783	1.676095307	0.016648429	12.63048879	11.17122411	6.622422353	3.06133615	0.853189401	0.932099603	62.30681596	13.44984514	0.916241945	62.59636459	66.61772425	0.988781433	66.24499682	1.665263615	2.342151447	40.91983189	11.8382419	32.94085549	21.51234412	4.958511592	4.698238127	12.1383168	20.46694516	NA	NA	NA	NA	NA	NA	NA	NA	NA	NA	NA	NA	NA	NA	NA	NA	NA	NA	NA	NA	NA	NA	NA	NA	90.95875878	150.470008	60.42924423	45.40002281	231.2181705	275.5860921	91.61872214	150.4700784	60.46896992	45.40000231	231.1341051	275.5861076
M6388	M6388	NA	NA	NA	NA	NA	NA	NA	NA	NA	NA	NA	NA	NA	NA	31.3684441	45.70729819	38.91413304	107.3279941	132.3002126	1.405065098	12.5295152	63.89230762	-0.025377647	63.41045738	-0.03380027	0.32997375	24.13750701	0.879325802	5.983563044	13.87595349	3.773962694	0.786933641	0.927909933	94.62018524	11.43716739	130.085125	101.538081	42.69620667	51.3226699	1.759427415	0.384003178	17.26923238	13.37289571	7.772692346	3.650457337	0.814964966	0.943668863	65.6809035	14.12420823	0.827955325	81.63440962	64.63654179	-0.011218604	64.83899448	-0.001406664	1.919192839	29.03623818	20.72934494	23.80987669	2.099401541	5.944874614	5.733041347	14.13491101	25.24009383	NA	NA	NA	NA	NA	NA	NA	NA	NA	NA	NA	NA	NA	NA	NA	NA	NA	NA	NA	NA	NA	NA	NA	NA	NA	NA	NA	NA	NA	NA	NA	NA	NA	NA	NA	NA
M6411	M6411	NA	NA	NA	NA	NA	NA	NA	NA	NA	NA	NA	NA	NA	NA	81.83404749	37.46743892	36.09929507	99.74728386	140.976561	0.408464313	13.55545459	60.09350052	1.983081615	61.44646673	-0.024243912	-1.193599541	41.33391926	0.935043507	7.45288977	13.31548896	3.216319173	0.851727435	0.943748845	60.3055042	21.02609032	134.8596581	96.29183478	29.84813192	44.34222031	1.759427858	1.211481026	14.46949289	13.97943375	8.325975217	3.4722178	0.825882313	0.923140682	65.08408681	18.33453999	0.94484399	64.75515535	58.2960902	0.65544833	59.63543918	-0.001406444	1.343984372	38.31571731	NA	NA	NA	NA	NA	NA	NA	NA	NA	NA	NA	NA	NA	NA	NA	NA	NA	NA	NA	NA	NA	NA	NA	NA	NA	NA	NA	NA	NA	NA	NA	NA	NA	NA	NA	NA	NA	NA	NA	NA	NA	NA	NA
M6421	M6421	NA	NA	NA	NA	NA	NA	NA	NA	NA	NA	NA	NA	NA	NA	64.18399297	55.46640756	20.62036875	91.25407447	126.6197077	0.409528462	11.76927358	62.43350549	-0.016918273	62.53554254	-0.015067398	-0.13796501	35.68749283	0.847215526	5.350261657	12.51193209	2.57830269	0.831785908	0.91341734	69.30873446	15.54192258	136.8463374	102.6094615	28.70088131	46.32133004	2.009432526	1.397947032	17.6847078	10.68639437	4.329212077	2.369487289	0.811832295	0.90723895	49.38675904	8.345496368	0.86871988	83.68856687	61.04009907	-0.011218647	63.58718306	-0.001405263	0.210896817	34.31469137	NA	NA	NA	NA	NA	NA	NA	NA	NA	NA	NA	NA	NA	NA	NA	NA	NA	NA	NA	NA	NA	NA	NA	NA	NA	NA	NA	NA	NA	NA	NA	NA	NA	NA	NA	NA	NA	NA	NA	NA	NA	NA	NA
M822	M822	7.481644733	63.50792941	57.8676913	191.8371334	146.1495423	45.49556458	2.947682968	55.53685761	139.474118	31.63948551	12.09549119	57.59682989	4.317973339	70.11078289	84.45400177	61.88363586	47.6853217	128.39731	167.3610216	0.546694182	18.11810507	64.25941878	1.316415069	64.7359011	0.314741721	-0.494725941	38.95084805	0.857961113	6.864486787	14.78044652	3.476001655	0.813903144	0.922864508	95.01194474	14.3376461	148.0869635	105.7141554	37.7578795	56.32266437	1.842764035	0.426444652	11.03105833	12.63395893	6.14553042	2.615197644	0.810528538	0.879550204	63.89207352	13.4547795	0.967581808	58.80477881	63.49520405	-0.011218799	64.49642371	-0.001411321	1.594839988	41.90146318	14.22292177	31.95710947	17.79263408	4.690978923	4.523323528	8.906601013	17.78651453	NA	NA	NA	NA	NA	NA	NA	NA	NA	NA	NA	NA	NA	NA	NA	NA	NA	NA	NA	NA	NA	NA	NA	NA	80.76856052	120.261702	72.09508019	45.25254592	290.1473004	221.9167773	81.63164679	119.4860326	72.04595475	45.41897574	291.743692	219.3921154
M90-1-1-1-2-2-1-1	M90-1-1-1-2-2-1-1	NA	NA	NA	NA	NA	NA	NA	NA	NA	NA	NA	NA	NA	NA	73.54957506	54.71652665	37.86069257	113.5428329	145.409259	0.001784069	5.157828267	58.77812574	-0.016918247	57.35003268	-0.021152461	1.254194902	31.49078818	0.943559346	5.533359207	11.62778528	3.348609587	0.847705864	0.955541628	93.44334421	17.11871078	131.0040191	95.92730469	27.04178228	53.63386256	1.842758382	0.668831768	7.60788541	11.48507354	6.544529183	3.490583452	0.807920072	0.945790926	86.01058476	14.35062979	0.928313742	78.94025307	56.47433317	-0.011218438	57.08696628	-0.0014042	2.881811895	35.02763939	NA	NA	NA	NA	NA	NA	NA	NA	NA	NA	NA	NA	NA	NA	NA	NA	NA	NA	NA	NA	NA	NA	NA	NA	NA	NA	NA	NA	NA	NA	NA	NA	NA	NA	NA	NA	NA	NA	NA	NA	NA	NA	NA
MDM-1	MDM-1	NA	NA	NA	NA	NA	NA	NA	NA	NA	NA	NA	NA	NA	NA	35.9134129	38.16089399	32.82895993	94.75071607	132.8048314	2.137164353	7.914344201	65.19021283	-0.016918299	62.92386749	1.985225656	2.201479986	38.46738726	0.943098209	4.935367569	11.36931342	2.729143144	0.828221451	0.949675725	65.60328519	10.67168421	NA	NA	NA	NA	NA	NA	NA	NA	NA	NA	NA	NA	NA	NA	NA	NA	NA	NA	NA	NA	NA	NA	NA	NA	NA	NA	NA	NA	NA	NA	NA	NA	NA	NA	NA	NA	NA	NA	NA	NA	NA	NA	NA	NA	NA	NA	NA	NA	NA	NA	NA	NA	NA	81.72898208	147.0166961	70.30570914	53.40253993	271.207096	314.7032328	81.7452008	146.2410364	70.43227719	53.56896579	273.8829109	312.1787515
MDM-5	MDM-5	9.117423064	62.13364469	39.23097024	143.2828635	107.6445119	35.39560233	0.865486478	41.96796	91.47870108	31.88782815	15.11337709	69.65184831	NA	NA	78.22885931	44.63341076	42.34472734	97.88690709	132.5477238	0.052139812	10.86896037	62.51532571	1.983081634	63.57708336	1.977202704	-1.132024878	34.3014964	0.829192076	3.453547186	9.278371749	3.436500222	0.825347557	0.957070988	102.1551363	10.8352719	110.7054301	77.05317379	23.56183863	50.10757401	1.676092468	0.867591584	8.599349682	8.751018752	6.607254237	3.217567519	0.78912716	0.929507575	84.66578741	13.9553267	0.942031216	79.74331651	62.20066982	0.322115052	62.78882837	1.665261485	1.147239743	33.5229369	16.1462837	30.05946497	13.22053679	4.506894141	5.026031407	8.720245817	18.24260581	2314.666667	39178	80210.33333	180934.3333	1365194	11905	2196	831682.3333	3515519.333	190043.3333	176672.3333	6743.666667	77676.66667	184031	691657.3333	35379.33333	755364.3333	27799.33333	26568.66667	28021.33333	182950	11676.66667	314787.6667	2809.333333	79.84239324	162.6233816	71.5198873	51.90503448	279.6072502	343.0154327	79.58097187	161.0717334	71.65581163	52.23793052	279.841514	337.9655697
MDM_1	MDM_1	5.323617318	62.22717081	47.90483602	154.8815909	121.560847	32.95954856	2.522655657	29.66891493	114.5265771	31.3811835	11.7300127	40.88226364	2.370897513	75.86078077	NA	NA	NA	NA	NA	NA	NA	NA	NA	NA	NA	NA	NA	NA	NA	NA	NA	NA	NA	NA	NA	111.591979	79.14060744	23.48853594	39.8803838	2.092762719	0.915255798	7.964006434	10.73750416	4.896025045	2.707345084	0.834159556	0.950314696	65.17281724	6.733207251	0.971558264	73.88424717	60.97827346	-0.011218768	61.50041468	1.331923969	1.734899705	31.99321671	15.55544508	34.2813126	18.4019112	4.419439661	3.965180878	8.13611242	16.43464406	291940.6667	104232	42886	257829.3333	477959	15116.66667	135089	98135.66667	374135.6667	23236.33333	542619	14986	266389	112646	48567.66667	53146.33333	68030.66667	21308.33333	64789.33333	28103.66667	97167	5933.666667	95700	3744	86.419364	101.4300028	69.79754918	60.70001735	284.6886527	258.0916119	85.54780441	101.4300497	69.88947447	60.70001562	281.3596089	258.0917442
MDM_12	MDM_12	NA	NA	NA	NA	NA	NA	NA	NA	NA	NA	NA	NA	NA	NA	69.87791169	43.21636619	36.02245218	101.9888725	124.7484358	0.007428604	8.666936506	58.60743992	-0.016918213	61.14599557	-0.02297812	-2.491903725	22.78134603	0.912770045	10.69317724	14.47144339	3.265856113	0.818210927	0.936189208	80.28896321	11.51386738	127.2710208	97.33175964	35.80995735	42.31936954	1.592764898	0.251637652	11.23598386	14.22819677	12.4296145	3.004133558	0.821047438	0.924661912	58.81368576	11.22103876	0.951695789	78.27598296	60.28834674	-0.011218838	63.21040022	-0.001407861	1.818631307	29.78458542	12.32299968	27.94236969	15.45196395	5.219726199	5.827795336	9.722982348	20.56986466	NA	NA	NA	NA	NA	NA	NA	NA	NA	NA	NA	NA	NA	NA	NA	NA	NA	NA	NA	NA	NA	NA	NA	NA	NA	NA	NA	NA	NA	NA	NA	NA	NA	NA	NA	NA
MDM_15	MDM_15	2.070322768	62.83211856	40.36789228	155.0554624	120.3510894	33.95669396	3.371679088	29.5798031	141.4261254	21.99902467	12.91978553	15.91223566	8.907384468	121.1107849	50.57671323	36.74477181	42.58361373	115.728466	155.6621482	1.476628598	11.6734414	63.73228741	-0.01691829	63.41777524	-0.022126346	0.190737026	39.60908306	0.985066561	7.774745435	16.2848517	3.350344623	0.786620008	0.919895109	68.07966994	23.58324478	158.4554306	114.9082038	43.31124594	39.47448123	2.092759655	0.989591206	11.13088252	14.92060726	6.863363893	2.933649951	0.827808102	0.935144571	51.27092025	11.71242799	0.991491472	85.19757307	61.9608043	-0.011218747	62.85047011	-0.001407233	2.754525857	43.56683181	17.56300637	32.17863179	13.75249257	4.332328752	4.972463563	8.690221687	16.89003408	173074.6667	80673.66667	56564	426647.3333	1246048.667	34348	194514.3333	270019.3333	172013.6667	27531	142995.3333	2756	42291.66667	73693	360342.6667	14105	12465.33333	7466.333333	14749	53330.66667	48949.66667	6996.666667	109302	1459	74.03104141	76.6299977	69.18131957	53.30001221	237.1886188	164.089934	72.24420126	76.62997289	69.15902892	53.2999889	233.5190047	164.0899173
MDM_16	MDM_16	5.981644733	63.00792941	59.3676913	177.8371334	139.1495423	38.99556458	1.804184769	42.03685761	151.7227909	40.09777683	19.05553663	46.04682989	10.17224336	164.360781	80.08487314	46.46703709	62.96950424	148.1510458	186.4721149	0.357354959	8.739665023	62.52030241	-0.016917968	64.63312225	-0.016243988	-2.133555843	38.22498107	0.979355784	5.451551287	14.81774565	3.808949844	0.778126126	0.952903249	88.52982269	15.58408355	171.5070961	135.2980444	46.79514256	44.51993424	1.717504568	0.255593558	6.302651464	13.14098306	12.44664303	3.343534067	0.813970559	0.942388215	70.5497126	13.34545593	0.983958107	95.23782907	62.026329	-0.011218404	63.99718186	-0.001404755	1.635884128	36.86386182	18.31292874	29.41225714	9.176347883	5.470097173	5.445478052	5.083430076	16.54612692	16691	60499.5	77656	1459010.5	5837550	28412.5	29497.5	2370559	9496354	661565	213385	41900	35013.5	914022	2878259	83107	78968.5	41449	50790	98784	103713	108459.5	607554.5	3987	85.33490084	57.1016923	69.07101852	58.10253368	272.5221286	136.1780497	84.59247443	56.32587658	69.18397876	58.2689965	269.0388595	133.6532137
MDM_18	MDM_18	9.617423064	62.13364469	51.73097024	168.7828635	133.1445119	35.39560233	1.865486478	41.1014928	143.9787011	41.88782815	20.61337709	73.50184831	8.401228749	133.2357709	73.47289455	42.21621205	50.07998678	127.8156162	161.5971705	0.479884782	7.256981097	62.29900083	-0.01691856	63.11576372	-0.020348379	-0.809520607	33.4546646	0.980388688	8.274534913	15.29010834	4.018795403	0.787452163	0.938849441	67.11431717	18.56806723	134.4655133	101.2918343	36.49857027	42.94221743	1.759427634	0.699043533	6.735653749	12.56622502	9.070379723	3.449252003	0.78886522	0.910466324	61.65817782	24.63927551	0.945041028	63.73396573	60.14783901	-0.011218258	62.09643109	-0.001404733	1.99323493	32.59921046	20.95275674	33.61568285	11.10290896	4.008763601	4.682191073	5.977528859	13.54912214	8864.333333	43573.66667	40593.33333	268594.6667	1811934	9103	8689.666667	833113.6667	3117995	181491	248225.6667	3669.333333	31459.33333	251984.3333	724795.6667	21028.33333	89642.66667	20176	37132.66667	74043	88178.33333	32286.66667	366572.3333	1220	52.78747146	64.73169375	69.83260854	51.85254002	175.7907675	137.6477444	53.00349179	63.95596518	69.89479642	52.01897772	175.8273498	135.123076
MDM_19	MDM_19	12.00174283	59.76265805	32.6691684	138.7744664	98.62809956	38.92276092	2.337555462	44.21463887	118.8543596	29.98482059	11.49234161	92.62669422	4.287204525	72.86077915	41.89828432	55.5494804	22.68370648	78.64647735	114.9312784	1.285634925	7.608724852	65.26803323	-0.016918489	65.6771536	-0.024123614	-0.44999671	36.21500943	0.891877977	7.687858275	13.16862372	3.076696959	0.841956243	0.937671963	86.12890837	9.24197033	126.1290191	87.94132438	21.92734293	57.5411979	1.592758815	2.205616411	7.325367566	14.9620829	8.05794674	2.765272498	0.799461735	0.897585025	71.1676154	14.79060244	0.911988956	64.59925095	57.53627181	0.322114575	58.88694852	-0.001405267	2.953606972	38.48285818	15.43408309	33.79451288	19.17164562	4.358021305	4.330445794	8.166803909	16.33766802	5912.666667	48763	81651.66667	979231.6667	1768494.667	46757.66667	4042.666667	25597	5811125.333	119998.6667	56586.33333	5686	82708	78727.33333	315118.3333	62059.33333	67330.33333	22088.66667	46265	63333	85763.66667	67236.33333	551049	5385	91.90096133	156.3900011	65.33375085	45.90002407	264.8360436	289.0757973	92.68677912	156.3900637	65.4261965	45.90003053	268.153685	289.076087
MDM_2	MDM_2	7.117423064	68.13364469	50.73097024	171.2828635	137.6445119	33.89560233	1.365486478	25.96796	114.9787011	32.38782815	13.61337709	54.25184831	2.009336564	111.0691076	79.02833767	42.13367606	50.43385919	130.5375901	165.7230776	0.062136427	11.69922303	67.92241529	0.316414924	68.3099912	1.974418239	-0.48507294	34.72753823	0.849205895	10.96842936	14.5825681	3.346368269	0.818521301	0.909577542	66.48982487	19.71801823	159.1388916	125.764211	53.58397323	44.18470672	1.592762329	-0.037015424	13.48028028	12.23799283	9.108740715	2.782544902	0.794527841	0.898569585	54.21183013	13.83386997	0.867398415	72.09680067	66.21275466	0.322114938	66.89641042	1.665258348	-0.040571984	33.69994692	13.64292796	31.21141224	17.5091701	4.340572027	4.030337947	6.688307938	15.09392945	NA	NA	NA	NA	NA	NA	NA	NA	NA	NA	NA	NA	NA	NA	NA	NA	NA	NA	NA	NA	NA	NA	NA	NA	91.88935901	195.9100017	68.53463326	36.30000452	291.3941598	307.5510282	92.25219442	195.9100578	68.66770023	36.30000801	293.4911938	307.5510961
MDM_20	MDM_20	2.981644733	61.50792941	21.8676913	133.8371334	104.6495423	28.99556458	0.947682968	51.03685761	95.22279089	27.09777683	10.05553663	22.99682989	2.86865349	204.2774399	39.12108817	50.54946205	23.17190522	92.66274696	127.2630187	0.617977293	7.25108443	62.59015481	1.983081576	60.361542	1.979118437	2.197096835	35.00580268	0.912552463	11.90020747	10.46526467	3.049385606	0.82241907	0.948046421	77.92454591	14.48626265	127.4253123	90.80727411	21.07186928	49.21371714	1.95387383	0.998589132	6.825117546	11.52064573	9.438547188	3.033719787	0.835668015	0.93904467	77.07373416	9.709349755	0.969321232	48.24322153	57.64494013	1.655447898	56.20631894	1.331923969	1.234899705	36.15988338	25.03366592	31.48053031	5.674952083	4.541325731	6.079375367	6.267638918	12.88459914	NA	NA	NA	NA	NA	NA	NA	NA	NA	NA	NA	NA	NA	NA	NA	NA	NA	NA	NA	NA	NA	NA	NA	NA	NA	NA	NA	NA	NA	NA	NA	NA	NA	NA	NA	NA
MDM_21	MDM_21	4.070322768	62.83211856	23.61740834	123.2318288	89.72032316	33.32952721	5.871679088	32.0798031	129.7459424	31.47331534	10.91952026	31.31223566	4.513463913	54.61078912	11.64730024	37.33365783	20.81290799	67.22666031	103.9931134	5.214344634	10.50578511	63.55175047	-0.027651814	63.34787933	-0.020034056	0.225251385	36.9330865	0.881290328	9.749081949	12.21000884	3.272740098	0.755294165	0.909018966	74.92111538	16.61275233	122.1304522	87.79717768	23.59999463	31.60898277	1.592762083	2.785431207	9.698338647	13.67567578	5.737622779	3.204207504	0.778710404	0.911286608	67.29340535	14.58796039	0.947819339	76.56073328	57.72197337	-0.011218605	58.78849653	-0.001404993	2.569458327	34.23412217	14.70848775	31.94294597	17.9859367	4.956630576	4.813926815	10.08268348	20.0987067	14428	80669.5	1424643	2213642.5	4326748	16720.5	295025	272891	840523.5	65015.5	178071	7317.5	143608	86491	558506	67157	1022468	40283.5	31537	113364	211629	72289	685553	5520.5	49.92811731	119.2299898	69.19839672	NA	161.8739718	NA	50.00986259	119.2297316	69.23378463	NA	162.8359772	NA
MDM_23	MDM_23	4.542254027	58.77407967	36.45835887	115.8496106	89.50200687	25.85596009	1.029409714	29.55810492	149.3659404	37.84645175	13.06534619	34.97625091	4.471297489	95.48576913	85.3069044	40.13298128	29.7679302	80.91326374	105.5743594	0.054080781	12.69538894	63.44154511	-0.016918229	64.42796039	-0.020733789	-1.107797711	24.75410697	0.943032931	6.364430431	13.86180519	3.428386627	0.786497513	0.937387236	85.76661243	13.80932851	104.9397265	79.05318116	24.3417485	44.55455526	1.426090725	-0.012741705	11.1686903	12.77402508	10.04847679	3.102736252	0.781405581	0.933637262	70.28495443	13.83039316	0.928077956	89.44678742	61.55414556	-0.011218782	63.0817789	-0.001408654	2.25047622	26.02587618	11.77819765	29.5488013	18.32279156	4.394057161	4.655110615	9.524817935	17.42090136	NA	NA	NA	NA	NA	NA	NA	NA	NA	NA	NA	NA	NA	NA	NA	NA	NA	NA	NA	NA	NA	NA	NA	NA	77.38342506	108.3466949	72.07746517	66.05250804	264.077121	326.0925697	76.91512656	107.5709713	72.05083421	66.21895391	262.3639702	323.5677606
MDM_6	MDM_6	2.145945343	74.1923937	43.16263107	125.0983346	99.00533331	25.40881169	-0.195815231	54.96796	108.9714638	24.55606815	14.01558206	8.151848313	5.981361988	100.6107744	65.29892185	49.96706035	34.39156506	78.1381361	101.8650438	0.6955994	8.751136129	71.90319966	-0.016918268	71.58866852	-0.016538308	0.220706624	24.1533657	0.974176489	6.540549514	11.62102252	2.868405425	0.837689896	0.951337025	82.73671032	9.93174418	104.0301849	80.40650407	50.91564008	46.63309095	1.50942441	1.35135613	11.07106187	10.24945257	7.641593106	2.679023215	0.84363768	0.950098785	69.1628299	7.225652384	0.967410264	74.75499967	62.33707878	-0.011218771	64.03191085	-0.001408742	1.685737042	23.70715211	14.3953755	29.01848384	14.94274351	4.513978107	4.361018374	5.041411384	14.6878265	NA	NA	NA	NA	NA	NA	NA	NA	NA	NA	NA	NA	NA	NA	NA	NA	NA	NA	NA	NA	NA	NA	NA	NA	98.90935901	94.98000169	68.13463326	59.40000452	309.7202781	233.9408945	99.27219442	94.9800578	68.26770023	59.40000801	311.8173121	233.9409624
MDM_8	MDM_8	12.97367409	63.20461915	23.759635	124.5686146	88.77901706	34.32202704	1.495286088	42.19294068	135.6342661	26.09510233	10.1380349	100.1407095	4.393137227	78.4024492	81.00816464	44.9663939	25.29626878	90.81372752	127.4276223	0.310345558	10.78817926	60.92502569	1.983081576	63.02771311	1.64356511	-2.14469678	36.15145107	0.87698128	7.913253853	14.88202568	3.247525393	0.821133539	0.937817568	77.9459374	18.99162537	135.3213314	95.21340009	20.09255916	41.75406537	1.648314877	1.936283263	9.867224907	13.85327392	10.35533343	3.076780076	0.7486783	0.894529717	52.78408385	15.01265544	0.961105943	67.00272202	60.99134088	0.65544796	64.73176195	0.331926108	3.49203296	40.00760019	13.5590366	27.49328781	13.638172	5.45196755	5.648522075	8.538835559	19.40557528	3289	37168.5	113052	795263.5	1525342.5	25335.5	160	2734.5	5235338	7664	133382	6139	43047.5	104660.5	379125.5	18867	245499	17762	20239	65788.5	133826.5	50395	661725.5	2375.5	89.80641976	105.6000018	69.42024909	58.59991993	305.2162893	255.0724601	91.35306807	105.6000995	69.34519148	58.59990497	311.1457875	255.0726171
MDM_9	MDM_9	8.145491806	60.69168358	44.16263107	155.0983346	126.0053333	32.40881169	1.207755852	51.12319098	105.1987946	32.77754641	12.4676838	62.13783306	2.558033207	153.2357915	48.09049463	49.04941516	26.70803294	88.13900827	121.7217764	0.35897707	8.889871635	62.46630427	1.983081819	59.26119397	1.982727347	2.933600198	33.3034747	0.924193622	9.406662074	9.429066632	2.888202384	0.823443328	0.942634369	75.84082999	9.438974286	97.68456336	93.30136407	58.67404093	55.67497498	1.426093137	-0.08564134	9.8967545	9.953738645	8.693806961	3.270014735	0.821955063	0.927480585	85.13462851	25.12552127	0.956488648	80.84243234	60.59942329	1.995499718	59.13683769	1.502405374	0.884457429	4.157068383	18.16324531	33.22458235	14.36618031	3.30095566	3.753691631	5.231348306	11.88398061	NA	NA	NA	NA	NA	NA	NA	NA	NA	NA	NA	NA	NA	NA	NA	NA	NA	NA	NA	NA	NA	NA	NA	NA	55.73730353	NA	64.49650841	NA	156.2492751	NA	55.93131469	NA	64.54965866	NA	156.4787174	NA
MR10	MR10	8.570322768	61.83211856	50.86789228	168.0554624	133.8510894	33.45669396	1.371679088	49.0798031	115.0860339	27.73617001	8.419652896	65.86223566	2.073968345	56.98578656	27.77613888	54.97089925	28.73616454	101.3423166	138.5231015	0.995820533	3.245363788	66.17697729	0.002274735	68.05899363	-0.011894175	-1.930584887	37.47793403	0.849516032	7.11411951	12.46520563	2.447765936	0.867543763	0.933063454	60.74856689	11.14536082	131.0230599	96.63651449	23.25841516	47.22122192	1.259424059	-0.012741705	3.835356968	11.6337686	5.981057799	2.632632875	0.834721267	0.929753242	51.64170716	11.00755159	0.900717379	63.80576178	61.55414556	-0.011218782	63.41511224	-0.001408654	0.944920664	34.52587618	24.46930128	29.90073308	2.361750919	5.099230715	5.719585813	12.00102921	14.00617831	NA	NA	NA	NA	NA	NA	NA	NA	NA	NA	NA	NA	NA	NA	NA	NA	NA	NA	NA	NA	NA	NA	NA	NA	15.60781176	72.66004851	53.7867338	40.77180478	33.87266488	130.1775245	NA	NA	NA	NA	NA	NA
MR14	MR14	6.570322768	49.83211856	25.36789228	132.0554624	102.3510894	27.45669396	2.371679088	63.0798031	124.5860339	26.23617001	8.419652896	50.51223566	1.928520112	64.73578436	31.78896586	66.78393082	24.79556	104.3088713	141.4878076	1.610288455	10.04132789	57.73846394	0.64974835	50.89360849	-0.026361942	2.246592041	36.5690136	0.972441245	7.442739739	14.41997066	2.866772205	0.836447122	0.920638528	48.50559387	15.40032078	129.6306638	91.70604339	17.83711983	55.37285755	1.342756757	1.752619217	8.350539495	16.07926815	9.07766749	3.243134013	0.772833278	0.924193979	55.16327808	11.96653112	0.953826588	72.33393236	52.21777734	-0.011218438	52.22909361	-0.001405183	2.564831751	37.60632116	NA	NA	NA	NA	NA	NA	NA	123570.6667	14903.66667	25751	126050	470972	6474	161474.3333	53376	614229	8378.666667	115481.6667	7704	389557.6667	223747.6667	53851.66667	82527	32686.66667	95022	24332	44623	39234.66667	8778.666667	99538.33333	11038	3.435386341	22.27998984	53.33302083	35.90005809	7.697176124	34.75817869	3.870817946	22.27973161	53.33722185	35.90011039	9.078236883	34.75784104
MSR_su	MSR_su	4.145038269	64.19097346	33.11837622	153.8790961	111.9818556	41.58386072	1.611326934	36.27842197	133.4261254	37.99902467	15.91978553	15.72669422	NA	NA	68.69762362	42.46635053	38.32047856	121.2927287	155.9876581	0.143344172	8.293027557	65.26810462	1.983081434	64.46475835	1.97523387	0.840842118	34.85437787	0.888596261	6.029736658	14.54019579	4.372226543	0.797787365	0.911432166	91.5110229	27.01679769	147.6792369	111.4678384	33.9958446	54.49586811	1.509430016	0.071676292	11.49284813	14.80050701	6.603155395	3.568698151	0.844577488	0.938887905	72.03138226	14.61707566	0.944896886	87.71448548	63.40225231	1.988781573	62.19899414	1.998595808	0.269970627	36.30650048	NA	NA	NA	NA	NA	NA	NA	NA	NA	NA	NA	NA	NA	NA	NA	NA	NA	NA	NA	NA	NA	NA	NA	NA	NA	NA	NA	NA	NA	NA	NA	92.10584828	90.47338888	70.3637726	54.40507765	308.1641167	200.1098181	91.83390723	88.92187262	70.4303474	54.73796034	308.7070667	195.0604386
Ma2402	Ma2402	10.54225403	50.27407967	15.95835887	114.3496106	82.50200687	30.85596009	2.029409714	58.55810492	121.8659404	31.84645175	11.06534619	81.07625091	4.297243355	152.610781	75.63195965	57.46622328	14.95824144	74.29434409	99.93815522	1.047311082	8.441450796	48.45475632	-0.016918334	51.44355787	-0.02001688	-3.090867684	25.47234731	0.928848806	11.80602326	11.81871602	3.183535099	0.863899144	0.951932803	70.13051436	8.907487302	86.915155	58.11316015	8.7892869	63.31020732	1.134172836	0.607981246	5.316753024	9.628449041	7.078150791	2.915152983	0.809320437	0.939756898	62.56196627	9.806687881	0.884592868	75.93151788	53.07593696	-0.011218607	53.35521915	-0.001404666	2.191345273	28.71970517	15.78993668	30.90465937	15.13656105	4.879466343	4.982868922	8.497059748	18.3580212	NA	NA	NA	NA	NA	NA	NA	NA	NA	NA	NA	NA	NA	NA	NA	NA	NA	NA	NA	NA	NA	NA	NA	NA	87.8254069	70.20998984	67.16908108	50.90005809	266.1979267	142.9938784	87.60028364	70.20973161	67.24057244	50.90011039	266.0742038	142.9935407
Ma32	Ma32	8.570322768	54.83211856	23.36789228	135.5554624	100.3510894	34.45669396	2.871679088	59.0798031	147.0860339	33.73617001	14.9196529	65.86223566	4.785579697	143.735795	67.05161158	63.21577113	29.8360789	103.5509333	134.1459425	1.305639504	10.90915227	56.5834349	-0.016918667	57.4725154	-0.021175816	-0.831215308	30.71258057	0.972375413	6.113406278	13.02123803	3.388137194	0.835790686	0.941423878	78.57156746	15.7093226	116.6989947	87.00454811	20.25702588	54.06145446	1.426095826	0.483918856	4.270537953	11.97941616	10.65992314	3.105615758	0.817008427	0.937022145	60.64970787	10.41461621	0.880011243	79.60603451	54.81651872	0.322114508	56.84526898	0.331926815	2.471539568	30.00832273	19.20411197	35.57042921	15.40636619	3.93529928	3.878928396	6.661886499	14.05392839	259505.6667	56361.33333	21002.66667	492846	2967846.333	13222.66667	436.3333333	47436.66667	4405765.667	68006	372478	11359	43870	493670.3333	1095776.333	54516.33333	48502.33333	34362.33333	39584	164446.6667	140099.3333	165102	252265	3628.333333	108.7109448	107.5499977	67.29754608	45.00001221	329.5518606	195.5454527	107.6815542	107.5499729	67.31968816	44.9999889	327.9885287	195.545436
Ma401	Ma401	7.973674088	66.20461915	49.759635	191.5686146	153.7790171	37.82202704	1.995286088	57.19294068	NA	NA	NA	61.69070947	0.498729749	84.36077648	48.27047905	55.22238153	30.46369524	108.0342412	144.0911149	1.404681509	8.09004932	67.91420441	1.316415194	67.35073553	1.978936646	0.526684362	35.48424931	0.83112366	7.479109719	18.49448568	2.271658801	0.767848047	0.812232702	34.78058926	21.80785186	137.7454785	104.257675	29.56303324	55.45850039	1.759426144	0.306898181	7.307247635	18.51934364	6.410619948	2.649104831	0.790004092	0.811322144	32.67297395	24.69043642	0.946915468	85.31667962	60.61488874	0.3221148	61.82143681	0.998595967	0.85101727	33.86694166	10.61595061	20.30635506	9.675525444	6.819365681	6.964348388	13.95268271	28.22470252	NA	NA	NA	NA	NA	NA	NA	NA	NA	NA	NA	NA	NA	NA	NA	NA	NA	NA	NA	NA	NA	NA	NA	NA	10.44528431	NA	76.31574399	NA	43.75861298	NA	9.781286075	NA	76.20501505	NA	39.82925272	NA
Ma5125	Ma5125	8.337895756	55.57890387	41.39635606	147.1228845	118.2840474	28.9219893	1.077482578	41.12830549	95.3783559	36.80505101	17.08019443	64.98569105	4.456189461	74.74999279	0.774511151	48.20729819	19.41413304	71.82799409	94.55021258	-0.003287441	10.9890624	69.19307936	-0.055304004	69.7910698	-0.0422913	-0.548557082	21.88750701	0.769965503	7.229439004	11.51802803	3.410926915	0.84535464	0.920776407	67.91793583	22.26756049	78.7766133	59.45439802	17.63811293	60.03852314	1.592764752	0.527685701	10.54511099	7.824126624	5.26598443	3.502400657	0.77346043	0.920433936	80.3384918	23.95289258	0.897229467	66.30681325	61.15495845	-0.011218527	60.84553595	-0.001407198	1.352684026	19.40223286	12.61296607	31.74489545	19.09282833	4.450429252	4.476015433	7.66696761	17.49580517	476161	98743.33333	88742.66667	1528293.667	103142.3333	41533.66667	1189.666667	3624200	14891387	317013.6667	1219198.667	25685.33333	187228	1412675.667	3134561.667	63044	121294.3333	34363.33333	155859.6667	69434.33333	252754.3333	573109.3333	948907.6667	4228.333333	NA	NA	NA	NA	NA	NA	NA	NA	NA	NA	NA	NA
Ma83608	Ma83608	NA	NA	NA	NA	NA	NA	NA	NA	NA	NA	NA	NA	NA	NA	77.43517662	44.6330851	26.25312193	94.97703713	121.1459433	0.827274226	6.676836432	51.36184638	-0.01691822	53.09192837	-0.018966039	-1.810268382	25.9704503	0.982889158	5.584234465	13.07712038	3.659567268	0.864621938	0.956643652	93.29579889	12.34193351	94.91034929	68.0741263	13.78247627	46.53588236	1.676090331	0.301574067	2.10639237	9.481223346	6.202086221	2.876658005	0.815681413	0.907858712	67.96952553	13.94498075	0.923918139	80.01914938	56.1069892	-0.011218682	55.9762974	-0.00140645	1.640921966	26.94909448	15.73050464	29.11458242	12.74819369	5.067762519	5.212029742	6.938066118	17.04286646	NA	NA	NA	NA	NA	NA	NA	NA	NA	NA	NA	NA	NA	NA	NA	NA	NA	NA	NA	NA	NA	NA	NA	NA	NA	NA	NA	NA	NA	NA	NA	NA	NA	NA	NA	NA
Maiz_Amarilla_Evergreen	Maiz_Amarilla_Evergreen	4.042254027	60.27407967	39.45835887	151.8496106	114.5020069	36.85596009	3.029409714	50.55810492	140.8659404	46.34645175	12.56534619	31.12625091	6.434067683	166.2774477	66.6411775	58.05055404	47.16507794	118.5858082	151.7035286	0.55153839	9.281201543	59.71266912	1.983081642	59.54193002	1.974408796	0.152935034	32.64386785	0.968917861	12.68824841	15.0531262	4.288704859	0.830367248	0.937396579	84.77009649	21.04190233	130.5706527	102.8949825	36.00423496	53.74807566	1.59275663	0.60092557	7.775750507	12.26952592	14.98825181	3.63715453	0.802482951	0.9349001	85.82042876	14.52384678	0.954992933	83.26379334	56.95035099	1.322114374	57.80596015	1.331926926	2.451296521	28.12510021	NA	NA	NA	NA	NA	NA	NA	85611.5	175924	70144.5	2882602	3517793.5	35511.5	167649.5	27120.5	5997191	100560.5	169750	7047	93104	199557	1265303	14462	19776.5	33049.5	12332.5	60431	60259.5	165481.5	376049	4494.5	NA	89.14000504	73.28726243	59.39995339	NA	219.5566419	NA	89.14006186	73.20155004	59.39996801	NA	219.5564927
Me1	Me1	10.04225403	49.77407967	18.45835887	117.3496106	87.50200687	29.35596009	2.029409714	41.55810492	104.8659404	31.34645175	10.06534619	77.22625091	4.134336564	124.3607743	84.74184151	45.46635934	22.62453603	88.65468712	114.383247	0.526249015	8.713506188	49.24680247	1.983081652	49.65072904	1.977418226	-0.476219381	25.57213492	0.932967061	7.252450997	9.279502954	3.289533001	0.846838675	0.949253929	88.68261464	14.19451532	94.23661468	72.43382348	12.788244	49.13647185	1.009427659	0.740925516	3.898359285	8.583753459	7.374929556	2.980774757	0.847018236	0.943994659	66.86466861	9.291445215	0.90770144	61.27311528	53.36018223	1.322114632	53.7807421	0.998593766	2.073933274	21.99159915	17.56679686	31.44402531	13.50017612	4.1943203	4.536764662	8.479394614	17.59411361	1932.5	52497.5	761474	1398148	1906175	111161.5	398497	4737	4546126.5	200316.5	33992	26800.5	1341766	606549	1319276	478965	35405	33526	12471.5	261231	112625	84228.5	911238	30294	60.21331016	102.6016912	67.77449373	45.40253745	185.3407147	186.7815723	59.97169021	101.8259268	67.77957365	45.56896436	185.2070118	184.2568294
Me100	Me100	NA	NA	NA	NA	NA	NA	NA	NA	NA	NA	NA	NA	NA	NA	58.34589723	56.32726039	23.29087478	92.59419892	122.2264991	0.5661773	12.23960808	56.89325311	-0.016918642	56.506124	-0.021458488	0.488213297	30.2376184	0.876725551	6.291299212	11.77229772	3.252450059	0.784606183	0.924091169	90.04395541	16.19976604	63.68146706	42.14166051	5.448114959	61.1440659	1.84276254	1.941225863	3.103299095	9.775928878	3.278681648	2.911689712	0.827485224	0.939974122	64.06883347	10.79583519	0.918522458	64.23337974	51.37600958	-0.011218641	52.94947107	-0.00140437	1.640872575	21.35603916	20.29443663	34.77491467	13.09834786	4.090037944	4.228144568	7.714142906	14.28571976	NA	NA	NA	NA	NA	NA	NA	NA	NA	NA	NA	NA	NA	NA	NA	NA	NA	NA	NA	NA	NA	NA	NA	NA	NA	NA	NA	NA	NA	NA	NA	NA	NA	NA	NA	NA
Me121Wa	Me121Wa	NA	NA	NA	NA	NA	NA	NA	NA	NA	NA	NA	NA	NA	NA	77.76469605	63.88394341	12.94237008	62.83415722	86.41095266	2.246758144	6.008174083	49.27938719	-0.016918356	51.06241535	-0.025117476	-1.780245508	23.22093214	0.968323147	3.465718179	11.53956207	3.300682951	0.832677569	0.933857276	77.53586355	13.78452748	72.4076638	40.88457438	1.997024235	60.42240194	1.259425047	1.91434381	2.099437296	11.1003204	4.089905395	2.95293787	0.815514527	0.926888131	67.37509133	12.55893112	0.915143783	63.03717864	50.29858175	-0.011218872	50.62987158	-0.00141053	2.12987098	31.43344481	NA	NA	NA	NA	NA	NA	NA	96769.33333	25137.33333	26730.66667	126767.6667	229781.6667	9969.666667	389.6666667	5725.666667	279900.6667	4344.666667	92452.33333	2486.666667	256918.3333	91771.33333	227178	80831.33333	245841	12751.33333	10493.66667	55377.66667	104854	4018.666667	97963.66667	6249	NA	NA	NA	NA	NA	NA	NA	NA	NA	NA	NA	NA
Me121_wb	Me121_wb	9.473674088	59.70461915	30.259635	139.0686146	103.7790171	34.82202704	0.995286088	54.69294068	130.6342661	31.09510233	12.1380349	73.19070947	4.850734349	68.61078106	53.76671173	48.79965245	18.54735651	78.26732095	107.4968047	0.607986258	5.064080698	63.57827784	-0.016918393	62.19890492	-0.025566717	1.240074021	28.77203901	0.912096621	6.797447165	12.2989037	3.282428835	0.837874354	0.950275623	98.98280745	15.74941407	106.6829502	75.25326337	14.24538153	50.39635029	1.509430734	0.330234007	4.959340032	11.46747307	9.216485694	3.237235846	0.7934886	0.941592711	76.86861924	11.75265846	0.90990286	87.51007968	59.17236202	-0.011218352	59.7267837	-0.001403486	2.593563916	31.68219043	17.39218642	29.96812061	11.79289276	3.707982455	4.948156851	6.664926331	13.99021249	84212	15539	24540	71203	98449	4834	5178	1501	123720	19534	38527	12850	2472	674396	45497	12873	2635	4914	4028	7829	11515	3258	6322	464	57.55543161	82.74338469	65.39170594	54.60506268	166.077835	183.5491252	57.87523262	81.19188067	65.35256671	54.93793982	165.8142591	178.4996561
Me123	Me123	2.542254027	50.27407967	4.29930941	97.46739247	63.28369058	30.38239298	1.132031242	NA	NA	NA	NA	19.57625091	2.890492283	53.48578821	80.26522221	53.63328168	23.27814445	87.25225965	124.3846183	1.053446194	8.51016414	52.31630637	0.649748248	52.87239632	1.973990468	-0.507772079	36.73485589	0.931426425	6.727762035	14.33882873	2.849422093	0.850586348	0.94630044	68.24370694	10.56517506	110.4737435	75.32970564	14.68547539	54.73757344	1.703872069	1.9574473	6.200864251	14.17574481	6.398923502	2.993669756	0.815217299	0.937379336	65.34549402	9.962309134	0.936956285	69.47692873	52.63297825	-0.011218612	53.08028639	0.998593932	2.525659837	35.06909249	16.72720486	29.59012383	11.94413274	4.710296448	4.936893865	8.464548724	17.07288553	347657	48903.66667	28492	130171	683380	3710.666667	354	817.3333333	51605.33333	4616.666667	253118	9100.333333	882054.6667	271071	215036	271557.6667	835050.6667	26577	27471	66599.33333	223521.3333	4091.666667	37522.66667	20342.33333	85.39557891	NA	66.2676679	46.20506268	251.9722827	NA	86.69917916	NA	66.30011838	46.53793982	255.374491	NA
Me135	Me135	9.50174283	57.26265805	18.1691684	113.2744664	87.12809956	25.92276092	0.837555462	48.21463887	106.8543596	17.48482059	8.992341605	73.37669422	4.172364393	70.48577043	47.5603449	55.71696104	11.55946289	59.53862203	81.41201951	1.108842294	5.917542453	57.24880903	-0.016918224	55.42807674	-0.014827627	1.852440431	22.00753725	0.907380134	4.179153618	12.59481037	3.190281831	0.833267256	0.936201323	86.04013838	13.17403029	132.5899116	95.81392235	30.13552865	56.58606745	2.176093687	0.528656925	8.315466414	13.81420202	10.84306365	3.318946139	0.810885959	0.917651557	78.48476044	16.51626969	0.884420361	61.08979746	52.95563741	0.988781453	54.0961245	-0.001406716	3.255787398	36.66856657	19.51387812	34.97478882	13.93335935	3.901575872	3.790452131	6.355370815	12.5510027	59183.66667	61529.33333	100526	850807.3333	1403412.333	15168.33333	4905	10008.33333	641876.6667	34920.66667	345268.6667	11873.33333	64191.66667	207739.3333	614006	30760.66667	82585.33333	20090.33333	58770.66667	110872.6667	152150.6667	21246	222530	3587.666667	61.02096133	114.4900011	64.23375085	44.90002407	170.3396419	207.7858556	61.80677912	114.4900637	64.3261965	44.90003053	173.6572833	207.7861453
Me2	Me2	NA	NA	NA	NA	NA	NA	NA	NA	NA	NA	NA	NA	NA	NA	22.25083691	NA	NA	NA	NA	0.034361066	5.303146126	NA	2.004548462	73.00957101	-0.023418492	NA	NA	0.952948028	2.520618234	6.857869022	2.430577493	0.500424147	0.823114806	76.07836981	34.5720497	41.43892701	25.10140092	2.632684877	50.23872958	1.17661138	0.120105244	2.152027229	NA	NA	NA	NA	NA	NA	NA	NA	99.50872489	58.28327645	-0.016828018	62.61889678	-0.002111063	2.947527065	16.1272364	14.51239144	28.59868551	13.43901195	4.556939035	5.292052133	8.980455721	17.27980292	NA	NA	NA	NA	NA	NA	NA	NA	NA	NA	NA	NA	NA	NA	NA	NA	NA	NA	NA	NA	NA	NA	NA	NA	NA	NA	NA	NA	NA	NA	NA	NA	NA	NA	NA	NA
Me244Wa	Me244Wa	10.64549181	62.19168358	61.16263107	198.0983346	160.0053333	38.40881169	1.707755852	59.62319098	131.9714638	35.55606815	13.01558206	81.38783306	3.243038774	59.86079173	52.56507925	62.63357115	31.38085325	92.19182487	123.5699248	0.108790617	13.48316812	59.78026444	-0.016918268	59.61455311	-0.021458949	0.179602648	31.48196971	0.920737468	4.019963896	13.60885156	3.181189903	0.842613712	0.942295191	70.04858303	14.43040045	100.1947734	70.72241183	21.6909897	68.6167867	1.509427319	0.56386637	5.32138982	12.74029498	4.250296644	3.190415783	0.842844991	0.938122543	54.84192178	13.8752803	0.902742245	67.35620543	58.1712104	-0.011218548	58.80587947	-0.001410491	0.50868523	29.52973982	NA	NA	NA	NA	NA	NA	NA	NA	NA	NA	NA	NA	NA	NA	NA	NA	NA	NA	NA	NA	NA	NA	NA	NA	NA	NA	NA	NA	NA	NA	NA	72.15935901	87.53000169	69.33463326	57.50000452	234.7750605	205.952949	72.52219442	87.5300578	69.46770023	57.50000801	236.8720945	205.9530169
Me244Wb	Me244Wb	6.542254027	58.77407967	21.95835887	134.3496106	105.5020069	27.85596009	4.029409714	63.55810492	129.3659404	35.34645175	14.06534619	50.32625091	5.773978235	112.8607781	60.63892983	59.21619331	36.57052119	102.713978	131.0175984	1.966873368	10.14150152	58.97452265	-0.016918446	61.50940912	0.309645433	-2.48382498	28.12993881	0.924857606	5.782868656	14.42252298	3.676181735	0.83141232	0.95342797	98.9699558	11.66614733	118.4389385	89.03303798	20.29707638	64.20405466	2.009423583	1.767092444	7.697859081	12.62065264	7.315166907	3.242368061	0.813136365	0.923266694	68.04770769	14.53779207	0.891951363	78.50116317	60.77479633	-0.011218336	62.42391394	-0.001407391	3.239423978	29.30614217	19.79201175	32.48138854	12.03940086	3.805639364	4.137438657	6.644893861	14.40679578	626407	33747	54976	222053	7406719	32957	675	11273	4085343	213120	1062999	226711	286930	6178048	4836941	89058	67578	126954	72594	97093	186614	44625	84569	5170	95.76523766	123.0216876	67.69302168	49.40258851	294.221032	244.0847575	95.30359289	122.2457878	67.69138089	49.5690662	292.975253	241.5598635
Me2rt	Me2rt	NA	NA	NA	NA	NA	NA	NA	NA	NA	NA	NA	NA	NA	NA	79.43718556	48.21649852	11.44599966	61.16315068	84.05325389	0.370716564	5.988916431	57.51576435	-0.016918093	56.18842629	-0.019533873	1.220501003	22.82237773	0.960788032	3.337453843	11.12955969	3.119443513	0.842376814	0.944125924	76.63848352	14.85190983	98.01571899	69.91809823	15.65472627	46.32440753	1.342761871	0.946881648	5.34556779	11.64664905	4.775014012	2.690349344	0.80375475	0.914329471	57.07146734	11.25287876	0.943510856	63.57795734	49.74823811	-0.011218463	50.44668266	-0.001405115	2.751753828	27.86770559	17.60107395	31.06449616	12.48854722	4.170547994	4.39490071	8.282829681	15.6139373	NA	NA	NA	NA	NA	NA	NA	NA	NA	NA	NA	NA	NA	NA	NA	NA	NA	NA	NA	NA	NA	NA	NA	NA	NA	NA	NA	NA	NA	NA	NA	NA	NA	NA	NA	NA
Mexican_Dent_sh2	Mexican_Dent_sh2	8.981644733	58.00792941	53.3676913	185.3371334	146.6495423	38.99556458	-0.052317032	44.53685761	144.7227909	44.59777683	15.05553663	69.09682989	5.540253011	173.6107884	6.843746488	49.20020687	35.08959989	104.3419042	136.548684	0.498836694	13.37124649	66.66120062	-0.025377402	67.51820337	-0.03332828	-0.748060501	32.63848215	0.829720882	12.10975945	15.76603669	3.409843123	0.834882268	0.937012665	87.24013896	9.025520774	144.2907979	105.364672	33.71935153	57.10125676	1.953875141	0.910224349	5.511672457	13.31283142	17.08080716	3.210115976	0.809113909	0.923509696	73.43352058	17.68333581	0.918411377	34.38134035	64.52700931	-0.011218448	64.68616828	-0.001401798	2.897731257	39.20426103	NA	NA	NA	NA	NA	NA	NA	NA	NA	NA	NA	NA	NA	NA	NA	NA	NA	NA	NA	NA	NA	NA	NA	NA	NA	NA	NA	NA	NA	NA	NA	14.95856052	43.69670203	66.92008019	64.35254592	48.90734333	121.5898815	NA	NA	NA	NA	NA	NA
Millersburg_Red_Sweet_No2	Millersburg_Red_Sweet_No2	6.973674088	54.20461915	21.259635	123.5686146	87.77901706	35.32202704	1.995286088	46.19294068	117.2825938	35.97061651	11.06489768	53.99070947	4.753425083	138.3607873	83.35371224	47.96669149	25.50492455	90.57870448	121.7793113	1.233828258	5.925244113	53.15681843	1.983081877	52.45151423	1.647877659	0.560859662	30.62064684	0.936753052	8.482723703	11.66542267	3.391562698	0.843428804	0.944958475	79.10563684	14.09166489	99.93838308	76.19756039	20.14480424	44.75792592	1.592759528	2.301473621	13.84906717	12.69878472	6.597320111	3.298543847	0.833218762	0.935910626	61.54170357	13.5722688	0.973503916	62.6785432	55.55239289	-0.011218763	55.52030364	-0.001405172	2.732284049	24.03437303	NA	NA	NA	NA	NA	NA	NA	2298	7183	7540	201469	1462619	2825	148	396	1635917	7866	13473	1982	393910	173095	497080	88541	5827	17546	2533	30170	42147	2667	73825	832	67.52508898	117.6516935	67.35302253	51.15251943	202.822018	241.9841802	66.16636784	116.8759717	67.34553994	51.31896349	198.9493993	239.4595335
Mo17su_su	Mo17su_su	NA	NA	NA	NA	NA	NA	NA	NA	NA	NA	NA	NA	NA	NA	13.7971377	47.07708288	35.2672226	116.4116759	158.8042484	0.081723988	3.842423288	72.87012248	-0.016918467	76.56783522	-0.02524399	-3.77178831	41.92286916	0.914948941	4.230012325	9.981701988	2.73645321	0.799706961	0.891913064	89.90678587	15.51278931	97.80362717	66.89614762	13.29823974	48.73280355	1.676096285	1.156665874	3.585734146	11.33640543	7.093811564	2.961540051	0.787960302	0.897385694	74.25700191	13.65309193	0.9478018	74.85739136	53.5591426	0.995499787	53.09881791	1.502395511	2.30595482	30.71683171	NA	NA	NA	NA	NA	NA	NA	NA	NA	NA	NA	NA	NA	NA	NA	NA	NA	NA	NA	NA	NA	NA	NA	NA	NA	NA	NA	NA	NA	NA	NA	NA	NA	NA	NA	NA	NA	NA	NA	NA	NA	NA	NA
Moencopi_Pueblo	Moencopi_Pueblo	NA	NA	NA	NA	NA	NA	NA	NA	NA	NA	NA	NA	NA	NA	28.83010312	47.79998344	4.900537258	64.22226705	91.00210411	2.241734525	3.332499166	60.61847773	-0.016918258	58.76368748	1.648026615	1.860174076	26.86423139	0.910496964	7.847718818	13.06823166	2.680615149	0.829491953	0.907560636	48.34973533	20.08069402	89.98684417	55.01484478	8.947279358	56.78877824	1.592762727	2.900443708	3.478506499	9.19086645	7.347919767	2.994118525	0.748935913	0.861834179	43.92222477	15.20260794	0.984181498	62.92408257	53.13920981	-0.011218586	54.84554324	1.665258538	2.248897894	34.97489128	NA	NA	NA	NA	NA	NA	NA	NA	NA	NA	NA	NA	NA	NA	NA	NA	NA	NA	NA	NA	NA	NA	NA	NA	NA	NA	NA	NA	NA	NA	NA	NA	NA	NA	NA	NA	NA	NA	NA	NA	NA	NA	NA
N11-1-2-1-1-1-1-1-1-1	N11-1-2-1-1-1-1-1-1-1	NA	NA	NA	NA	NA	NA	NA	NA	NA	NA	NA	NA	NA	NA	62.88419792	46.38423579	25.22865652	86.6024785	119.3716047	-0.011313171	10.69061006	58.66110176	-0.016918375	58.7101372	-0.021945251	-0.108778707	32.63990643	0.938945164	5.157027906	12.05258117	3.512951459	0.856714448	0.957420883	125.0515019	12.88356919	112.3348692	75.63012564	20.78598264	56.95895482	1.75942606	0.362943635	14.51851202	11.2742082	5.389213874	3.252498759	0.751088212	0.894239001	97.94787016	29.88998148	0.929546472	59.85818506	62.10330054	-0.01121837	62.69492748	-0.001405198	1.608041986	36.03433311	NA	NA	NA	NA	NA	NA	NA	NA	NA	NA	NA	NA	NA	NA	NA	NA	NA	NA	NA	NA	NA	NA	NA	NA	NA	NA	NA	NA	NA	NA	NA	NA	NA	NA	NA	NA	NA	NA	NA	NA	NA	NA	NA
N120-1-X-1-1-1-1-1-3	N120-1-X-1-1-1-1-1-3	NA	NA	NA	NA	NA	NA	NA	NA	NA	NA	NA	NA	NA	NA	18.46661546	54.80037573	33.49470884	110.183518	141.2196298	0.281795505	12.31825358	67.50031302	-0.016918355	66.65991093	-0.017349777	0.855064995	31.28305916	0.910499476	9.121763342	13.28960633	3.32172179	0.829514385	0.931168741	51.41307086	14.85556716	131.013828	100.8018343	25.92461521	59.68250937	1.67163617	0.33404966	10.95405865	12.36006162	6.366916973	3.305689943	0.829727444	0.935849633	62.74256011	9.104222221	0.90382315	46.44532213	64.39971488	-0.004500037	64.1330837	0.002397925	1.530952753	29.95920665	NA	NA	NA	NA	NA	NA	NA	NA	NA	NA	NA	NA	NA	NA	NA	NA	NA	NA	NA	NA	NA	NA	NA	NA	NA	NA	NA	NA	NA	NA	NA	NA	NA	NA	NA	NA	NA	NA	NA	NA	NA	NA	NA
N12A-1	N12A-1	7.070322768	61.33211856	25.36789228	118.0554624	88.85108937	29.45669396	2.371679088	54.5798031	123.0860339	32.23617001	13.9196529	54.31223566	2.372292328	45.11077706	4.781746944	61.42855342	18.22262553	69.00744477	98.3883933	1.527601383	3.815608403	68.65951885	0.002274014	69.49453426	-0.008842661	-0.916685888	29.77079647	0.882736261	6.826827845	14.14145676	3.133257072	0.833192345	0.893484267	88.29961876	12.53950517	119.9812845	78.79770577	21.58091964	55.98228175	1.676091246	0.901262496	3.191917925	13.30942326	7.294506383	3.048836422	0.786731882	0.904869148	92.59871503	15.48824507	0.932311552	56.0187414	63.40540759	-0.011218539	66.16149442	-0.001405003	3.338240552	40.86633852	NA	NA	NA	NA	NA	NA	NA	NA	NA	NA	NA	NA	NA	NA	NA	NA	NA	NA	NA	NA	NA	NA	NA	NA	NA	NA	NA	NA	NA	NA	NA	6.40619458	9.013391011	75.67766742	63.90505579	34.86049258	22.52689204	6.247220211	7.462009169	75.83835788	64.23790104	36.56801709	17.47763985
N132A-1	N132A-1	NA	NA	NA	NA	NA	NA	NA	NA	NA	NA	NA	NA	NA	NA	44.2315265	55.21695257	12.40099221	71.86125066	97.9055994	0.407788372	5.899639611	60.59459573	-0.016918383	61.84020488	-0.024070176	-1.166943326	26.30649145	0.864374688	8.474176459	13.22858398	3.429575241	0.857926525	0.950693867	78.10081044	14.30941773	97.24547849	72.34100836	15.31303324	52.62516706	1.842759477	0.556898181	5.890580968	11.75775777	10.02983567	3.052232533	0.842569485	0.945587642	65.19839045	12.70912666	0.842413772	75.06026936	59.2815554	-0.011218533	62.82143681	-0.001404033	3.10101727	25.28360833	NA	NA	NA	NA	NA	NA	NA	NA	NA	NA	NA	NA	NA	NA	NA	NA	NA	NA	NA	NA	NA	NA	NA	NA	NA	NA	NA	NA	NA	NA	NA	NA	NA	NA	NA	NA	NA	NA	NA	NA	NA	NA	NA
N142A-1	N142A-1	5.145038269	60.19097346	41.11837622	130.8790961	102.9818556	26.58386072	1.611326934	42.27842197	133.4261254	32.99902467	12.91978553	39.48450863	8.672364393	85.11077043	19.33649403	52.46613614	18.39983282	65.85445173	85.3680444	1.646096626	5.985926595	63.7360652	-0.016918441	65.32862539	-0.024229071	-1.505296816	19.29217304	0.876397476	11.69454677	12.85170449	3.227897231	0.798299906	0.881623447	70.62871374	19.10049588	97.53082189	75.80959513	16.34239799	57.99073644	1.342508691	0.921442659	9.625444842	13.77490825	8.782280066	3.092808233	0.781817613	0.895848991	65.6135078	16.11547285	0.90261802	38.79444861	57.48117617	-0.012328043	61.26189253	-0.00450866	3.492017141	22.24798826	NA	NA	NA	NA	NA	NA	NA	NA	NA	NA	NA	NA	NA	NA	NA	NA	NA	NA	NA	NA	NA	NA	NA	NA	NA	NA	NA	NA	NA	NA	NA	8.000237187	27.79338184	73.84044677	61.00513811	30.92612063	70.09908744	NA	NA	NA	NA	NA	NA
N38-2-1-1-1-1-1-1	N38-2-1-1-1-1-1-1	NA	NA	NA	NA	NA	NA	NA	NA	NA	NA	NA	NA	NA	NA	51.01565327	34.80035768	28.72193854	108.0177023	137.8572694	0.315377864	13.88450727	63.77314243	-0.016918352	65.27215358	-0.024644301	-1.479606925	29.71794598	0.861822128	6.011211176	13.0002328	3.74493737	0.863353006	0.965641307	82.74164739	12.66045593	139.1443239	109.6631948	25.30839662	37.13159815	1.342761503	-0.115208347	14.59644944	11.55152886	6.382910647	3.195064934	0.851839216	0.950145671	68.37414461	10.13198405	0.870693953	37.74918111	68.10909444	-0.011218584	68.39461761	-0.001403833	1.784865249	29.5968698	NA	NA	NA	NA	NA	NA	NA	NA	NA	NA	NA	NA	NA	NA	NA	NA	NA	NA	NA	NA	NA	NA	NA	NA	NA	NA	NA	NA	NA	NA	NA	NA	NA	NA	NA	NA	NA	NA	NA	NA	NA	NA	NA
N45A-1	N45A-1	2.406475695	60.64836439	20.57275153	112.5759323	77.29375124	35.58231748	2.111606205	44.49346972	91.61003022	28.05640042	13.00750573	19.02123249	1.911078511	33.99999663	56.5696097	39.71721462	19.48737107	70.43199915	100.0867021	0.04536903	6.196944922	59.23368882	-0.016918313	58.39220643	-0.020907954	0.829801955	29.59557649	0.905937664	4.419038635	10.78356189	3.452496653	0.838310012	0.95828477	95.93315261	11.10353116	140.7777084	102.1630921	14.38972228	50.04149238	1.843269294	1.791331732	10.50965416	NA	NA	NA	NA	NA	NA	NA	NA	15.33086158	57.48677021	-0.009000339	58.9331779	0.002404436	3.001704868	38.3320965	NA	NA	NA	NA	NA	NA	NA	125998.5	19368	30856	176354	602929	4484	204.5	7460	687281	3975.5	51019	7068	96718	107543	198083	27930.5	15032	23016	8512	50424	37469.5	5853	136690.5	997	-2.711637746	12.75339608	79.91091616	72.50506903	-3.136342335	45.74216076	-1.645428555	11.20198685	79.77293958	72.83794916	0.140506205	40.69282152
N46A-1	N46A-1	10.99560727	64.33211856	38.86789228	154.0554624	113.8510894	39.95669396	0.371679088	40.0798031	142.5860339	34.73617001	14.4196529	42.81223566	1.389184513	115.1107737	58.67197207	37.77254626	27.90391211	97.15180305	134.0130053	0.003427974	1.963419906	70.6763151	-0.016918236	70.76266855	-0.02203721	-0.11767142	36.60132294	0.903548035	6.971054291	14.17625318	3.355321453	0.825542604	0.920227741	90.01097791	13.83336217	137.1227194	99.45661688	51.92216034	45.75421047	1.648315963	0.120033642	2.519206806	11.04650871	5.271280237	2.85830787	0.817693775	0.933565943	65.88771585	12.90956467	0.920299281	47.1226691	62.8425605	-0.011218489	65.8161278	-0.00140661	1.370235055	38.01456741	NA	NA	NA	NA	NA	NA	NA	119157.6667	402054.3333	223855.6667	3243620	5596458.333	217479.6667	15922.66667	4507189.667	15528163.33	55885.66667	167781.3333	71328.66667	262140.3333	1683207.667	4720356.667	225917	954569	763788.3333	131267.3333	716437.6667	585801.6667	59783.33333	1086964.667	9288	NA	NA	NA	NA	NA	NA	NA	NA	NA	NA	NA	NA
N72A-1	N72A-1	8.542254027	59.77407967	28.95835887	141.3496106	105.0020069	35.35596009	0.529409714	41.05810492	115.3659404	33.34645175	14.56534619	65.67625091	4.106336319	67.86077095	11.86975694	54.69977547	26.20573645	75.33852353	103.9139303	0.530065098	2.112848538	67.89230762	-0.025377647	66.91045738	-0.03380027	0.82997375	27.97448353	0.864320791	5.315067973	11.95124233	3.355328712	0.823360403	0.934541638	95.46568671	17.56848456	109.7171403	75.0062044	15.70511696	53.89926556	1.554619597	0.567518781	2.534187109	11.32387109	6.210803173	3.450742363	0.799440767	0.924681099	94.37405656	10.98192094	0.885625949	31.3228049	62.01105659	-0.010096581	62.55240055	-0.001266247	2.453385098	34.86066081	NA	NA	NA	NA	NA	NA	NA	201512.5	271438.5	74972.5	1194682	2922445	31583	446	16179	21016397	84511.5	64687	252413	146725.5	7543489.5	5122439	26356.5	25156	131943	38842.5	64478	290830	13747.5	401073.5	6397	7.850482628	8.541687267	75.20034437	67.85256038	35.36832756	25.44243461	NA	NA	NA	NA	NA	NA
N7C-1	N7C-1	3.117423064	60.63364469	16.73097024	113.2828635	86.14451194	27.39560233	1.365486478	36.6014928	116.4787011	28.88782815	12.11337709	23.55184831	3.612982324	74.77744412	22.76123734	50.13262369	11.48765943	68.07922787	101.2072831	0.547298548	6.770123446	67.4348252	-0.016918473	67.20560045	-0.021028042	0.19722348	32.93310709	0.856862943	5.744781123	13.53916585	3.363871378	0.841775855	0.941193679	95.14561753	14.33193829	89.25623238	72.55224796	7.784131476	43.30934049	1.421631668	0.014857565	10.00607504	11.64333828	5.073735506	2.710332956	0.809796841	0.903085665	61.54932843	14.83694022	0.916458649	24.343554	67.53092555	-0.004500036	70.46478007	0.004803918	0.383966445	16.68722901	NA	NA	NA	NA	NA	NA	NA	NA	NA	NA	NA	NA	NA	NA	NA	NA	NA	NA	NA	NA	NA	NA	NA	NA	NA	NA	NA	NA	NA	NA	NA	37.15935901	63.68000169	80.93463326	64.70000452	195.3890073	180.3966084	37.52219442	63.6800578	81.06770023	64.70000801	197.4860413	180.3966763
N99-1-1-1-1-1-1-1	N99-1-1-1-1-1-1-1	NA	NA	NA	NA	NA	NA	NA	NA	NA	NA	NA	NA	NA	NA	50.0244578	49.55106523	27.98530372	96.48098002	129.713593	0.298639907	9.207010881	59.51565809	-0.016918283	59.80101223	-0.024596322	-0.185336809	33.06037304	0.920565169	6.88565159	14.97043268	3.886395197	0.85379891	0.953453815	93.24741458	18.82548399	110.5864737	77.53431756	17.5073894	53.7470332	1.509427374	0.51391826	4.972775833	13.19633265	7.662758373	3.619499165	0.82640582	0.93885642	78.10603777	19.97012312	0.889312476	64.5036224	56.61814729	-0.011218483	57.89866427	-0.001405078	1.663947406	32.9433087	NA	NA	NA	NA	NA	NA	NA	NA	NA	NA	NA	NA	NA	NA	NA	NA	NA	NA	NA	NA	NA	NA	NA	NA	NA	NA	NA	NA	NA	NA	NA	NA	NA	NA	NA	NA	NA	NA	NA	NA	NA	NA	NA
ND1	ND1	NA	NA	NA	NA	NA	NA	NA	NA	NA	NA	NA	NA	NA	NA	76.75080208	52.216364	21.22128418	85.57393648	113.8873894	0.33242912	10.32909233	49.946056	1.649748658	49.33768198	1.652310658	0.538525311	28.72902522	0.940644409	7.864100309	16.19193409	3.115537404	0.813368314	0.913004467	66.52322072	15.26706113	113.0543994	78.39602307	14.99534185	50.0205405	1.509424637	1.294157066	4.730164301	14.14534992	9.129468682	2.951321673	0.80941078	0.900965163	56.17363306	19.67319942	0.947337854	77.86211987	46.9776586	0.988781557	47.93890406	1.331929207	2.22568098	35.09231503	37.70382969	42.80669378	3.16360607	3.73086207	3.912635426	4.746276236	11.20573452	NA	NA	NA	NA	NA	NA	NA	NA	NA	NA	NA	NA	NA	NA	NA	NA	NA	NA	NA	NA	NA	NA	NA	NA	NA	NA	NA	NA	NA	NA	NA	NA	NA	NA	NA	NA
NE_EDR_sh2	NE_EDR_sh2	12.08890079	NA	NA	NA	NA	NA	NA	NA	NA	NA	NA	46.47625091	NA	NA	0.477848603	NA	NA	NA	NA	NA	NA	NA	NA	NA	NA	NA	NA	NA	NA	NA	NA	NA	NA	NA	NA	125.9428777	79.94878823	22.11137794	59.64979501	1.171631241	2.776697549	11.5224691	NA	NA	NA	NA	NA	NA	NA	NA	19.24282732	71.31050405	-0.004500087	55.38462194	0.004803918	2.804850798	46.15571496	NA	NA	NA	NA	NA	NA	NA	NA	NA	NA	NA	NA	NA	NA	NA	NA	NA	NA	NA	NA	NA	NA	NA	NA	NA	NA	NA	NA	NA	NA	NA	NA	NA	NA	NA	NA	NA	NA	NA	NA	NA	NA	NA
NE_HY_13A	NE_HY_13A	2.481644733	60.50792941	37.3676913	182.3371334	139.6495423	42.49556458	1.447682968	46.53685761	147.2227909	38.59777683	11.55553663	19.14682989	3.795091749	126.9441206	71.86829035	43.21670746	47.68159612	143.5835883	182.275935	-0.000677311	10.19779586	59.23197962	0.649748264	59.37756172	0.644864253	-0.14285756	38.73480321	0.934486396	10.31139957	14.94939116	3.71371556	0.858787716	0.954602037	89.186045	17.90517465	154.4303147	108.986772	35.88137622	46.45486749	2.037204811	-0.07499225	7.443430306	12.69680654	8.056533572	3.339907122	0.838414992	0.940306781	77.64329273	18.78728698	0.931756401	59.69137618	62.02426274	-0.011218582	61.98118845	-0.001408267	-0.080657613	45.61984156	NA	NA	NA	NA	NA	NA	NA	40403.33333	130285.3333	163207.6667	719008.6667	1892985.333	74868	1645.666667	120894	1858410.667	19152	380229.3333	32242.33333	489366	905199.3333	2417161.667	195662	896045.3333	193246.6667	79091	157642.6667	309243	214430.6667	413911	6430.666667	NA	NA	NA	NA	NA	NA	NA	NA	NA	NA	NA	NA
NE_HY_13b	NE_HY_13b	3.837895756	58.57890387	43.89635606	154.6228845	119.2840474	35.4219893	2.077482578	39.12830549	129.8783559	39.80505101	15.08019443	30.38569105	3.590528814	87.23578097	65.45637719	47.96619559	42.70116298	124.8303628	159.7973325	-0.006906215	11.76013898	65.31922745	-0.016918001	65.03156304	-0.014563271	0.20760182	35.54872548	0.8999903	7.365802723	14.60029356	3.890583159	0.827635951	0.958424492	102.8603732	17.52388404	128.3157015	96.8124539	29.35883885	45.08758576	1.342762922	0.263462576	5.507919334	12.6211737	6.865539122	2.901546781	0.862494946	0.953167572	61.77898608	10.96296857	0.95586143	62.26232762	70.66659849	-0.01121852	72.36658172	-0.004507054	1.732225204	31.08463255	NA	NA	NA	NA	NA	NA	NA	21780	107216	506488.5	1276965.5	2022513	299492.5	8456	467673	7197096.5	49793	523329	16129	234293.5	615932.5	1523061	76559.5	66992.5	70609.5	109334.5	127236	195897	27544	421768	2791	140.9252843	79.12999208	68.91574399	59.19998764	452.2647085	193.946064	140.2612861	79.12988457	68.80501505	59.19997126	448.3353482	193.9459051
NJ112	NJ112	12.07032277	65.83211856	38.36789228	140.0554624	108.8510894	30.95669396	1.371679088	42.0798031	136.5860339	39.73617001	17.4196529	92.81223566	4.997292328	88.11077706	64.31042506	49.38271151	38.68457576	111.0752977	141.5171928	0.857830673	4.339224138	62.88685018	-0.016918297	64.39329244	-0.022973122	-1.476458872	30.26540989	0.980221117	7.429583176	14.81253012	3.979170768	0.792149574	0.943889949	81.43146112	20.31739909	134.176779	96.15814123	28.62767435	49.00002311	2.009426613	0.320848864	6.334761605	13.43649525	12.77146797	3.318112507	0.752417221	0.912575579	67.34918194	18.447617	0.981614016	62.17984565	64.92274239	0.32211488	66.55905279	-0.001409362	1.829903027	37.98403647	14.22164231	30.71233118	17.33933237	4.181006788	4.543795161	10.62370519	19.51965142	280658	29633.66667	107126.3333	606698.6667	495886.3333	6900.333333	277858.3333	4016.333333	392323	57677	49063	8938.666667	457755	127427	199481.3333	97409.33333	12802.66667	83688.33333	9479.333333	175098.6667	63872.66667	45232.66667	194300.6667	30824	65.8756393	87.1599977	69.18588317	56.00001221	209.9356916	198.0909073	64.59210032	87.15997289	69.23712916	55.9999889	206.7524179	198.0908906
NJ116Wa	NJ116Wa	2.837895756	60.57890387	23.39635606	140.1228845	93.78404739	44.9219893	1.077482578	54.62830549	NA	NA	NA	22.68569105	9.06935914	103.1107869	37.28712316	50.13244643	25.18612842	93.19627607	125.5887442	0.159955695	7.778625988	57.77745024	1.98308171	58.49068101	1.979122	-0.780183318	31.93460943	0.909156429	8.680572193	11.95392462	3.198193167	0.854696419	0.953354675	78.04560419	8.216272486	118.5701525	76.90362162	18.07431688	58.68637286	0.921634398	-0.023286674	3.205321261	11.25329088	4.500688955	2.913879197	0.810507603	0.931275932	66.34403469	12.75286399	0.953256976	57.24103235	61.73443056	1.995499842	62.85230312	2.002402407	2.089259446	41.75158316	15.76498169	27.64595451	12.60170935	3.757438186	4.032473518	7.085528412	15.94323077	4473	28136	107164.6667	1207447.333	2514560.333	130258.6667	58971.33333	930366.3333	2295253	57044.66667	50434.33333	16914.33333	401928.6667	566639.3333	1903342	104015.6667	469282	48942	12251.33333	119654.6667	137530.6667	336596	1150267	17749.33333	70.08528431	174.3299921	68.71574399	49.69998764	223.8039867	346.5805025	69.42128607	174.3298846	68.60501505	49.69997126	219.8746264	346.5803436
NJ116Wb	NJ116Wb	6.837895756	57.07890387	14.39635606	113.1228845	85.28404739	27.4219893	2.577482578	70.12830549	100.474118	31.63948551	10.09549119	53.43569105	4.463218802	81.11079041	73.7494784	65.6331989	16.38524253	86.59687364	110.5912209	0.501586162	3.790090909	55.55737585	1.983081992	55.21968426	1.981223746	0.22820749	24.20695691	0.807633495	4.192204193	10.19425577	3.328267438	0.828262785	0.934157884	75.58223203	17.0911232	81.11446006	59.06874975	4.578772725	66.23816061	1.120538389	1.020234636	2.076667354	7.13723439	4.590452117	2.735685502	0.800730645	0.912358522	58.08450467	17.60859111	0.975953304	36.45530291	56.14991196	-0.011218405	58.54085667	1.665262373	2.664373392	22.04741968	NA	NA	NA	NA	NA	NA	NA	3049	53585	409375	1306276	2052824	20821	415024	2361	1612444	97668	112712	11631	1038688	843101	1407960	479185	772907	80129	22492	610897	347185	420922	1074925	23565	76.22043768	80.42919178	70.34448785	58.15248497	254.6280376	176.5772111	75.60714445	79.65340147	70.47848305	58.31894117	250.9905433	174.0523875
NJ159	NJ159	11.14549181	53.69168358	43.14050364	148.4887154	114.4935944	33.99633621	1.207755852	61.12319098	121.6987946	34.27754641	11.4676838	85.23783306	3.448968345	108.8607866	70.47587755	67.3829392	48.03170791	109.0279098	142.8386475	0.059181647	8.938947907	60.1658409	1.316415065	58.29505519	-0.024156532	1.868755662	33.77039589	0.897061319	6.860433749	11.9037416	3.356133023	0.851570346	0.947453987	92.38417294	20.45693702	126.2748982	93.21869319	27.86720251	67.1779658	2.092763841	0.835381465	15.44036071	12.12309003	5.945787724	3.318068567	0.804622885	0.91730119	79.96001254	16.53631411	0.871351845	60.3242023	55.87151525	0.655448013	55.03613957	-0.001405553	2.121694467	33.34269523	19.0715476	29.39569021	10.07001506	4.162614512	4.700716561	7.401083263	16.0896254	83544.66667	21429.66667	243382	342021	1865286	9990.666667	19383.33333	11201	1675072.667	91227.33333	100610.6667	12665.66667	1022786.333	254753	523891.3333	289062	55533.33333	160535.6667	11748	37247	36487.66667	23752.33333	228760.3333	30220	74.01818341	119.0300028	65.3376083	45.80001735	211.0616461	219.6125549	73.20571344	119.0300497	65.46391618	45.80001562	210.4141183	219.6126872
NJ618	NJ618	9.337895756	55.07890387	22.39635606	141.1228845	106.2840474	34.9219893	1.077482578	43.12830549	111.3783559	33.80505101	13.58019443	72.63569105	3.879190888	72.23577699	60.6517656	48.54975559	22.50228058	87.56298319	116.6784672	0.048853446	10.13157051	59.16031538	1.649748024	58.34504486	1.980032644	0.847110839	29.76837133	0.875441333	6.454816054	10.63578504	3.071827504	0.815846266	0.926935712	85.15160187	14.06586135	102.0773227	72.15425173	12.26695903	53.82318527	1.176091523	0.009476029	3.462933026	10.64727578	7.282369178	2.853217743	0.827046329	0.941637091	66.40694245	11.84559874	0.951863869	87.44799138	56.42618787	1.9887812	58.51791636	1.998594667	1.831960907	30.36282991	16.75200851	31.01914995	13.42070243	4.885691612	4.864083442	7.577985118	17.07570532	539982	41701	20211.33333	275556	583791	24931.33333	755	6909.333333	1281334.667	8086	481883.3333	14654.33333	392249.3333	94367	130423.3333	61324.66667	37471	19801	52162	105182.3333	87239.66667	11030.33333	108639.6667	5556.333333	50.65716179	78.83339608	64.5223335	55.50506903	146.4048568	178.4377412	51.58317528	77.28198685	64.49956804	55.83794916	149.7021018	173.388402
NJ7Y	NJ7Y	NA	NA	NA	NA	NA	NA	NA	NA	NA	NA	NA	NA	NA	NA	33.05421472	47.52181813	20.92413434	74.04719338	102.4664893	1.678223906	7.443824303	58.24523421	1.983081586	57.30965629	1.976590921	0.866978032	27.7733731	0.848642325	4.660584517	10.71768284	3.550213186	0.824592241	0.930771577	90.86729269	22.70601497	94.88228518	64.42370511	13.03282191	46.53693122	1.009428868	1.36092313	9.670353103	9.973428146	4.39084918	3.260932329	0.826055494	0.937005597	76.61764456	15.17414993	0.90222986	49.20994389	54.72018217	1.322114581	55.6681906	1.331926657	1.763414806	30.43708619	9.786116415	29.21418029	20.55245371	4.530800754	4.517451011	8.769667705	17.36617497	NA	NA	NA	NA	NA	NA	NA	NA	NA	NA	NA	NA	NA	NA	NA	NA	NA	NA	NA	NA	NA	NA	NA	NA	NA	NA	NA	NA	NA	NA	NA	NA	NA	NA	NA	NA
Narino_430	Narino_430	NA	NA	NA	NA	NA	NA	NA	NA	NA	NA	NA	NA	NA	NA	60.42309026	51.46683998	80.61112231	178.4781268	223.934175	0.043075869	12.05582081	71.0773978	1.649748264	70.4063858	1.973864151	0.812363875	46.00106889	0.930313955	11.15486383	15.93040246	4.031447801	0.832204637	0.942025414	109.5956981	16.56364188	224.0308114	176.7846592	69.69839992	40.03706923	1.759427054	0.259378618	12.31530318	14.4118038	11.005027	3.286298457	0.821612627	0.918334318	66.38002473	21.20419761	0.939140209	74.44090187	69.20056771	1.322114555	69.0955626	1.331928076	0.578668057	47.61107726	NA	NA	NA	NA	NA	NA	NA	84241.66667	37405	115956.6667	579634	1197044	201574.3333	5824.666667	584840.3333	1361858	3629.333333	25996.33333	3274.666667	44968	163892	331289.6667	18009.66667	59644.33333	24271.33333	3011	30544	42080	84774	478073.6667	2833	NA	NA	NA	NA	NA	NA	NA	NA	NA	NA	NA	NA
No_156	No_156	9.542254027	60.77407967	54.45835887	191.3496106	146.5020069	44.85596009	2.029409714	45.05810492	97.86594041	41.84645175	14.06534619	73.37625091	5.420857555	114.610777	42.34905248	53.05006471	52.53037433	127.5895617	161.3424595	1.92520227	3.566284317	62.68431819	1.983081546	62.58427475	1.975708109	0.178797009	33.90815887	0.93952043	8.338336953	9.199867678	3.886536592	0.823573835	0.952171947	113.239197	17.6181866	180.9451697	131.9199044	48.36189085	48.06647066	1.67610013	0.35892593	6.695505407	7.008269817	4.038112804	3.207219807	0.830589724	0.934968862	100.6242339	16.33729047	0.966954351	94.00381572	66.89250321	0.655447969	73.88649162	1.331924244	3.101181423	48.4939766	NA	NA	NA	NA	NA	NA	NA	127513.5	11249.5	3797.5	69895.5	272867.5	10419.5	156.5	9172.5	743877	22569.5	86699.5	9409	16516.5	81020.5	192388	8271	33118.5	100788	3888.5	14989.5	43776	19219	48704.5	882.5	91.46523766	114.4966876	68.54302168	53.15258851	293.0862701	246.2096621	91.00359289	113.7207878	68.54138089	53.3190662	291.8404911	243.684768
No_1577	No_1577	NA	NA	NA	NA	NA	NA	NA	NA	NA	NA	NA	NA	NA	NA	64.2906792	45.29965712	46.94530293	96.26410315	128.011416	0.364629633	10.65020895	55.76618906	1.983081637	55.48528224	-0.01563875	0.205094772	31.76291148	0.875179423	5.120958459	12.3774466	3.57525993	0.814813491	0.949133463	88.79214384	17.67362408	81.90029141	55.1305442	3.618940478	42.93438362	1.176090687	0.277031876	0.459823209	10.37715289	9.277381882	2.840154696	0.827703475	0.929837287	58.88125827	14.20882493	0.904717706	81.65678657	55.77158291	-0.011218535	56.86520516	-0.001406889	2.469783504	26.30644082	NA	NA	NA	NA	NA	NA	NA	13921.33333	38992	37457	679958	612991.3333	37319	32864	45943.33333	991924.6667	293604.3333	77683.33333	7365.333333	703966.6667	465089.3333	674673.6667	368112.3333	507889	441505.6667	18369.33333	168872	226637	204448.6667	465504.3333	64892	NA	NA	NA	NA	NA	NA	NA	NA	NA	NA	NA	NA
North_Dakota_Yellow_Sweet_Bulk	North_Dakota_Yellow_Sweet_Bulk	1.145945343	47.1923937	2.16263107	77.09833458	60.00533331	17.40881169	2.804184769	36.96796	NA	NA	NA	4.301848313	4.051645464	75.22155221	67.64936208	59.96692612	18.78472796	89.45536241	119.4177355	0.976449261	7.260781316	51.08048479	1.649748351	50.71929789	1.643664251	0.223614932	29.76245013	0.947262396	5.165319285	11.94971465	2.892807256	0.846099685	0.89774425	66.61501738	11.11490095	115.5139193	79.14567476	17.74687355	57.98502606	1.342761455	1.84615488	5.834703402	11.19527779	6.724643105	3.097151438	0.81846995	0.929313283	69.45588427	14.47653369	0.908989289	83.83536144	51.49414012	1.655448279	52.59786373	-0.001403918	2.526337956	35.81843281	NA	NA	NA	NA	NA	NA	NA	NA	NA	NA	NA	NA	NA	NA	NA	NA	NA	NA	NA	NA	NA	NA	NA	NA	NA	NA	NA	NA	NA	NA	NA	33.469364	25.40000281	56.09754918	34.80001735	76.26953339	38.95706404	32.59780441	25.4000497	56.18947447	34.80001562	72.94048955	38.95719633
Northrup_King_Strain9316	Northrup_King_Strain9316	NA	NA	NA	NA	NA	NA	NA	NA	NA	NA	NA	NA	NA	NA	57.11218405	57.79974237	40.7224964	119.1845236	166.1583131	1.167065084	9.460963049	57.4841306	1.983081493	58.75629933	1.307465704	-1.163734237	46.75799821	0.936387966	9.392190986	17.19772259	4.181169597	0.852693244	0.957661004	87.70052307	16.38961412	149.6106495	101.1914592	27.79848926	56.10244286	1.426093512	1.06225894	10.62315598	15.01154754	8.363280728	3.387532523	0.833288609	0.934892911	68.25089445	15.00642831	0.921292312	73.40940009	60.31739103	1.322114914	62.95798828	0.665255716	1.53984703	48.65209592	NA	NA	NA	NA	NA	NA	NA	251818.6667	118850.3333	113866.6667	561018.3333	2261238.667	6558.333333	44730.66667	19985.66667	188155.3333	13232	351035.6667	5496.333333	147476	216946.3333	422224.3333	62365.33333	650653.6667	172649.3333	57951.33333	285633	302249.3333	33840.66667	311916.6667	5759.333333	NA	NA	NA	NA	NA	NA	NA	NA	NA	NA	NA	NA
Nueta	Nueta	NA	NA	NA	NA	NA	NA	NA	NA	NA	NA	NA	NA	NA	NA	NA	NA	NA	NA	NA	NA	NA	NA	NA	NA	NA	NA	NA	NA	NA	NA	NA	NA	NA	NA	NA	NA	NA	NA	NA	NA	NA	NA	NA	NA	NA	NA	NA	NA	NA	NA	NA	NA	NA	NA	NA	NA	NA	NA	NA	NA	NA	NA	NA	NA	70239	30126.66667	77862.33333	248294.3333	1131038.667	5216	36355.66667	20499.33333	76929.66667	5879.666667	86160.33333	4976.333333	464048.3333	125738.6667	247621.6667	151256.6667	222127.3333	63190	12160.66667	123554.3333	131011.3333	16709.66667	159140.6667	26130	NA	NA	NA	NA	NA	NA	NA	NA	NA	NA	NA	NA
Nueta_Sweet_Corn	Nueta_Sweet_Corn	NA	NA	NA	NA	NA	NA	NA	NA	NA	NA	NA	NA	NA	NA	32.97997424	40.55010284	1.866627554	55.82455853	82.06097655	1.604175205	1.963397945	46.43270423	1.316415027	46.17340508	1.977741075	0.228068915	25.86965702	0.888686134	5.479988089	12.49280099	2.960202096	0.795607109	0.926157913	81.26659537	10.02277543	76.76328836	54.19712133	5.705390328	44.81501718	1.59250311	2.367473572	0.81205314	9.953272865	4.313681623	2.478467168	0.844270137	0.927980213	62.65202633	9.762141848	0.947714614	49.01217067	45.3729439	1.987672012	44.77213514	1.995488366	3.30895755	22.79453341	NA	NA	NA	NA	NA	NA	NA	39972.66667	37969	57029.33333	517538.3333	1000288.333	64154.33333	114090.3333	267886.3333	1036807.333	18742	84813.66667	13292.66667	743859.6667	400200	503633.3333	320390.3333	609578	88566.33333	45203	136924.3333	191466.6667	51974.66667	392624	34506.66667	NA	NA	NA	NA	NA	NA	NA	NA	NA	NA	NA	NA
OH43_sh2	OH43_sh2	3.906475695	65.82346511	38.59507993	135.9038805	96.0070372	39.95592234	0.111606205	35.99346972	147.474118	34.63948551	15.09549119	30.57123249	0.197657869	33.27744961	22.58679021	49.88402	22.11762956	80.4418674	117.6204876	0.482306963	3.393210045	69.70397354	-0.016918276	68.49367174	-0.017261176	1.203487478	37.37514478	0.910939127	6.585264332	15.67898121	3.709399487	0.828451519	0.944577944	92.8040859	16.65976821	117.841717	66.74729615	16.09456908	46.48945306	1.000000004	-0.134695959	1.598264791	14.69171091	4.907516226	2.884482991	0.698694322	0.895580015	50.64721973	11.34148053	0.996687275	13.10363308	71.05441353	1.50E-08	68.89823653	-1.41E-07	0.085864379	50.58672916	NA	NA	NA	NA	NA	NA	NA	NA	NA	NA	NA	NA	NA	NA	NA	NA	NA	NA	NA	NA	NA	NA	NA	NA	NA	NA	NA	NA	NA	NA	NA	16.40043768	42.6933818	75.24448785	63.40505002	67.7650949	117.2795904	NA	NA	NA	NA	NA	NA
Oh43_su	Oh43_su	1.145038269	63.19097346	44.11837622	129.8790961	99.98185558	29.58386072	1.337555462	28.27842197	NA	NA	NA	4.176694222	0.160579697	59.11079502	58.60504348	36.82558837	40.5289997	92.661491	122.3959012	-0.048977583	3.561546935	67.73525014	-0.01691844	66.53496659	1.982409131	1.172498494	29.74657655	0.971392659	5.830286357	10.55682624	3.821354481	0.842497135	0.960380965	103.2083647	13.65821924	124.0559277	96.22377768	13.61469837	50.98872958	0.843278047	0.139552038	1.185479867	NA	NA	NA	NA	NA	NA	NA	NA	16.23402557	NA	-0.009000541	77.10259284	0.004795929	0.036677618	27.0684583	NA	NA	NA	NA	NA	NA	NA	61718.66667	67831.33333	721542.6667	635964.6667	2618232	92445.66667	21274.33333	2266108.667	5520793.667	46693	80777.33333	32005.33333	98693.66667	1077075.667	1554203.333	115814.3333	816575.3333	17688	16661.66667	101417.3333	244419.6667	179457.6667	446157.6667	4963.666667	NA	NA	NA	NA	NA	NA	NA	NA	NA	NA	NA	NA
Olcott	Olcott	5.145491806	56.1923937	18.64050364	121.9887154	86.99359444	34.99633621	2.207755852	42.12319098	107.9714638	27.55606815	9.015582065	39.08783306	1.5583742	28.98577325	71.50950043	42.71708816	28.98044	103.0630222	138.5025618	0.878279852	10.77679704	55.7422434	1.983081666	53.51314671	0.648370923	2.2157614	35.31274989	0.980883896	6.635635776	11.62344548	2.92217551	0.871478785	0.943129671	65.8003856	13.80506325	104.8912946	66.99384717	24.31918942	47.39272094	1.171639374	1.489543153	2.574463897	9.099894577	2.98916704	2.820242343	0.82447096	0.912043585	67.76811892	11.18986239	0.968895705	70.06694744	55.0591426	1.495499787	54.59881791	0.002395511	1.41785367	37.66301623	13.70466728	33.27169758	19.92492707	4.635386786	4.606117399	9.222845196	16.52249495	NA	NA	NA	NA	NA	NA	NA	NA	NA	NA	NA	NA	NA	NA	NA	NA	NA	NA	NA	NA	NA	NA	NA	NA	96.19875878	144.880008	67.82924423	51.90002281	300.3942667	301.2058327	96.85872214	144.8800784	67.86896992	51.90000231	300.3102013	301.2058482
Oregon_Evergreen-2	Oregon_Evergreen-2	4.406475695	63.14836439	46.09507993	160.9038805	127.0070372	32.95592234	2.111606205	33.49346972	133.6100302	35.55640042	11.00750573	34.42123249	NA	NA	62.30008792	47.55107791	49.01963674	120.964876	149.9475272	0.95038597	10.58003038	62.17138632	1.316414937	64.29184158	1.642255663	-2.124504797	28.62021127	0.900298566	6.900529554	14.79227647	3.710154809	0.809394941	0.942385907	90.34272867	11.50632104	160.7879374	124.1697251	43.96702661	55.16587985	1.176094803	1.88542648	14.22138708	11.59577	7.895953887	3.214542675	0.798878801	0.879300863	83.95431786	21.06297356	0.956593433	79.3662311	63.8979536	1.988781339	66.97192314	1.998595642	1.511830003	37.16516086	NA	NA	NA	NA	NA	NA	NA	NA	NA	NA	NA	NA	NA	NA	NA	NA	NA	NA	NA	NA	NA	NA	NA	NA	NA	NA	NA	NA	NA	NA	NA	56.23823541	62.44169849	66.11162308	49.05247298	167.1887361	122.1405478	55.99353296	61.6659773	66.20444848	49.21892613	165.2317067	119.6157793
P35	P35	10.64549181	59.69168358	33.14050364	150.9887154	113.9935944	36.49633621	1.707755852	52.62319098	119.6987946	35.27754641	13.4676838	81.38783306	5.606336319	61.61077095	81.74241402	46.63332056	31.3597288	108.1488835	141.4360537	0.12557891	10.67076165	59.33817551	-0.016918354	59.66532087	-0.022918953	-0.454359891	32.86993859	0.913212397	3.875738469	11.59917638	3.357213461	0.783368381	0.94551041	99.11281291	17.78599519	127.0994128	92.23465133	21.42618516	42.16758967	1.426095479	0.336878017	10.16440784	12.34379676	7.883879207	3.317293661	0.80392624	0.952545874	83.95058836	9.448360398	0.930799657	85.06335141	59.05044365	-0.011218481	59.55356825	-0.001402419	2.859483086	35.21079987	16.73109494	37.16794076	19.96774039	3.796525664	3.44692256	5.233474887	12.47026417	145957	22157.33333	45191	314332.6667	28125	5471.333333	22295.33333	1726.666667	778591.6667	32523.33333	56634	18091.33333	1592899	583640.6667	2116863.333	468678	51926.33333	28704	64354.33333	132688.6667	91325.33333	95746.33333	193012.6667	40893.33333	80.20480059	137.9516923	63.46899798	44.45257773	216.8405147	249.3489839	79.3789019	137.1758784	63.57735194	44.61901442	213.827526	246.8242125
P39	P39	11.48164473	58.00792941	23.3676913	142.3371334	112.6495423	29.49556458	1.447682968	49.53685761	133.2227909	36.59777683	15.05553663	88.34682989	6.290253011	79.73578844	81.54898358	53.96706625	36.9336115	113.8402815	139.6673409	0.551466372	14.55359324	60.06596825	-0.016918174	59.89277834	-0.025962369	0.177749103	25.49147138	0.906307452	5.128212616	13.00291141	3.557923475	0.850221869	0.957083321	111.3684941	13.4736775	125.537061	92.88859224	19.44186239	53.41317812	1.592761739	1.858747296	12.48475821	12.195429	7.670754289	3.309048208	0.805828334	0.942910039	81.39169291	9.085761734	0.884487576	82.60733237	59.32441162	-0.011218562	61.45992113	-0.001407215	1.997442986	32.40089559	17.73494892	36.19669739	18.00982231	3.397979581	3.468383449	6.524565478	12.39492294	264296	145865.6667	682627.6667	933522	277529	18715	113083.6667	4908.333333	4219707	47718.66667	449232.3333	33852	2404588.333	1672996	3912091	1019662	1005420.333	158968.3333	46037.33333	986932.6667	808453.6667	820104	1379646.333	121616.3333	80.38989835	101.0691917	61.88956056	44.90252727	208.4013325	186.9736237	80.26466943	100.2933806	62.02309164	45.0689927	207.6311024	184.4487555
P39Goodman-Buckler	P39Goodman-Buckler	10.61742306	51.13364469	27.23097024	129.7828635	103.1445119	26.89560233	0.865486478	62.6014928	106.9787011	33.38782815	13.61337709	81.20184831	4.540253011	123.2215691	71.67276316	58.46736159	32.41532045	97.32696651	129.3758171	0.011555685	12.4579736	49.46125386	-0.016918521	52.2256761	-0.026359507	-2.789566255	31.83782392	0.948161616	8.448190045	14.203473	3.793805395	0.845890463	0.945928478	86.73804505	11.65887401	107.624818	77.37430041	13.05570208	66.30191643	1.509427953	0.265853604	6.596086128	8.900421565	10.25155828	2.798370048	0.806528064	0.926322547	74.20993805	12.30825801	0.956810277	65.15012807	52.20253165	0.322114794	56.2697254	-0.001409017	3.675837599	30.48122109	11.84667403	32.98588371	21.99406937	3.385356734	3.630818452	7.818533625	13.90361436	NA	NA	NA	NA	NA	NA	NA	NA	NA	NA	NA	NA	NA	NA	NA	NA	NA	NA	NA	NA	NA	NA	NA	NA	76.82889066	98.41669348	69.54382789	47.30256172	245.4797152	190.7202462	76.33094779	97.64095088	69.60662008	47.46901501	244.5919228	188.1955549
P39M96	P39M96	8.906475695	60.14836439	39.09507993	160.4038805	126.0070372	33.95592234	2.111606205	54.99346972	110.6100302	36.05640042	14.00750573	68.97123249	5.670147909	38.11077218	62.1066561	57.21641204	35.83351029	111.7831341	143.5570406	0.509839698	11.73469509	63.26704655	-0.016918423	62.85340252	-0.01974203	0.245094165	31.78592486	0.876185512	4.645783271	13.54576082	3.494091183	0.853040144	0.946175026	103.21196	17.98706622	142.8918854	108.6115583	20.58001417	65.2069828	1.592762324	0.528685081	10.04697396	13.03443642	6.650758466	3.222032172	0.841080251	0.956198611	75.24191723	7.738056519	0.938765541	95.29557808	60.85976518	-0.011218388	61.8014858	-0.001406709	3.120430419	33.83481005	22.29385894	38.60403951	15.09785504	3.661582849	3.756826542	6.884249579	12.70422475	212819	27935.66667	51785.33333	222326.6667	1351988.667	4726	19600.66667	1662	680683.3333	11026	284847	11646	1032671	610325	1017474.667	513778.3333	89046.66667	39116	53287.66667	123247	161611	61344.66667	71744	21098	96.78970183	120.2666969	62.94611786	40.70254062	260.5567157	202.835469	96.42938635	119.4909799	62.86598425	40.86896903	260.360333	200.3107911
P39xRp1d	P39xRp1d	11.40647569	57.14836439	26.59507993	140.9038805	108.0070372	32.95592234	2.111606205	53.99346972	140.6100302	38.05640042	14.50750573	88.22123249	4.878454677	91.98577551	79.05762953	55.5498485	27.35158009	105.4942531	139.6971088	0.817016183	8.827580602	57.79207288	-0.016918586	57.99681135	-0.021921709	-0.179297827	34.46765831	0.96783752	5.5178563	14.75941344	3.540050669	0.846909547	0.956019723	78.74909493	14.16085913	146.8971034	107.8433242	29.04865916	54.16212144	1.509429505	1.351916348	9.841622364	13.13742715	7.837543695	3.430086694	0.84231693	0.950502208	77.69999818	10.27346215	0.92178367	93.51553933	59.55105401	-0.011218321	60.18785331	0.002401118	2.897860873	38.37875921	17.34506275	36.57737461	19.28651729	3.292898063	3.303390293	6.851399506	12.55087642	78737.66667	22018.66667	72107	306790	2081878.667	5136	4951.333333	2321	475839	7337.333333	131354.6667	3120	104436.3333	217125.6667	794909.6667	46266.33333	14677	10299	44293	26212.33333	52562	48675.66667	310507.3333	2529.333333	141.7730458	122.4166985	66.16162308	52.70247298	426.4214369	257.8548064	141.7519393	121.6409773	66.25444848	52.86892613	424.220529	255.330038
P51	P51	8.542254027	57.27407967	34.95835887	136.8496106	106.5020069	29.85596009	3.529409714	58.55810492	122.3659404	32.84645175	9.565346192	65.67625091	4.162204525	70.61077915	65.0864187	62.21683488	32.92613499	95.43426111	129.1808245	2.577100909	9.71113838	62.04781434	-0.016918325	63.47471545	-0.023858123	-1.467690349	34.05542262	0.856539719	4.678536852	12.17060861	2.932433782	0.846798345	0.932802942	70.2984448	14.59128598	110.295477	79.80220144	22.15681149	59.9071354	1.926093877	3.069279017	10.69132333	11.80400767	8.036663211	2.92501842	0.837989151	0.924847098	73.63489854	14.76052585	0.915265125	54.82986123	59.11993644	-0.011218449	61.69242923	-0.001407404	2.106587706	30.58086524	17.01784322	34.16651244	17.30291719	3.828862352	3.743178374	7.26659453	13.88273563	20091	21392.66667	70837.66667	284359.6667	38479.33333	14679.33333	20726.66667	3884.333333	720743.3333	11341.66667	22456.66667	2452.666667	196032.6667	86345.33333	385150	54178.66667	10974.33333	18807	3077	142834.6667	70316	54038	192451.3333	10817.33333	79.3829069	77.53668573	66.36908108	56.10254628	232.1530599	174.9650518	79.15778364	76.76073252	66.44057244	56.26902045	232.029337	172.4399514
P51wx	P51wx	NA	NA	NA	NA	NA	NA	NA	NA	NA	NA	NA	NA	NA	NA	60.11262741	40.71658747	27.25020793	97.78860752	145.3689641	2.011253623	10.30835185	62.08043687	0.649748403	62.90769053	0.313622986	-0.834672997	47.31763771	0.941571089	8.079974009	16.05837181	3.434483154	0.810094782	0.945993299	88.98327914	14.71939704	103.7239485	72.02504873	15.59422698	51.93303759	1.426092705	1.951138627	6.936099122	13.38061007	6.832506166	2.847857241	0.808115845	0.93131713	67.89382455	15.66934711	0.970997932	61.34061398	55.95722827	-0.01121872	59.20862352	-0.001407863	3.050699129	31.92208585	NA	NA	NA	NA	NA	NA	NA	74035	88032	29940	521330	648142	7470	37294.5	3779	229730	27127	105871.5	4593.5	554510	16122	29741.5	128943.5	400773.5	129167	14707.5	39074	85703.5	16507.5	198522.5	38586	NA	NA	NA	NA	NA	NA	NA	NA	NA	NA	NA	NA
P51xRp1d	P51xRp1d	8.570322768	58.33211856	41.36789228	143.5554624	108.3510894	34.45669396	3.371679088	34.0798031	133.5860339	33.23617001	9.419652896	65.91223566	7.067684204	74.98577286	50.50837291	37.91050398	26.68471691	84.99807205	114.1163964	2.420427907	9.029077606	63.39579781	-0.016918212	65.75469815	-0.024225078	-2.440306135	28.92581285	0.899642282	6.975404355	13.00888832	3.197929193	0.829293201	0.944701837	77.1804755	10.3031977	117.526161	89.39105561	25.19840764	34.67744647	1.926093215	2.729323761	11.99919335	12.90009158	7.00283684	2.944291533	0.787059445	0.918630253	67.87046148	11.61221548	0.903941846	49.73336531	63.57199267	-0.011218324	66.69421985	-0.001402054	2.649274308	28.09963309	16.3044425	34.37932604	17.98440841	3.94707394	3.937661506	9.047751893	16.4436003	3462.666667	7031.666667	115327	650576	60513.66667	24539.66667	10059	18959.66667	7000441.667	25154	72725	25845	1652655.333	861642.6667	3840626.667	477116.3333	339884	69118.66667	148824.3333	112717.3333	222674	111819	807457	34443	107.8810414	155.0499977	70.08131957	41.20001221	357.8317773	263.6904744	106.0942013	155.0499729	70.05902892	41.1999889	354.1621632	263.6904577
P737M20	P737M20	1.042254027	NA	10.29930941	108.4673925	72.28369058	36.38239298	0.926788187	NA	NA	NA	NA	8.026250909	NA	NA	41.30791004	42.21692773	17.27906929	70.60211208	102.6331631	-0.005303871	3.129645257	63.62384489	-0.01691846	64.85405119	-0.025238793	-1.188661032	31.83408073	0.89551091	5.617356593	11.14424102	3.130075732	0.837944666	0.937325188	82.80568182	14.47439432	109.9974458	78.239801	17.64441917	47.19303913	1.592760873	0.015302886	5.065556261	12.10234855	6.295043097	2.921402624	0.84334645	0.929980379	81.01216016	15.27684581	0.985301759	48.54272515	61.27215427	-0.011218651	63.44529557	-0.001407039	0.675145867	31.76556187	NA	NA	NA	NA	NA	NA	NA	NA	NA	NA	NA	NA	NA	NA	NA	NA	NA	NA	NA	NA	NA	NA	NA	NA	NA	NA	NA	NA	NA	NA	NA	NA	NA	NA	NA	NA	NA	NA	NA	NA	NA	NA	NA
PAIA_453	PAIA_453	11.57032277	59.83211856	45.86789228	163.5554624	127.8510894	34.45669396	1.371679088	36.0798031	153.5860339	35.73617001	13.4196529	88.96223566	4.474838819	93.61078058	62.82419904	53.46655615	35.3637112	101.1255892	134.6216134	0.844980292	11.85405005	62.44422224	-0.016918117	62.83015225	-0.022254423	-0.459563041	33.34330845	0.908297776	6.243202602	15.73964917	3.308629535	0.824427992	0.94298494	85.09412776	19.05689015	134.4976671	97.89384366	35.34308164	48.24751155	2.259426606	1.989560936	13.28661981	16.46017602	7.35918547	3.298998472	0.791660487	0.940180963	60.0567691	10.15202206	0.90894365	62.09317155	61.10775197	-0.011218713	62.67516112	-0.001409456	1.760535366	36.50450784	NA	NA	NA	NA	NA	NA	NA	259417.6667	84409.66667	130565	1451295.333	3671666.333	154946.3333	435747.3333	423454.3333	5396732.333	146914.6667	1353781.333	50807.33333	948077.3333	1574175	2315569.333	256151.6667	202857	254461.3333	175477.6667	579258	553903.6667	555417.3333	1537427.333	147200	39.18023719	47.47668977	73.04044677	59.05257516	143.7514321	119.041364	NA	NA	NA	NA	NA	NA
Pease_Crosby_Sweet_Corn	Pease_Crosby_Sweet_Corn	11.85844739	49.33434264	25.21996059	137.6698367	98.27434354	39.26166111	3.063783989	50.15085577	120.2825938	38.97061651	14.06489768	91.96887981	4.832063083	160.4857765	47.33854354	57.54995668	19.81472904	99.83135224	128.3708249	1.332574995	13.98334027	50.72396705	0.316414962	51.08534134	1.313581861	-0.450231195	28.53558781	0.984733303	8.728651506	13.79291205	3.623381695	0.810979572	0.928838198	80.07814679	12.10497787	124.6724305	86.80260226	18.50740239	42.22333365	1.537206448	1.840875926	6.723289889	11.12793201	6.438017595	3.056920076	0.803776019	0.899099764	66.43407619	12.16445091	0.981420513	56.22051108	53.075122	0.988781548	54.78118897	1.331928086	2.581715926	38.12133902	NA	NA	NA	NA	NA	NA	NA	598707	68202	40395	1038587	2968614	36608	805	7322	6121792	26398	479525	13957	1688232	467643	1611001	290260	274659	710818	38951	188018	281972	66272	417087	9720	45.64700355	79.18169651	71.98486729	55.45250832	164.945919	177.7619709	46.02935924	78.40597821	72.16677171	55.61895739	165.5042857	175.2374219
R839	R839	9.00174283	61.26265805	39.6691684	142.7744664	110.1280996	31.92276092	2.837555462	46.21463887	133.8543596	30.98482059	10.49234161	69.52669422	4.708071198	90.23576806	41.26203786	52.96581949	24.30898079	80.04956645	107.3575432	0.759844081	14.35967619	64.81792649	-0.016918331	65.63341501	-0.021598393	-0.819969814	27.00308135	0.941345435	4.460994978	10.51764887	2.949029665	0.779896115	0.917780731	87.62877817	18.54804828	131.9205594	97.87437043	33.76674328	56.22258704	1.592761736	1.113648891	16.28073356	13.10571913	6.333904775	2.927528219	0.841982666	0.948926543	58.52957709	8.475555982	0.958851338	59.4924421	62.14722996	-0.011218737	65.41636533	0.331922537	1.911403078	33.73625024	13.80032096	13.6421517	2.597741454	5.897184073	6.344460371	20.62868654	30.72940259	360118	27389	8448	51993.5	440031.5	5005.5	774.5	2451.5	86278	6340.5	84108	5071	266836.5	148444	376833.5	47154	161389.5	18206	8568.5	43206.5	73815	9616.5	100283	3568.5	38.52398208	49.25669605	70.15570914	64.70253993	117.4196649	129.8568691	NA	NA	NA	NA	NA	NA
R851	R851	7.117423064	62.63364469	44.73097024	139.2828635	106.1445119	32.89560233	2.365486478	40.6014928	93.47870108	30.38782815	8.113377095	54.25184831	6.165228223	142.2215665	21.34759543	37.76365217	34.87489828	101.2009453	131.0708601	1.356263298	10.32406708	66.17871963	-0.01691845	65.30645917	-0.024390547	0.883191717	29.35352104	0.821934402	11.66307913	11.04058115	3.551666517	0.80794163	0.934959395	82.33057611	11.45940206	98.96088742	72.20925242	24.72324771	40.58372449	1.509426701	2.665222793	8.535861286	9.192570376	10.68779976	3.429040834	0.830983002	0.946516831	80.09169661	11.6149253	0.839591458	77.89050256	65.90853693	-0.011218668	63.91513021	-0.001408197	3.006508394	26.72137778	14.06150426	16.83793767	2.842063806	6.929615271	6.607057857	18.76690647	29.70394983	NA	NA	NA	NA	NA	NA	NA	NA	NA	NA	NA	NA	NA	NA	NA	NA	NA	NA	NA	NA	NA	NA	NA	NA	7.372093123	35.3566948	79.71719278	59.10252864	37.47637758	85.63183674	NA	NA	NA	NA	NA	NA
R853	R853	5.981644733	62.00792941	25.3676913	122.3371334	89.14954227	32.99556458	2.447682968	39.53685761	NA	NA	NA	46.09682989	4.380697726	57.44410376	46.88790803	44.55032912	25.4983004	93.65092171	128.0227421	0.369008753	6.998198093	63.47175409	-0.016918142	63.99013059	-0.0221077	-0.492228648	34.41045692	0.816079584	8.327273766	14.61818475	3.208239859	0.818817805	0.94073851	75.81959422	17.0332198	92.2866028	64.22183418	16.12708263	53.82454018	1.34276001	1.900713203	2.762430508	13.53638742	8.448656162	2.853847212	0.789555664	0.923894127	66.24386786	15.46912846	0.859545684	51.61496143	60.22852455	-0.011218882	63.77626506	-0.001404371	3.302156241	28.57239934	10.14670581	8.93970168	4.600792283	5.676647545	6.312294882	25.59298001	33.08264533	NA	NA	NA	NA	NA	NA	NA	NA	NA	NA	NA	NA	NA	NA	NA	NA	NA	NA	NA	NA	NA	NA	NA	NA	11.64935901	39.75000169	75.23463326	57.60000452	47.13596729	93.75000782	NA	NA	NA	NA	NA	NA
Ranniaya_Zolotaya_401	Ranniaya_Zolotaya_401	5.481644733	50.00792941	17.3676913	115.3371334	83.14954227	32.49556458	2.947682968	43.53685761	122.2227909	36.09777683	9.055536628	42.24682989	2.628917462	71.9857725	64.08314741	44.96675524	17.20662469	84.8469451	113.214429	1.217174794	7.321468225	50.74680212	0.649748538	54.13585183	0.645160831	-3.456133631	28.2240917	0.954381774	8.327569084	11.80695938	3.503811051	0.790822268	0.895383108	95.35870391	19.63081856	124.7528858	87.18377059	15.21212284	45.02994889	1.176096742	2.332749108	3.715018243	14.38072151	9.576051856	3.278427457	0.768130707	0.882572342	67.38345869	19.19317979	0.938924444	67.47944997	51.82595122	-0.011218679	53.69687006	-0.001413354	2.82913799	37.08526115	NA	NA	NA	NA	NA	NA	NA	27910.5	109960	23291.5	1929645.5	2460431.5	40224	208983.5	143081	2614234	80440.5	34855.5	18090	1181785	113176.5	670036.5	188435	230117	20266	5052	62514	72246	64818.5	308544.5	73595.5	94.85875878	108.630008	68.42924423	47.90002281	301.8512307	208.5028906	95.51872214	108.6300784	68.46896992	47.90000231	301.7671653	208.5029061
Raza_Maiz_Dulce	Raza_Maiz_Dulce	8.145491806	67.19168358	79.14050364	200.9887154	163.9935944	36.99633621	0.207755852	47.62319098	126.1987946	38.77754641	12.9676838	62.13783306	1.195018847	79.23577926	63.42337655	48.96759588	80.2311314	163.2433933	197.5028839	0.851320298	17.95643563	74.81385359	1.002274334	77.79297826	1.483748074	-2.933141637	34.21855	0.891653358	8.975006641	13.99652249	3.783261033	0.836182311	0.930531471	100.7430643	38.35330329	221.0398851	181.1645745	99.00387834	38.5447037	1.73164978	-0.14777251	17.04368367	13.67123781	8.099848563	3.374551232	0.842865748	0.922122472	76.77105549	17.02564457	0.969938942	69.45160892	70.94519678	0.322114701	70.94470709	1.331929498	0.113626665	40.45903237	NA	NA	NA	NA	NA	NA	NA	186915.6667	98088.33333	76627	352711.6667	1066773	127730	13063.33333	316291.6667	562214	2882.333333	80861	12028.33333	35461.66667	721527.6667	608488.6667	25153	19897.33333	12924	73803.33333	40703.33333	66818.66667	11646.66667	113408.3333	1727.666667	NA	NA	NA	NA	NA	NA	NA	NA	NA	NA	NA	NA
Red_NCLB	Red_NCLB	1.995607267	63.47326366	52.61740834	182.2318288	136.7203232	44.32952721	2.132031242	21.88118423	138.7459424	38.47331534	11.91952026	8.21223566	NA	NA	86.55702293	28.88221741	44.90796095	126.3068702	169.1637842	0.187609447	10.6419435	61.22850724	1.983081698	65.0430217	1.978443722	-3.805614448	42.56791881	0.883772184	6.560726607	14.70068967	3.828456745	0.816118512	0.946430564	97.14182038	16.45852583	150.9636771	110.709518	28.66245152	43.52041374	2.09276263	1.971689091	11.37657	12.52145142	5.440655428	3.007073721	0.837736447	0.952335435	60.17894492	8.498565	0.973020873	52.12735979	59.98516245	0.322114935	60.75856682	0.998595996	3.003575742	40.0471936	NA	NA	NA	NA	NA	NA	NA	NA	NA	NA	NA	NA	NA	NA	NA	NA	NA	NA	NA	NA	NA	NA	NA	NA	NA	NA	NA	NA	NA	NA	NA	NA	NA	NA	NA	NA	NA	NA	NA	NA	NA	NA	NA
Rhode_Island_Sweet	Rhode_Island_Sweet	NA	NA	NA	NA	NA	NA	NA	NA	NA	NA	NA	NA	NA	NA	83.95559493	50.38330359	25.98326866	97.91103904	133.1653667	1.848544487	11.19491091	49.24873315	0.983081488	50.11223012	1.306259629	-0.827427375	35.23357679	0.896106227	7.928103838	14.54679903	2.86354243	0.849347313	0.926745847	63.33050404	11.35286858	120.2932428	84.72743527	19.16716573	43.63299422	1.50942576	2.233074877	6.001040602	13.64860138	7.788202412	2.540297514	0.814450165	0.927133542	49.6009912	9.199405006	0.930550972	75.03784364	50.4947285	0.655447993	51.95468164	0.998593848	2.069223361	35.68563232	NA	NA	NA	NA	NA	NA	NA	59158.66667	64511.33333	41087.33333	209544.6667	387405.3333	17352.66667	7601.333333	15201	195552.6667	10177.66667	141325.6667	5200.666667	408828.6667	192514	328371	191147.3333	352119.3333	109904.6667	21092	150522	153799	123935.6667	242890.6667	40993	NA	NA	NA	NA	NA	NA	NA	NA	NA	NA	NA	NA
S4	S4	11.57032277	51.33211856	16.86789228	110.5554624	79.35108937	29.95669396	1.371679088	38.5798031	88.08603391	24.73617001	10.4196529	88.96223566	2.758098397	69.98578072	25.18140105	39.07525897	17.04255334	79.82108067	111.06515	0.667270878	7.520830441	56.192589	-0.025377567	54.65242051	-0.031436663	1.343770619	31.19972452	0.874462091	5.958763315	9.028355305	2.949600318	0.75878473	0.897529448	70.11184931	17.58611133	112.5492423	69.00704247	10.15254243	44.26631886	1.592761927	0.993998875	5.508431309	7.84381313	4.370947412	2.562673952	0.834171199	0.913373826	49.64632254	10.51858413	0.959428993	64.38414028	53.78609559	-0.011218593	53.86244811	-0.001406065	2.413867321	43.5505208	14.66328061	32.75285974	18.74459888	4.499531973	4.499892623	8.507219464	15.82360839	1054594	120125	374073	2760134	7536038	33753	1544	24281	209347	13424	292419	14382	63196	39897	77347	35961	47913	31564	18591	169413	196491	141435	858649	4953	84.69619458	119.6416904	69.50534413	48.35255694	276.1678814	237.0583433	84.53722021	118.8658704	69.58778987	48.51900571	277.8754059	234.5335484
S43	S43	12.11742306	50.63364469	24.73097024	130.2828635	99.14451194	30.89560233	1.365486478	62.6014928	117.9787011	27.38782815	8.113377095	92.75184831	5.026010152	115.2357736	90.72394141	61.13299734	20.44673873	92.27952986	125.8060176	0.188918582	9.050440501	54.16950438	-0.016918474	53.57173211	-0.019984952	0.52491611	33.05083995	0.8607099	7.761693547	12.49381581	2.723966467	0.835137261	0.919829646	63.96022678	12.54636108	116.0275172	80.88959441	20.56064675	52.61990652	1.926091416	1.176383252	4.406859621	11.84442537	7.82030266	2.725927512	0.808543354	0.913803562	66.90492248	11.38087788	0.894149908	80.11425197	50.54306832	0.655448194	51.36359782	0.665263428	2.275452934	35.30184722	9.868067603	27.40652301	18.20745874	4.349382997	4.266342564	9.738672722	18.29694444	NA	NA	NA	NA	NA	NA	NA	NA	NA	NA	NA	NA	NA	NA	NA	NA	NA	NA	NA	NA	NA	NA	NA	NA	93.67239324	150.5033816	72.7448873	38.70503448	351.5474819	246.4173676	93.41097187	148.9517334	72.88081163	39.03793052	351.7817456	241.3675046
S8	S8	NA	NA	NA	NA	NA	NA	NA	NA	NA	NA	NA	NA	NA	NA	45.1537294	64.79997826	31.24347439	81.42857789	111.9759432	0.702940766	7.570890768	56.30907818	1.316415088	54.08743689	1.980507984	2.739925041	30.35365735	0.999062793	3.745811585	8.723817715	2.779135732	0.813447218	0.885921526	54.82457469	23.00172162	92.69639651	64.06245044	16.60447257	63.7129982	1.342758952	0.729142088	5.85587282	7.974446755	4.08633238	3.197295712	0.816373564	0.931666172	62.55183995	14.46038973	0.941623698	60.29765213	55.36331577	1.655448044	56.12706845	1.665259086	2.297807273	28.76360587	NA	NA	NA	NA	NA	NA	NA	54811.33333	202403	1620950	1163317	9361563.333	802933.6667	812464.3333	13823.33333	59080.33333	242050	2065624.333	203223	1703075	1867035.667	6422511.333	987938	11741959.67	630517	196907	642275.3333	4675145.667	188118	3271506	38285.33333	NA	NA	NA	NA	NA	NA	NA	NA	NA	NA	NA	NA
SC1441	SC1441	8.570322768	64.33211856	30.36789228	143.0554624	103.8510894	38.45669396	2.371679088	42.0798031	132.7459424	32.47331534	12.91952026	65.86223566	5.276228749	75.48577093	42.24173648	46.71649202	29.35926128	94.45370698	128.3819142	0.450453342	4.72231864	64.71084223	-0.016918362	63.70061785	-0.020058995	0.894776951	33.74084318	0.912222094	9.598085136	15.50225656	3.626938206	0.845342674	0.952481157	87.01761168	9.564567571	96.49921404	97.53768711	60.39548714	48.89410165	1.50942857	0.149123536	4.129393561	14.5223742	8.153181883	3.160504837	0.829345666	0.942732302	61.83455787	9.894497722	0.878902562	88.46344871	59.87995292	-0.011218298	59.82724917	-0.001407415	2.372633582	-1.220505099	14.68590226	15.06711835	2.399978088	4.457551517	6.449782613	18.23733711	29.65620898	228620.6667	148713.3333	388093	7584764	10777011.67	215528.3333	106022.6667	23165.33333	10844547.33	296072.3333	216927.3333	304945.3333	554934.6667	5244528.667	7934659.333	387153.3333	214224.3333	211868	150307	89823.66667	538329.3333	548636.3333	2847086.333	17057	24.86342506	NA	74.78726243	NA	97.69020292	NA	NA	NA	NA	NA	NA	NA
SC6069	SC6069	8.042254027	61.27407967	34.45835887	174.8496106	142.5020069	31.85596009	0.529409714	52.55810492	125.8659404	35.34645175	13.56534619	61.87625091	4.928520112	74.98578436	4.817688449	49.69982636	15.3687335	59.25886219	97.53009862	1.001109762	1.46194974	69.50644422	2.004548462	70.29080635	-0.023418492	-0.862106849	37.97922569	0.83871051	8.807378428	12.8233934	3.028846506	0.807947999	0.90560701	82.30428177	14.90249139	141.5709298	105.2473178	23.24671115	47.99933446	1.5094278	0.367094825	1.800656399	11.37578956	7.546184305	2.942609607	0.814079145	0.932139102	64.65195583	10.68221202	0.932502613	50.33717105	59.13517932	-0.011218427	62.30972906	1.665259973	2.004433391	35.86590807	18.31422906	20.32008805	2.67877919	4.861020094	5.818810562	16.36702391	27.20502758	170536.3333	219133.3333	40954.66667	2202156.333	3790812	51458.66667	95147.33333	17690.66667	4249791.333	115401.6667	72239	9075.666667	113698.6667	381301	1690289.667	56311.66667	335367.6667	23841.33333	12008.66667	44711.33333	110010.3333	463664.3333	627705.3333	7318	32.74557891	26.93669487	75.97746517	59.50250804	132.6774371	65.64980685	NA	NA	NA	NA	NA	NA
SD176	SD176	11.61742306	50.63364469	34.23097024	139.7828635	106.1445119	33.89560233	1.365486478	36.1014928	116.9787011	41.88782815	13.11337709	88.90184831	2.285818725	80.3191085	35.6125644	42.63307423	24.20370208	65.92074113	97.0363744	1.270639573	4.685940249	54.76683883	1.983081727	55.20220921	-0.015067398	-0.471298344	31.43749283	0.958580883	7.346114575	10.4255859	3.860124986	0.828373967	0.938813951	93.87573006	24.58044026	82.51544426	51.52441212	15.87876302	41.33439044	1.509429575	0.684594587	2.669080501	11.78565446	8.04768822	3.778241327	0.751395583	0.901012826	77.72287821	17.24382361	0.932292673	77.18355745	52.16389977	1.655447982	53.82394189	-0.001403136	2.249810436	31.34278328	15.02691429	29.60455099	14.57833617	4.969157069	5.213795237	8.594795381	19.01914294	34156.66667	153359.6667	15139.33333	509255	359312.3333	82622.33333	161345.3333	21352	613223	23162.66667	37316.66667	3625.666667	281659.3333	47800	177725.3333	71789	258733.3333	17160.33333	4381.333333	139449	114975	6933	116237	9581	53.65746896	89.00669319	72.75115058	54.5025336	197.1821443	199.9204125	54.49068679	88.23096923	72.83390931	54.66897392	199.9317655	197.3957119
SD226	SD226	7.117423064	49.13364469	11.23097024	97.78286352	69.14451194	28.89560233	0.865486478	42.6014928	96.98593839	43.21958816	15.21117212	54.30184831	4.054394369	69.98578765	65.72792609	47.13317545	10.88563636	65.52291223	91.55552371	0.016568094	5.577225891	51.08129224	0.983081844	53.67463617	0.649416884	-2.758190744	26.34999751	0.913550698	4.631570697	9.179839367	3.966693663	0.78357317	0.925948077	117.3639087	24.71834117	99.02867158	61.50618382	10.1609224	45.17839982	1.134169635	0.409927783	5.630010873	10.59350719	8.387256165	3.987854497	0.755029131	0.922429765	105.3790977	19.98373301	0.951785292	57.75615367	52.17514038	0.322114712	54.10751728	-0.001407035	2.74809923	37.67286827	16.61377992	27.95972571	10.62053309	6.222119008	6.178259521	10.53907554	23.08418984	NA	NA	NA	NA	NA	NA	NA	NA	NA	NA	NA	NA	NA	NA	NA	NA	NA	NA	NA	NA	NA	NA	NA	NA	48.88508898	66.85169348	64.24382789	45.35256172	117.9369893	121.2720531	47.52636784	66.07595088	64.30662008	45.51901501	114.0643706	118.7473618
SD277	SD277	9.50174283	54.76265805	32.6691684	118.7744664	91.12809956	27.42276092	2.337555462	56.71463887	144.3543596	32.48482059	12.99234161	73.37669422	3.960884159	51.61078401	59.8516725	48.96652215	23.91459959	75.68877573	104.570147	1.281211925	6.872469844	58.64139301	1.983081917	60.91242148	1.317013801	-2.427010164	29.05618948	0.924238394	4.130346588	13.78080136	3.115028771	0.853556506	0.925605469	67.57836336	13.80838749	96.70674401	72.8078904	19.82874398	47.15371411	1.759427236	1.399392147	8.044897437	13.02546911	4.282298299	3.207983721	0.830543696	0.927629728	70.51470618	14.34706483	0.886283997	76.76386364	56.03595627	1.988781184	58.35318963	1.99859356	1.91121766	24.19882772	17.50601617	30.71465823	12.33074583	4.663078096	4.951300198	7.09057196	17.58759562	NA	NA	NA	NA	NA	NA	NA	NA	NA	NA	NA	NA	NA	NA	NA	NA	NA	NA	NA	NA	NA	NA	NA	NA	78.98776075	80.34168696	64.72809538	50.65256288	224.0085017	163.1325133	78.26564273	79.56579581	64.73512223	50.81899224	220.6953549	160.6075963
SD42	SD42	6.117423064	56.13364469	34.23097024	155.2828635	114.1445119	41.39560233	3.365486478	51.6014928	150.9859384	34.21958816	13.21117212	46.60184831	4.078641659	51.11077997	77.46355544	52.30030763	36.30543778	101.6456259	140.2412126	0.187767496	11.98941516	59.24270952	0.316415039	61.06450177	0.312559429	-1.802873083	38.67225898	0.918527885	6.978237714	15.19887877	3.453048974	0.840824845	0.958832435	94.9914998	11.45969751	131.3157015	92.47912056	19.69217218	51.00425242	1.259429589	-0.069870757	7.007919334	13.40932437	7.030229241	2.833440611	0.833833601	0.92645429	65.90063208	17.53651251	0.899457463	87.90335326	60.99993182	-0.01121852	64.03324839	-0.00140445	2.732225204	38.41796588	17.88841693	32.21646442	16.17507232	3.747729228	3.465673371	9.89494197	15.98950728	NA	NA	NA	NA	NA	NA	NA	NA	NA	NA	NA	NA	NA	NA	NA	NA	NA	NA	NA	NA	NA	NA	NA	NA	91.62508898	117.1533853	65.45302253	56.30511893	260.9396157	272.0550115	90.26636784	115.601844	65.44553994	56.63802201	257.066997	267.005561
SD469	SD469	11.64549181	54.69168358	20.14050364	104.9887154	77.99359444	26.49633621	1.207755852	53.12319098	110.1987946	32.77754641	10.4676838	89.08783306	5.483704834	83.23578	80.74981408	41.71675524	24.62329136	84.0969451	112.464429	0.633841461	10.57146822	55.41346878	1.649748538	54.13585183	1.311827497	1.210533036	28.2240917	0.943871445	6.981512795	13.65417311	3.052480353	0.869872335	0.948442581	69.9188651	14.48057134	93.86748083	63.19615682	16.73081199	44.87271783	1.342760449	1.355673883	5.072686004	13.07119086	6.993768937	3.243382802	0.823420364	0.939714676	70.68361459	12.09978436	0.873569356	78.8817067	52.75720607	0.988781375	54.12059877	0.331925833	2.477583634	30.45334449	16.82396213	33.29253037	16.2346974	4.07781648	3.835020666	7.200185882	14.63903698	NA	NA	NA	NA	NA	NA	NA	NA	NA	NA	NA	NA	NA	NA	NA	NA	NA	NA	NA	NA	NA	NA	NA	NA	60.92980059	NA	69.61899798	NA	201.7048305	NA	60.1039019	NA	69.72735194	NA	198.6918419	NA
SD592	SD592	9.145491806	53.19168358	34.64050364	145.9887154	113.9935944	31.49633621	2.207755852	62.62319098	126.6987946	30.77754641	10.9676838	69.83783306	5.21476727	93.2357719	76.8243936	64.13382322	25.05116732	84.07795281	115.1855504	0.894340216	8.971878741	55.49599642	1.649748165	56.18623069	1.6480385	-0.766082169	31.44015067	0.951861726	5.396369752	11.91783913	2.860523552	0.845022733	0.940271437	80.93321097	11.4585426	122.2954126	87.28892155	17.0088685	57.64749252	1.342763462	1.368504843	5.550773083	11.85375758	5.68898256	2.862647666	0.821218728	0.92673521	61.11592611	12.70477777	0.923971527	93.4112272	54.20698881	0.655447993	55.71201003	0.665259245	2.417567166	34.69706732	16.96123119	36.00597861	18.95470575	4.012951674	4.051588105	6.777120623	14.02143885	NA	NA	NA	NA	NA	NA	NA	NA	NA	NA	NA	NA	NA	NA	NA	NA	NA	NA	NA	NA	NA	NA	NA	NA	76.27318341	53.35169691	62.6376083	49.75253657	201.1158227	107.4479984	75.46071344	52.57602943	62.76391618	49.91895833	200.4682949	104.9234385
SD789	SD789	12.90647569	53.14836439	26.09507993	120.9038805	82.5070372	37.45592234	2.111606205	39.99346972	134.6100302	31.05640042	10.50750573	91.80250229	4.795857555	94.61077699	60.57001047	43.21659176	21.21326175	72.09197245	100.57138	1.000874015	6.447020334	57.13939259	0.64974844	57.96623158	0.64443698	-0.806175066	28.38274487	0.878558446	6.175128003	15.28315762	3.105296439	0.841504266	0.943083372	74.01746169	15.81985021	108.1995748	74.62406259	28.90845481	46.51084814	1.7594274	1.224615042	4.19650321	15.70971377	9.652830921	3.206211865	0.796634257	0.8977593	70.21179047	16.8657018	0.911902349	93.59769825	55.71642314	-0.011218457	56.83551008	1.33192848	3.153976558	33.17040662	17.60670816	34.60765892	16.0693033	3.747062385	4.042610131	8.262335202	14.50597895	135506.5	40697.5	21064	325212	1494689.5	13020.5	15216	32159.5	10427871.5	33502	225384.5	13345	198679	328227.5	1056653	51220	236346	13899.5	18496	20216	104375.5	6678.5	166657	2926	51.02823955	134.9199977	64.36290371	45.40001221	138.3129977	247.1062253	49.82817286	134.9199729	64.41875599	45.3999889	134.6594435	247.1062086
SD829	SD829	9.070322768	54.83211856	26.86789228	138.5554624	102.8510894	35.45669396	1.371679088	48.5798031	119.0860339	28.73617001	9.919652896	69.71223566	4.747292328	83.48577706	59.42207898	48.21660442	25.57846538	94.0688422	124.3271264	0.04313668	9.524426461	56.83644844	-0.016918349	58.0424202	-0.02358662	-1.417190858	29.85653833	0.920004274	3.962984142	12.67359524	2.936834188	0.809739447	0.916130348	82.82878095	17.50397007	113.1345716	80.40442088	26.57276694	50.13328036	1.09276019	0.431530224	7.106090558	10.45033123	4.797510832	2.58791153	0.736255455	0.850042541	54.77909273	15.13622454	0.947466214	58.66993633	57.2640508	-0.011218498	60.82854463	-0.001411376	0.893429988	32.51475663	16.33283017	32.79439583	15.73585548	4.540642454	4.511291992	8.927611334	17.9233136	NA	NA	NA	NA	NA	NA	NA	NA	NA	NA	NA	NA	NA	NA	NA	NA	NA	NA	NA	NA	NA	NA	NA	NA	114.4034251	NA	64.68726243	NA	324.5266073	NA	113.9351266	NA	64.60155004	NA	322.8134565	NA
SD883	SD883	11.14549181	57.19168358	28.14050364	127.9887154	98.99359444	28.49633621	2.207755852	47.12319098	111.1987946	35.27754641	13.9676838	85.23783306	2.953641659	59.11077997	87.48477246	46.63300183	33.43732403	100.1448094	131.2572678	0.24158706	13.66918299	59.18658254	-0.016918126	60.8345684	-0.016386693	-1.768247177	31.17202887	0.857289264	4.678146187	12.58096975	3.37986474	0.837931448	0.949287316	99.76732356	12.77092764	117.4779861	87.94149115	18.3685135	55.94555587	1.592762003	0.201987037	8.139956555	12.08431023	5.343441284	3.119417843	0.833794451	0.932047786	70.48410391	8.255071611	0.863196743	89.55384442	59.075122	-0.011218452	60.11452231	-0.001405248	1.665049259	29.78800569	19.24490176	36.32438405	16.31239885	3.844044974	3.81944012	6.627336684	13.89492346	NA	NA	NA	NA	NA	NA	NA	NA	NA	NA	NA	NA	NA	NA	NA	NA	NA	NA	NA	NA	NA	NA	NA	NA	66.05818092	87.50169635	64.90615034	47.40253015	187.6155923	163.0495508	65.75409604	115.0139329	66.69680075	43.21267315	197.9825096	194.3396779
SD884	SD884	9.00174283	59.76265805	18.1691684	101.2744664	74.12809956	26.42276092	2.337555462	55.71463887	111.3543596	29.48482059	10.99234161	69.52669422	4.920147909	100.8607722	72.53323129	47.34605062	20.3813797	73.65450553	98.78232529	2.02580919	13.51782553	56.79181265	0.31641477	58.77659584	-0.027064262	-1.949867823	25.22149319	0.863681654	5.331271991	12.11615839	3.298802182	0.829578107	0.94491676	92.4268259	13.07749053	101.233468	71.1978408	13.74786122	54.27457375	1.842762857	0.8469634	9.532467023	12.7677072	5.722607076	3.356699466	0.822191426	0.936402034	84.26295163	15.36781886	0.864583754	92.3248904	54.92298637	-0.011218421	57.4511314	-0.001406338	2.937954766	29.48063473	14.76510269	32.56242987	17.3237181	4.263483902	4.702472	9.224652042	17.2858071	89115	42861	7670.5	391977.5	2026899.5	7628.5	12100	3716	5780472	60298.5	203665.5	18848.5	59250.5	944783.5	2320921	84432.5	112144	30785	25195.5	159660	136902	109599	243851.5	2841.5	134.2409613	167.3700011	69.33375085	53.90002407	437.690196	363.05858	135.0267791	167.3700637	69.4261965	53.90003053	441.0078374	363.0588697
SD908	SD908	10.33789576	55.07890387	25.89635606	125.1228845	89.78404739	35.4219893	2.077482578	47.12830549	149.3783559	29.30505101	12.58019443	80.33569105	6.503452103	119.4857769	66.79532635	56.0500579	27.37366792	89.55757187	122.2297829	0.78280559	6.605240156	58.5428171	-0.016918283	57.68298873	-0.015938223	0.84410109	32.62909006	0.890067082	6.893800963	15.96310252	3.184967028	0.824912639	0.931417062	88.49624297	16.11399512	118.5437681	83.16091295	19.6624857	58.00735147	1.426094659	1.264842514	4.220502918	14.03065113	6.490042989	3.229954138	0.736612801	0.884516028	75.58318285	21.14924069	0.935926928	68.54910102	59.76737033	-0.011218557	59.40152055	-0.001405813	3.215188777	35.06119427	12.43674885	34.96064467	23.79440695	3.306864352	3.017586112	6.759685131	11.93380029	186443.6667	112276.3333	42883	1084919	2894117.667	21379	607	4070.666667	1105868	21110	418059.3333	7562	64795.66667	359721.3333	714212.3333	9895.666667	39585.33333	16655	49213	48654.33333	94628.33333	40240.33333	309746.3333	2424.666667	113.0534287	117.3916918	64.04448785	48.15248497	319.4839752	224.3572273	113.5201063	116.6159015	64.17848305	48.31894117	315.8464809	221.8324037
SD909	SD909	11.14594534	53.1923937	4.16263107	80.09833458	55.00533331	25.40881169	2.804184769	48.96796	100.9714638	27.55606815	14.01558206	84.8911575	2.5583742	107.6107732	62.27000667	48.63234658	9.676230719	51.18826947	73.65123465	0.84019235	5.262709117	58.91988342	-0.016918458	56.61509604	-0.016790177	2.2149576	22.66741185	0.899289598	4.981587862	10.46384673	3.191819439	0.854034139	0.944662207	95.58059986	13.24437631	81.8214366	56.42544582	10.96094062	56.21583351	1.509422363	2.007236683	3.950833818	11.1926084	6.519486682	2.626141149	0.845747535	0.929119707	53.42008105	14.18556906	0.920472358	55.75862355	62.48422462	0.655448054	61.75242439	0.665261667	2.50209881	25.32938019	17.79713837	35.0878928	16.62097997	3.815504266	3.400122029	5.251260776	11.44682159	49200	13658.33333	8453.666667	86787.33333	421781.3333	14694.33333	12478.66667	1341	904351.6667	13196.66667	74336	3032.666667	15441	81810.66667	317602.6667	8017.333333	5859	9340	7082.333333	55251.33333	38621	14277.66667	58695.66667	583	103.0419239	124.7166966	67.74113338	50.00257087	317.4560143	245.6825205	102.692545	123.9409612	67.75725493	50.16901216	315.4776722	243.157803
STRAIN11D-586-68A	STRAIN11D-586-68A	10.61742306	68.63364469	51.73097024	205.2828635	155.1445119	49.89560233	0.865486478	26.6014928	133.9787011	33.38782815	17.61337709	81.20184831	NA	NA	73.02837874	27.88406755	47.56469817	136.746208	191.08444	0.402863121	6.701833707	65.71644859	-0.016918376	65.82813492	1.982474995	-0.13179422	54.41197473	0.889476145	6.318800446	14.35816822	3.492263542	0.83328975	0.929438727	71.93001626	24.02447247	177.631498	130.655375	43.0398331	31.25650688	1.259425685	0.315152782	7.469594168	13.38394853	8.418346158	3.164637464	0.826478716	0.926898822	76.9681268	16.63641616	0.838651378	74.91473973	67.43583614	0.322114794	67.35159367	1.331927345	2.4926125	46.7539321	NA	NA	NA	NA	NA	NA	NA	NA	NA	NA	NA	NA	NA	NA	NA	NA	NA	NA	NA	NA	NA	NA	NA	NA	NA	NA	NA	NA	NA	NA	NA	100.777224	104.1500017	68.54382789	50.40000452	317.7361329	209.9798465	100.2792811	104.1500578	68.60662008	50.40000801	316.8483405	209.9799144
STRAIN18B-5-69	STRAIN18B-5-69	4.145491806	64.19168358	50.64050364	171.4887154	136.9935944	34.49633621	2.707755852	40.12319098	140.6987946	42.27754641	19.4676838	31.43783306	NA	NA	12.87667	51.4493861	25.91177706	95.97631685	127.1349844	1.998727571	11.05328965	70.11858756	1.974622625	71.74414723	1.968212189	-1.690596484	30.95514429	0.928137342	8.408512398	12.35619871	3.69428981	0.832003123	0.917468741	95.58679913	21.03328214	132.0701775	100.4592892	31.91950158	52.39988935	2.120540505	1.205999263	13.08961761	13.860813	16.01510529	3.282836406	0.830770443	0.905868373	68.1550744	15.40416804	0.951710824	47.53946719	69.13920981	1.655448081	69.84554324	0.998591871	3.415564561	31.61378017	NA	NA	NA	NA	NA	NA	NA	NA	NA	NA	NA	NA	NA	NA	NA	NA	NA	NA	NA	NA	NA	NA	NA	NA	NA	NA	NA	NA	NA	NA	NA	103.5731809	106.1766964	67.10615034	54.65253015	312.7522613	235.4200489	103.3779084	105.4010335	67.25302906	54.81895453	314.8177725	232.8954568
STRAIN304A-408-68B	STRAIN304A-408-68B	7.973674088	57.70461915	34.759635	170.0686146	126.2790171	42.82202704	2.495286088	39.19294068	131.1342661	32.59510233	15.1380349	61.64070947	NA	NA	72.46860772	45.04979963	39.19859365	124.96054	166.6640109	0.643993959	10.61679728	57.57491825	1.316414887	56.34832998	0.977803231	1.208405896	41.57735841	0.960347822	5.844592524	12.46064869	3.325826965	0.855213654	0.957947663	77.64737051	10.51482114	157.1264676	114.3677974	29.99915562	43.97097796	1.592762889	0.809943352	4.560472097	11.92146253	10.29670986	3.114300894	0.844109164	0.956039017	68.54511761	7.410337542	0.934617091	69.03717228	60.82087728	0.655448174	61.90572973	1.331931901	3.714548374	42.99112433	NA	NA	NA	NA	NA	NA	NA	3553.333333	14074	24841.33333	423126	2411492.333	170707.6667	882.6666667	438578	6097279	15196.66667	54748.33333	28126.66667	495457	235362	764869.6667	107866	340268	186007	12838.66667	170354.6667	172019	94373	900839.3333	3812	96.00575437	143.8016935	69.42024909	48.45251943	312.5826172	283.1804723	96.09971795	143.0259717	69.34519148	48.61896349	313.6110569	280.6558256
STRAIN451B-4-68B	STRAIN451B-4-68B	8.542254027	61.27407967	44.45835887	165.8496106	124.5020069	41.35596009	1.529409714	52.88118423	145.3659404	31.34645175	13.56534619	65.67625091	NA	NA	51.81849449	47.79955101	39.70193134	117.702437	156.0590786	0.31458341	7.915898721	63.99286501	-0.016918357	66.19653166	-0.023765383	-2.180125069	38.33612662	0.96533867	6.630081772	15.66504357	3.401584787	0.842606292	0.953198205	67.81151865	12.48007376	121.7476543	86.10756653	19.16024694	50.18416653	1.67609411	0.993841484	5.363892227	15.24860074	9.511068471	3.443666144	0.830539489	0.944524123	62.49087682	9.19020012	0.95597424	64.08414925	58.13725227	-0.011218573	60.75415463	-0.001406255	3.09223852	35.75856173	NA	NA	NA	NA	NA	NA	NA	229680.3333	36525.33333	109928.6667	169935.3333	1072935.667	15040	142915	238094	423949.6667	13090.33333	198580	19089.66667	185401	370257	440427.6667	143668	747428.3333	142461.3333	34416	451463.6667	495006	32034.33333	190949.6667	9067.333333	88.0354069	140.5866857	64.91908108	43.25254628	249.223299	251.4452309	87.81028364	139.8107325	64.99057244	43.41902045	249.0995761	248.9201306
STRAIN675A-415-68B	STRAIN675A-415-68B	4.645491806	60.19168358	39.64050364	176.9887154	140.4935944	35.99633621	1.707755852	40.12319098	148.9714638	39.55606815	16.01558206	35.28783306	NA	NA	66.75790279	51.29958576	37.75680487	119.213501	159.8110117	0.946733155	14.37785488	59.61257665	1.983081736	59.33604054	1.976783231	0.213312991	40.45656841	0.909407878	5.45973536	13.68982838	3.452327363	0.843910013	0.947857383	76.55301818	15.53030414	175.8547701	123.9631426	41.51159896	49.62501042	1.842759092	0.571982577	17.46754063	14.60867703	7.725214802	3.798718071	0.833250676	0.951016074	72.76173059	13.33934265	0.892105104	96.50534072	57.69537352	0.988781293	57.09392325	0.665255102	3.128020843	51.95867679	NA	NA	NA	NA	NA	NA	NA	56745	55305.33333	27572	944019.3333	860921	79405.33333	159037	7619.666667	2254621.333	26893.66667	115955.6667	10746.66667	75566	473861	1709019.667	33502	42515	38433	19856.66667	11252.66667	50680	79777.33333	481217.6667	2917.333333	58.979364	117.3300028	66.79754918	50.20001735	176.6141693	235.6024184	58.10780441	117.3300497	66.88947447	50.20001562	173.2851255	235.6025507
STRAINT20-2-68B	STRAINT20-2-68B	10.47367409	60.20461915	54.759635	185.5686146	150.2790171	34.82202704	2.495286088	43.69294068	114.6342661	29.59510233	13.6380349	80.89070947	NA	NA	68.06057521	48.29941249	43.46698248	118.3410317	152.9635106	0.017407708	12.22067737	66.71625404	1.983081619	65.43236986	1.987014639	1.210588469	34.60782016	0.926780188	6.839075933	12.38944971	3.254108804	0.827252614	0.955199804	83.57616616	13.15722037	150.8759959	118.6910816	40.64758751	53.80118829	1.50942564	0.680346162	13.02120624	12.38356357	9.782400809	3.131327141	0.849480777	0.950825314	74.5790676	6.838312615	0.966127005	88.46205003	61.69743979	1.988781471	62.44324999	1.998591948	4.094562585	32.73047483	NA	NA	NA	NA	NA	NA	NA	5238.333333	83514.66667	25943	1151464	2476039.333	116904	1612.333333	3694	7403538	37452	399925.6667	19993	2589024.333	1486349	3287302.667	861638.3333	30879	53085.66667	62299.66667	16640.66667	116329.3333	44213	570052.6667	22636.66667	110.0252843	117.1799921	66.51574399	57.19998764	328.2766133	273.7850323	109.3612861	117.1798846	66.40501505	57.19997126	324.347253	273.7848734
STRAINT24-395-68B	STRAINT24-395-68B	12.14594534	60.1923937	44.16263107	201.0983346	156.0053333	45.40881169	0.804184769	45.96796	114.9714638	35.55606815	13.01558206	92.5911575	NA	NA	60.40948603	53.13266866	39.81786487	138.5463133	173.7739822	0.36486086	13.04519759	63.0101595	-0.016918004	63.78298868	-0.020083613	-0.80462836	35.28875772	NA	NA	NA	NA	NA	NA	NA	NA	174.7648004	134.3916605	42.28144829	45.75517701	1.84276254	0.635670307	10.68663243	11.880315	16.65753926	3.32021063	0.83574685	0.945654718	88.74986248	11.07728512	0.900657732	97.56671307	62.04267624	-0.011218641	62.94947107	-0.00140437	3.418650353	40.1893725	NA	NA	NA	NA	NA	NA	NA	30970.66667	150443.3333	39784.66667	707691.3333	1144950.667	20670.33333	7856.666667	1702	873705.6667	38217	244145	12069.66667	1976589	737725.3333	1898846.333	614015	158170.6667	59641.66667	49151.33333	19002	152468	53703	263208.6667	72818.33333	82.54120488	106.3033919	74.51676646	62.40499257	320.8433389	288.6735738	82.09487188	104.7518927	74.69841069	62.73788425	318.078363	283.6241861
STRAINT32-397-68B	STRAINT32-397-68B	0.837895756	66.07890387	39.39635606	173.6228845	136.2840474	37.4219893	1.577482578	19.62830549	109.3783559	29.30505101	12.08019443	7.285691052	NA	NA	72.87987639	40.71640317	47.96552827	152.3425346	191.2048563	0.104858697	12.39724687	63.1282636	-0.016918425	63.08378585	-0.020278978	-0.103153013	38.90644552	0.928975101	8.033468738	13.92853916	3.832158943	0.847478168	0.952069049	106.0111048	15.58959694	177.6774219	136.984145	41.33177108	41.56786673	1.67609772	0.290542487	13.9334299	11.39701454	10.84518588	3.558481993	0.803512067	0.938323807	93.63765326	14.09480368	0.960542165	74.88222183	62.27813727	-0.011218787	63.77988899	-0.001411408	2.28010081	40.16607245	NA	NA	NA	NA	NA	NA	NA	69665.5	22654.5	9662.5	201124	856655.5	16766.5	165.5	1270.5	1683125.5	41450	275015.5	17148.5	38468.5	724089	1395811	12317	33481	22002	23159.5	25137.5	63219.5	9624	109163.5	639	NA	NA	NA	NA	NA	NA	NA	NA	NA	NA	NA	NA
STRAINT33-399-68B	STRAINT33-399-68B	12.00174283	58.76265805	74.6691684	191.2744664	154.1280996	35.92276092	1.837555462	45.21463887	122.8543596	26.98482059	13.49234161	92.62669422	NA	NA	35.60869478	52.13319953	58.94554067	122.3315371	160.2241848	0.929563558	9.213764089	66.64913779	1.983081956	67.39599415	1.980272176	-0.793787283	38.20717792	0.876055996	7.89584993	13.53446001	3.261962394	0.850896008	0.953431459	91.57352217	17.88762632	173.0422291	135.8213519	60.01812541	40.09463191	1.842507065	1.942882481	15.49545955	13.47341004	8.065061355	3.398419753	0.846244984	0.95607655	78.55781227	11.57761454	0.922342218	84.68058512	59.53845115	1.988781341	60.83252237	1.998593016	3.163761819	37.46408979	NA	NA	NA	NA	NA	NA	NA	204145	46939.33333	24925.33333	324648	626358	7854	16351.33333	13952	350316.3333	24605	246166.6667	18462.33333	875315.3333	240794	423104.6667	219624.6667	647573.3333	32497.33333	91964	52697	204743	13838	68829.66667	49918.33333	82.99898208	170.3916961	69.45570914	40.15253993	266.5574814	288.5406117	83.0152008	169.6160364	69.58227719	40.31896579	269.2332963	286.0161304
STRAINT35-388-68A	STRAINT35-388-68A	7.837895756	54.57890387	53.89635606	182.6228845	144.2840474	37.9219893	2.077482578	48.12830549	122.8783559	37.30505101	12.08019443	61.13569105	NA	NA	56.07333602	50.0495571	43.49567423	109.7550104	147.1504489	0.859402722	8.381455864	63.20194523	1.649748276	62.59037695	1.646046721	0.547781815	36.93527344	0.898953219	8.07475944	12.77829455	3.483848309	0.844319695	0.960945305	98.36270816	17.17974481	155.1924801	113.2549065	37.82986142	42.92499515	2.009426103	2.061367092	7.423689644	12.93889685	9.933108021	3.568602191	0.850524611	0.952147314	92.6855149	13.60491437	0.889287362	78.41971481	56.65888964	0.322114939	56.38015358	0.331929126	3.02046894	41.59643667	NA	NA	NA	NA	NA	NA	NA	7767	38174.5	15948.5	224563.5	1359380.5	10015.5	3339	1763.5	562214.5	14200.5	147226	17835	408417.5	304618.5	1419984	83731.5	1178343	23873	19961.5	22286.5	123333	20241	149174.5	6792.5	86.30304576	98.11169201	68.72586386	55.6524901	260.8393473	227.726186	86.28193935	97.33588866	68.80618098	55.81892775	258.6384394	225.2014126
STRAINT36101T-394-68	STRAINT36101T-394-68	NA	NA	NA	NA	NA	NA	NA	NA	NA	NA	NA	NA	NA	NA	35.7700694	41.59556684	23.87900707	112.6692559	148.0696904	2.060345558	8.593734818	66.92502569	1.983081576	66.02771311	1.976898443	0.85530322	35.07204312	0.938223139	10.73913028	12.13300425	3.316494759	0.841889645	0.957556906	83.26587927	11.18209677	NA	NA	NA	NA	NA	NA	NA	NA	NA	NA	NA	NA	NA	NA	NA	NA	NA	NA	NA	NA	NA	NA	NA	NA	NA	NA	NA	NA	NA	199303.6667	127631.3333	39826.33333	535710	1222465.333	11311	7843.333333	13989.66667	449453.3333	19463.33333	517608.3333	19573.33333	1310786.333	749079.6667	1039220.667	625733	1089122.333	53266.66667	72081.66667	52363.33333	333256.6667	77842.66667	248665.3333	93559.33333	NA	NA	NA	NA	NA	NA	NA	NA	NA	NA	NA	NA
SYN2sh2	SYN2sh2	2.042254027	58.77407967	55.95835887	198.8496106	150.5020069	48.35596009	3.029409714	44.55810492	178.7459424	39.47331534	13.91952026	15.72625091	NA	NA	39.02854413	36.21720566	53.20445	133.5450269	170.1265916	0.45606422	10.93040737	63.63207738	-0.016918205	65.14765579	-0.017481017	-1.4863866	36.74596191	0.863345453	8.786904618	14.97007534	3.542783053	0.84112452	0.93279591	72.50897369	20.70241346	142.3841608	116.6018604	52.61708099	47.35215433	1.592755897	-0.252195176	10.42466318	14.7449965	8.607477052	3.140108316	0.830266908	0.919490649	63.94761577	12.17660162	0.879745501	70.94354146	62.71058758	-0.011218928	66.22753432	-0.001408383	1.37715432	25.88641032	NA	NA	NA	NA	NA	NA	NA	110797	117219.5	734261.5	1945098	3969079	149581.5	796	2821596	7214328	28224	429159	57364	87663.5	2078808.5	3679794.5	100968	160581.5	30587	123610.5	320282	295440.5	150593	1222293.5	3596	17.96806519	7.831691485	74.71717105	61.35256557	67.2131877	18.07579112	NA	NA	NA	NA	NA	NA
Selection_from_231227	Selection_from_231227	NA	NA	NA	NA	NA	NA	NA	NA	NA	NA	NA	NA	NA	NA	83.39690469	57.96706078	25.97783252	101.231796	133.7571154	0.509037628	7.64166545	47.45034898	1.649748256	46.41285813	1.642705426	1.153638521	32.14221476	0.939015894	9.831692402	11.33609382	3.350744092	0.794292056	0.929079804	114.820018	13.29395189	121.9990808	86.56967363	19.87661916	49.50966294	1.509431327	1.810819157	4.920790798	9.330029865	7.157829104	2.870587478	0.812494179	0.929850346	65.06086238	11.91452038	0.947750927	69.14168954	51.78621807	1.655448087	51.57600214	-0.00140748	1.66433141	34.88588133	NA	NA	NA	NA	NA	NA	NA	8750	6898	16099	35959	138816	1985	136	1596	440	411	16483	136	57028	67295	186333	17405	9832	1542	2173	41736	19926	5343	43088	2094	NA	NA	NA	NA	NA	NA	NA	NA	NA	NA	NA	NA
Separation_from_170882	Separation_from_170882	10.14503827	56.19097346	43.11837622	151.8790961	114.9818556	35.58386072	0.611326934	47.27842197	NA	NA	NA	77.88450863	3.971061035	91.73578765	29.25621169	31.96587193	21.78510268	80.6536693	114.0334055	0.150625553	11.65983975	70.67922232	0.649748032	70.35891692	-0.021156168	0.223352609	33.57233825	0.952388359	11.70005813	14.69432156	2.802152762	0.837715111	0.933129097	85.4472972	15.7443717	123.7536896	93.66527917	36.28117092	50.21076802	1.842760545	-0.034423739	7.322847035	13.66122346	7.572063816	2.834998301	0.811039533	0.920707209	60.12028944	14.1860572	0.96743117	68.97052312	60.60643092	0.322114573	60.50271181	-0.001408743	-0.074776629	30.10988957	NA	NA	NA	NA	NA	NA	NA	215265.3333	71823.33333	20808.66667	287263	1233250	15058	14312.33333	87968.66667	733417	5434.333333	96248	7697.333333	84053	193375	214364.6667	51828.66667	53457.33333	19784.66667	161428.3333	53491	74925.33333	33254	183271.3333	2576	42.37082847	65.7541918	70.26396121	55.65252902	165.6463348	179.0174351	NA	NA	NA	NA	NA	NA
Separation_from_177107	Separation_from_177107	8.088900786	60.07489567	33.29930941	144.4673925	106.2836906	37.38239298	-0.073211813	47.2350256	NA	NA	NA	62.11253913	2.669217492	88.36078401	NA	NA	NA	NA	NA	NA	NA	NA	NA	NA	NA	NA	NA	NA	NA	NA	NA	NA	NA	NA	NA	102.797143	73.32120064	16.60156636	47.51081281	1.59276441	0.807691706	16.71103586	9.992956974	6.429789026	2.876299165	0.831716036	0.902733427	56.19541266	17.92271575	0.954095005	36.5217162	54.37432928	1.32211449	52.96370014	0.331924227	1.932761766	29.22723282	NA	NA	NA	NA	NA	NA	NA	196677.3333	50612	23062.33333	441109.3333	902530.3333	31093	20798	332791.6667	1082154.333	31917.66667	71916	9875.666667	672999.6667	746867.6667	836090	269114	619917.3333	27660	13504	92608.33333	211530	31244.66667	417915	18373.66667	47.91557891	125.8133847	65.4676679	42.10506268	138.9350229	217.947403	49.21917916	124.2618807	65.50011838	42.43793982	142.3372312	212.8979339
Separation_from_177589	Separation_from_177589	4.406475695	58.14836439	26.59507993	128.9038805	95.5070372	33.45592234	1.611606205	35.49346972	104.474118	32.63948551	13.09549119	34.42123249	4.358704834	90.98578	33.92106799	39.59575505	28.52600921	81.61640449	117.6807441	1.164871782	12.86247082	67.98090286	1.316415224	66.38825473	-0.020555129	1.54941013	35.78012281	0.914548906	5.20437514	12.14114672	2.646807864	0.814939845	0.928199547	73.72637343	15.74011332	124.2316318	90.65764591	29.45647176	47.76943673	1.592764519	1.952942292	17.84004994	12.86440627	5.094130252	2.909496734	0.845556576	0.925449746	59.85680811	10.85157041	0.968731882	39.69264343	60.62339607	0.48767227	59.84328385	-0.004508663	0.892740023	25.34436605	NA	NA	NA	NA	NA	NA	NA	196295	86989	36688	323473	941871	19549	570	1467	259936	2726	179110	4085	113731	356308	387527	36718	71185	17441	22306	66424	103968	2374	35983	2511	52.37304576	113.3533919	62.63598373	41.80499257	140.3291352	194.9144644	52.35193935	111.8018927	62.90734691	42.13788425	138.1282273	189.8650767
Separation_from_177604	Separation_from_177604	NA	NA	NA	NA	NA	NA	NA	NA	NA	NA	NA	NA	NA	NA	46.37221597	44.29988106	36.01694868	113.3610823	151.252503	-0.010933165	11.21179356	59.72478972	1.316414911	61.62961312	0.979999726	-1.834136789	38.57375779	0.972664959	7.219176037	13.43220283	3.420900251	0.833293002	0.933647265	81.53000852	16.0618807	135.6041306	98.4038207	23.72694935	41.53276888	1.921636863	0.115887212	13.90200754	13.74704936	7.062492508	2.174707736	0.859653492	0.936810259	53.07034572	9.270877473	0.99040794	10.61538225	60.76045429	0.995499889	66.09908595	0.002399254	-0.046164384	37.35668144	NA	NA	NA	NA	NA	NA	NA	138574	43176	24690.5	394237	574775	4955	19106.5	74934	114838.5	8018.5	73115.5	3177	465619	61084.5	91783	206836	496875	18285.5	11106.5	48531	128058.5	14115	202471	26202.5	NA	NA	NA	NA	NA	NA	NA	NA	NA	NA	NA	NA
Separation_from_177642	Separation_from_177642	1.088900786	55.07489567	32.29930941	135.4673925	97.28369058	37.38239298	2.926788187	34.2350256	118.9859384	23.21958816	NA	8.312539129	NA	NA	52.89812729	35.88391221	20.62033421	69.01161349	92.05929816	0.297963966	6.967862564	58.68341996	-0.016918281	57.52808371	-0.024422587	1.17465274	23.03294524	0.981943609	5.432903157	13.26714192	3.203082316	0.85283973	0.941921148	82.57674335	11.68742999	86.06357828	58.02790545	9.086700996	34.82490324	0.731655525	1.228224235	14.22947545	12.0464383	7.926383145	2.16411182	0.834633863	0.883456631	30.18622872	13.03147614	0.986743267	50.36080315	60.49466259	-0.011218578	66.49381185	-0.001406593	0.666135631	27.74039318	NA	NA	NA	NA	NA	NA	NA	170718.6667	55046.66667	29661	144763.6667	499432.3333	79126	28584.33333	387650	598905.6667	14718.66667	56179.66667	3664.333333	156336.6667	295324.3333	429593.3333	73995.66667	71606.33333	93559	48549	104447.3333	54673.66667	69192.66667	182135.6667	9895.666667	NA	43.68000504	NA	56.09995339	NA	99.49885279	NA	43.68006186	NA	56.09996801	NA	99.4987036
Separation_from_183739	Separation_from_183739	5.481644733	59.50792941	29.3676913	124.3371334	97.14954227	26.99556458	1.947682968	36.03685761	107.7227909	38.59777683	17.55553663	42.24682989	NA	NA	45.58973812	38.79943052	26.25272285	97.47591017	116.3938169	1.55559601	10.44343105	63.65643214	-0.0169183	67.48674326	-0.020728069	-4.075543102	18.50526321	0.882673361	6.735058222	11.85780017	3.815327938	0.788868965	0.922234429	81.98074621	24.34039687	119.4929457	90.91116682	20.31194441	40.10150072	1.426091866	0.893094847	8.425446217	10.66640875	7.037002627	3.362334175	0.828155426	0.942842748	72.15084234	14.92740904	0.89392156	65.04736575	63.92694426	-0.011218737	68.86221745	-0.00140902	1.840679876	28.76679066	NA	NA	NA	NA	NA	NA	NA	81331	253703.3333	123455	1282369.667	2490351	23587.66667	656.3333333	221271.6667	2075826	28615	933436.3333	17890	405220	518746.3333	1276701.333	151404	1512037.333	423399.3333	168893.3333	311092.6667	728469	48368.33333	1274252.333	11969.33333	39.66620488	50.47339194	66.66676646	39.70499257	118.85918	81.41566673	39.21987188	48.92189274	66.84841069	40.03788425	116.0942041	76.36627895
Separation_from_183742	Separation_from_183742	9.00174283	59.26265805	42.6691684	160.2744664	122.1280996	39.42276092	1.337555462	33.21463887	151.4261254	38.99902467	12.91978553	69.52669422	4.247292328	103.3607771	68.2276325	42.30039976	29.40260527	88.62527852	117.8985369	0.476943666	14.16872608	62.38217997	0.649748354	63.07172545	1.312111775	-0.789493631	29.2849904	0.896486197	6.988462584	13.11054659	3.392991025	0.838735623	0.942163726	80.59268599	18.67373396	113.0445553	80.2620455	18.90659532	41.51195217	1.426092611	0.464259124	17.82800985	12.47007651	9.038800083	2.838142558	0.854068519	0.943589111	56.57176481	14.02309597	0.909901418	77.75624801	58.98876113	0.322114484	61.53117257	0.331926987	2.978014041	32.94482056	NA	NA	NA	NA	NA	NA	NA	NA	NA	NA	NA	NA	NA	NA	NA	NA	NA	NA	NA	NA	NA	NA	NA	NA	NA	NA	NA	NA	NA	NA	NA	105.2364198	129.0700018	64.98747565	48.49991993	302.1765232	250.6213555	106.7830681	129.0700995	64.84484302	48.49990497	308.1060214	250.6215125
Separation_from_204812	Separation_from_204812	6.481644733	56.50792941	39.3676913	180.8371334	140.6495423	39.99556458	0.947682968	46.53685761	151.7227909	33.59777683	13.55553663	49.89682989	NA	NA	61.25878502	45.46633595	29.52045169	106.3501093	139.1931239	0.006409416	13.31192205	59.62718653	-0.01691817	59.43499494	-0.012710756	0.184332695	33.04128458	0.912256389	6.857402782	14.47717315	3.373452167	0.839059125	0.945293804	92.99534453	15.83705833	140.2320131	104.2776601	30.55085329	55.513388	1.759428596	0.040977638	11.80143111	12.61066652	6.124878681	3.106481465	0.834239857	0.941441994	75.28555458	15.55539408	0.973516586	66.17022721	60.88315208	-0.011218631	60.53862929	-0.001404583	0.558312551	36.11064542	NA	NA	NA	NA	NA	NA	NA	91027.33333	60742.33333	274864.6667	1136664	1901062.333	11783.33333	8308.666667	169943.3333	836044	11769.66667	299773	13934.33333	73287	399724	1190360	63255.66667	99792	237617.6667	180039.6667	164006.6667	140272.3333	26500.66667	402670.6667	2445	81.92886063	69.73669889	62.62277471	57.45253677	219.2006787	165.6461996	82.64338293	68.96102232	62.62031991	57.61897859	221.88762	163.1215639
Separation_from_212335	Separation_from_212335	1.995607267	61.47326366	21.61740834	132.2318288	96.72032316	35.32952721	4.132031242	44.88118423	139.7459424	32.47331534	10.91952026	15.43996269	NA	NA	74.61022822	44.05016822	29.42613499	103.6842611	135.5141578	1.160434243	8.21113838	61.71448101	-0.016918325	60.47471545	-0.023858123	1.198976317	32.13875595	0.836418214	5.886142761	13.78684589	3.298972754	0.82225623	0.93176737	83.39745955	23.09683673	143.7523391	111.072892	34.94711065	45.88776125	1.592761188	0.807148024	10.97352437	14.21291902	7.51872216	3.387794635	0.814138396	0.920977639	67.52336486	16.26819087	0.89914403	91.36801722	58.1732893	-0.01121844	59.11597187	-0.001407952	3.313668804	32.95903244	NA	NA	NA	NA	NA	NA	NA	95396	42623	63096.33333	370118	3018919	23620	560	15223	3719437	32278	277010.3333	12491.33333	171210.6667	603034.3333	1508343.333	1149306.667	48832.66667	96001.66667	35178	69884.66667	101631.6667	1367363.667	1080262	9857.666667	59.39508898	138.9233853	62.25302253	45.40511893	154.0548607	256.274399	58.03636784	137.371844	62.24553994	45.73802201	150.182242	251.2249485
Sh2-m1_plus	Sh2-m1_plus	NA	NA	NA	NA	NA	NA	NA	NA	NA	NA	NA	NA	NA	NA	NA	NA	NA	NA	NA	NA	NA	NA	NA	NA	NA	NA	NA	NA	NA	NA	NA	NA	NA	NA	NA	NA	NA	NA	NA	NA	NA	NA	NA	NA	NA	NA	NA	NA	NA	NA	NA	NA	NA	NA	NA	NA	NA	NA	NA	NA	NA	NA	NA	NA	NA	NA	NA	NA	NA	NA	NA	NA	NA	NA	NA	NA	NA	NA	NA	NA	NA	NA	NA	NA	NA	NA	NA	NA	NA	NA	NA	NA	NA	NA	NA	NA	NA	NA	NA	NA
Silver_9	Silver_9	5.00174283	59.26265805	78.6691684	200.2744664	166.6280996	34.42276092	0.337555462	25.71463887	172.8543596	40.98482059	13.99234161	38.82669422	NA	NA	30.54213203	45.05037158	44.85098072	110.2339214	142.6714022	0.757317465	12.1053769	71.02212347	-0.016918335	73.43046506	-0.02230104	-2.452953117	32.05481956	0.958348335	11.70697325	16.14200241	3.445240614	0.858556457	0.926978024	85.22141061	18.05734545	151.0882776	118.2012496	55.35576113	42.99568311	1.509425571	0.128769891	19.35208935	13.6357984	7.755960168	3.245153777	0.847198775	0.945664797	64.69180413	15.56165375	0.925060561	69.37238965	62.19050079	-0.011218562	63.18451579	-0.001404211	0.633339969	33.59859976	NA	NA	NA	NA	NA	NA	NA	716	7570	2179	37668	386073	76254	92	462706	697114	3467	2316	3125	10781	289673	399541	4265	4144	2980	1586	3557	14629	14983	87931	124	7.68528431	20.45999208	65.21574399	62.19998764	24.69624976	54.1269697	NA	NA	NA	NA	NA	NA
Slatka_Pukanka	Slatka_Pukanka	10.54225403	53.77407967	46.95835887	178.8496106	143.5020069	35.35596009	2.029409714	58.55810492	142.8659404	35.34645175	10.06534619	81.07625091	6.525905613	107.6107733	47.49793629	62.63294447	33.23910418	92.72336852	126.6922128	1.357762231	13.78353406	56.99000265	1.649748234	57.44948943	0.643621204	-0.468057794	33.61151467	0.947872599	5.81484729	13.35490475	3.292404934	0.82367708	0.92413413	80.70332523	15.18388521	149.7710802	109.338439	46.11102655	62.12413986	1.926094742	1.290769261	13.22221701	12.85535221	6.631509724	3.221794311	0.812468106	0.929725074	70.54544377	15.0964867	0.941639977	73.05711188	57.06624028	0.988781201	58.55002165	0.331928051	2.482348023	40.77078958	NA	NA	NA	NA	NA	NA	NA	74208.5	18929.5	75068.5	437361	1475089.5	229631.5	283.5	69548	3043505	17611	231099	20720.5	116513.5	732493.5	2219839	64925	354812	321549.5	45600	227576	262189.5	28140.5	578626.5	4507.5	17.8954069	58.58418573	60.41908108	37.65254628	45.02622332	93.56650482	17.67028364	57.80823252	60.49057244	37.81902045	44.90250044	91.04140449
Sonora_108	Sonora_108	8.117423064	66.63364469	99.23097024	233.2828635	189.6445119	43.39560233	2.365486478	32.6014928	168.4787011	34.88782815	11.11337709	62.00184831	2.984343486	138.4024403	21.35188941	40.88324197	43.14682872	146.5261233	193.2448606	2.806209225	5.865876901	69.04409576	0.004549254	76.69722466	1.978715678	-7.832635886	47.29252979	0.97528816	12.15943681	14.3284693	1.939221882	0.863502267	0.924440308	39.10950793	9.71834536	214.1795376	161.3358158	50.14101496	38.4423161	1.009428749	3.035431207	5.031671981	14.68075446	11.33940324	2.185517886	0.791795989	0.885011233	27.47542646	15.05003541	0.875169082	50.91970764	69.48677075	0.495499829	78.41027569	1.997893506	0.930569438	52.68344695	NA	NA	NA	NA	NA	NA	NA	NA	NA	NA	NA	NA	NA	NA	NA	NA	NA	NA	NA	NA	NA	NA	NA	NA	NA	NA	NA	NA	NA	NA	NA	67.909364	82.34000281	71.39754918	49.30001735	235.7086592	162.4063204	67.03780441	82.3400497	71.48947447	49.30001562	232.3796154	162.4064527
Sonora_124	Sonora_124	10.14549181	67.69168358	55.14050364	186.9887154	141.9935944	44.49633621	0.707755852	41.62319098	142.6987946	32.27754641	13.4676838	77.53783306	3.225734349	82.86078106	56.06437024	47.29980432	42.68280832	123.1692654	164.5080095	0.504047558	6.616696018	64.31723773	0.649748377	63.97399588	1.984560977	0.229361038	41.44960988	0.905367659	6.678735873	12.69517528	2.494377519	0.809582343	0.887242749	71.74313896	19.13705305	170.1374131	129.0301145	56.40173286	46.76942998	1.921631674	1.47439428	7.999924884	15.07310355	6.677244239	2.639295693	0.81092733	0.915564057	47.87875528	11.28392053	0.888350919	97.15736473	63.2160693	0.322114687	63.67841794	0.998593749	1.735732082	41.48939784	NA	NA	NA	NA	NA	NA	NA	58320.33333	180993.6667	198420.3333	1686355.333	1455231.667	155983.6667	4094	1035179	2893358	154357	409216	20216	1388084	213411.6667	636384	609831.3333	265924.3333	38416	106586	21493.66667	206697	163616.3333	571104	34226.66667	74.75260614	81.22000281	69.08066089	50.80001735	255.1786523	165.0813096	74.18085582	81.2200497	69.15991094	50.80001562	253.7856055	165.0814419
Sonora_22	Sonora_22	1.617423064	64.1923937	64.23097024	195.2828635	158.6445119	36.89560233	0.865486478	23.1014928	NA	NA	NA	12.00184831	4.297243355	120.610781	72.41876729	29.96693692	32.30343017	132.5523306	164.766166	-0.030411373	5.73287286	63.37599146	-0.016918176	64.55726247	1.982561098	-1.138697901	32.39413271	0.905816474	5.462890277	14.14304811	3.231568539	0.833397552	0.941247325	61.31937172	11.99357044	126.1712556	130.1769642	50.94976038	23.31422823	1.009425767	0.391776802	5.481104857	12.78635895	5.920104797	2.848285808	0.820019738	0.925725718	47.94350032	14.08308771	0.809645638	49.18715712	63.35018883	-0.004500213	76.83319767	2.002400836	-0.123716852	-3.829465778	NA	NA	NA	NA	NA	NA	NA	148748	29702	107734.5	391838	1388884	53341.5	1646	48512.5	579122.5	11532	384938	20946	1076437	108191.5	118960	466264.5	396262.5	34859.5	51206	86669	294772.5	13826.5	218938	23099	69.66875878	83.05000799	62.32924423	38.00002281	186.5132406	133.9516244	70.32872214	83.05007843	62.36896992	38.00000231	186.4291752	133.9516399
Sonora_57	Sonora_57	NA	NA	NA	NA	NA	NA	NA	NA	NA	NA	NA	NA	NA	NA	11.41618532	33.13263844	76.12833371	140.8283426	174.5542484	5.698738929	9.647978843	73.4246684	4.20E-08	76.47918754	-0.00560773	-2.991712121	33.25620249	0.93784194	19.60352487	19.60804536	2.707896825	0.864106981	0.940630429	57.69226628	18.1369812	193.3962967	161.0196113	82.94591528	28.22369403	1.176094489	2.770052318	7.841567643	16.17144329	8.627104734	2.437479883	0.844510853	0.934571202	34.81247239	9.264023307	0.964137169	80.81217196	76.10291041	-0.011218528	77.51398931	-0.002111055	0.157476517	32.56624055	NA	NA	NA	NA	NA	NA	NA	61986.33333	233592	170838.3333	1068209	1177337	47977.66667	1009.666667	99047.33333	2818952	6445	179733	121889.6667	655761	108395	147115	223198.3333	203332	17195.66667	46934	33860.66667	105395.6667	4075.333333	123478	8536.666667	NA	NA	NA	NA	NA	NA	NA	NA	NA	NA	NA	NA
Stowels_Evergreen	Stowels_Evergreen	8.617423064	59.13364469	65.73097024	213.7828635	171.1445119	42.89560233	1.865486478	42.1014928	150.4787011	41.88782815	14.61337709	65.80184831	3.990198792	107.0274529	60.88618075	51.63349138	50.01502188	138.3203948	184.3163083	1.024601289	11.15406698	62.5632001	1.649748444	63.63624852	1.64288407	-1.124154808	45.57955491	0.874925339	8.947732879	15.6275464	4.044973581	0.828730973	0.940592872	95.58585365	19.81380746	167.6538686	124.2832125	38.33394061	52.56566391	1.926093807	0.872823103	12.01695863	12.40149953	9.378718652	3.446807879	0.827306822	0.946102323	71.76988479	15.13061769	0.939053496	76.41863697	63.85339809	0.655447985	65.63774325	0.998594802	2.324689034	43.43117153	NA	NA	NA	NA	NA	NA	NA	26958	158689	92288	956540.6667	1953942	45415	125500	30285.33333	2190180.667	22992.33333	194599.6667	11354.33333	386106	460875	1202254	88061	131420.6667	101115.6667	109957	129095.6667	158120	51406.66667	413989.3333	10480.33333	60.50722399	74.17000169	66.69382789	56.50000452	187.4184956	170.5057549	60.00928113	74.1700578	66.75662008	56.50000801	186.5307032	170.5058228
Strain_T32_397_68r	Strain_T32_397_68r	9.406475695	59.14836439	47.59507993	195.9038805	156.0070372	39.95592234	1.111606205	31.49346972	118.7459424	37.47331534	12.91952026	72.82123249	8.106336319	91.23577095	53.89365237	37.13273984	31.14803979	126.2133102	161.3223422	0.900586902	10.79659256	65.38740717	-0.016918559	65.98421794	-0.02446381	-0.757351903	34.85576438	0.92706332	9.278287872	12.41112161	4.034805703	0.841256533	0.954083134	99.63490567	15.04713711	171.3712113	136.3297124	37.33262408	42.44444287	1.509431626	1.179628205	12.48515393	9.319510999	11.64679033	3.260236854	0.815551906	0.94615273	94.10606205	17.51995085	0.949626234	71.76458936	62.78672673	-0.0112187	65.29896838	-0.001406936	4.098113287	35.09562336	NA	NA	NA	NA	NA	NA	NA	187161	9372.666667	4212	24947.66667	17114.66667	3328.666667	3233.666667	299.6666667	24678.33333	3674	143425.6667	9132.666667	18203	104253	11950.33333	3011	11749.66667	3543.333333	6064.666667	6839.333333	14895.33333	890	914	788.3333333	112.5404377	59.5733818	69.94448785	52.70505002	369.9745294	125.5186188	111.9271445	58.02170346	70.07848305	53.03797738	366.3370351	120.4688146
Sunshine	Sunshine	8.473674088	52.70461915	20.259635	133.5686146	94.77901706	37.82202704	4.995286088	53.69294068	139.1342661	33.09510233	9.638034901	65.49070947	2.172243355	73.48578097	45.3192808	49.21646183	16.10077087	86.46263894	116.4925072	2.365871406	5.558698328	58.10091292	1.983081572	58.37277719	1.974146823	-0.173731396	30.08714217	0.981387449	10.54908633	13.20434868	3.858164636	0.841173715	0.958320853	79.29965947	16.63563764	112.1259959	81.44108157	17.73092085	51.71785496	1.00942564	1.680346162	5.35453957	10.91174943	9.822050481	3.223130011	0.821359971	0.947590052	68.91069026	11.49047406	0.960880787	62.82102439	54.36410646	1.655448137	57.77658333	0.998591948	2.427895918	31.23047483	NA	NA	NA	NA	NA	NA	NA	124055	18757	7178	120189	845326	6085	221	102	303334	14311	408380	14435	712290	663479	257376	239444	642797	71175	49627	162579	219364	29471	60808	21786	68.25518664	55.83668867	58.68438326	44.60255328	165.4918054	99.89706429	67.24382696	55.06086427	58.62527749	44.76899664	161.5908159	97.37225961
T-24-56-ILL	T-24-56-ILL	8.906475695	61.64836439	48.09507993	194.9038805	148.0070372	46.95592234	2.111606205	43.99346972	115.1100302	34.05640042	13.50750573	69.02123249	6.857747788	136.8607784	64.09717198	47.04979181	49.79104408	145.9261565	180.1355242	0.320900479	13.70235897	64.26958612	-0.016918388	63.82326747	-0.022653333	0.503901098	34.35900037	0.935194575	10.62426173	12.85585587	3.897469847	0.818613108	0.951835668	117.2308604	16.99963137	181.2178219	141.8312506	36.49623582	43.4837862	1.5927619	1.103555459	12.75892287	11.30622973	15.1505658	3.552473951	0.796095156	0.942656623	84.61845115	8.638764711	0.950204422	75.82885752	58.89971488	-0.011218638	60.82332272	-0.001407455	4.390757231	39.47314671	NA	NA	NA	NA	NA	NA	NA	12923	153144.6667	68075.33333	1874307	2699527.667	49477.66667	148.3333333	13408.66667	16497492	59434.33333	442076	85390.66667	2988988	2165201	4633641.333	944695	89137	81187.33333	44702.66667	14926.33333	134743	25876	415167.6667	24849.66667	59.14970183	170.7733961	72.34611786	41.90506903	221.2063594	296.179657	58.78938635	169.2219868	72.26598425	42.23794916	221.0099766	291.1303178
T625	T625	4.042254027	64.77407967	54.95835887	193.8496106	144.5020069	48.85596009	0.029409714	42.05810492	168.3659404	32.34645175	9.065346192	31.12625091	3.913153367	95.48578157	46.5495265	50.21622377	43.24567423	117.1716771	165.3171156	0.026069388	7.048122531	68.53527856	-0.01691839	71.25704361	-0.020619946	-2.785551519	47.68527344	0.839134957	7.285462584	18.57800604	3.528091777	0.838780314	0.913520727	78.15018439	36.27428594	147.0378202	116.3720272	51.46325039	52.16552108	1.342756137	-0.205512002	8.463260504	18.74853437	6.841844019	3.013393765	0.828417204	0.856908853	61.41675185	32.9302759	0.931011763	38.14766681	65.58805349	-0.011218404	68.0001236	-0.001404031	0.783759296	30.95973102	9.5627857	19.73422686	9.612214286	7.469665172	6.747736026	9.949007427	25.12015111	28637.5	195030	42323	1520039	1158642	93791.5	282.5	753042	1123307	58243.5	86531	67159.5	58467.5	1890071	2568428.5	48650.5	85309	497492.5	16084.5	77438.5	236453	35088	729237	2072	91.55538634	131.3599898	75.03302083	39.40005809	368.057947	221.3593087	91.99081795	131.3597316	75.03722185	39.40011039	369.4390078	221.3589711
T64S	T64S	1.817344123	NA	54.57275153	195.5759323	148.2937512	46.58231748	0.091181167	46.10575522	154.474118	35.63948551	11.09549119	14.90250229	0.554894134	48.77743878	60.5357968	48.71643189	45.03578219	121.328692	172.1417667	-0.018670983	7.319927156	66.61680904	-0.016918493	68.73945138	-0.019342363	-2.137276622	51.33590354	0.903701444	9.334556867	15.79712301	3.406441849	0.79039338	0.919869669	92.22601415	22.01584656	156.7626787	107.0080377	43.49594792	46.56121006	1.342761288	0.002158639	5.770724794	17.47252578	5.872018382	2.899795761	0.817156867	0.865614477	56.59642434	25.14335631	0.945652432	55.16416981	68.1684796	-0.011218665	69.34173623	-0.001406801	0.106255698	49.92485129	NA	NA	NA	NA	NA	NA	NA	NA	NA	NA	NA	NA	NA	NA	NA	NA	NA	NA	NA	NA	NA	NA	NA	NA	NA	NA	NA	NA	NA	NA	NA	80.57836225	NA	67.21091616	NA	246.5202242	NA	81.64457145	NA	67.07293958	NA	249.7970728	NA
Tawaktci	Tawaktci	3.570322768	58.47326366	21.36789228	124.0554624	96.35108937	27.45669396	2.371679088	43.5798031	NA	NA	NA	27.46223566	0.096291227	74.5000209	54.32882323	46.29959856	16.52936037	76.31936082	107.499351	0.809194064	5.606432906	65.90844451	1.316414671	66.48945281	0.97740734	-0.502059731	31.41007166	0.949755769	7.88432442	13.60209486	3.048399823	0.836320649	0.907399754	69.4159613	14.84257307	128.9621687	86.67643838	23.88793278	50.28308978	1.092760204	1.479195943	9.156708625	14.04145743	11.0266219	2.401662889	0.825808227	0.899968358	44.3511718	19.87875282	0.991880773	74.48081418	64.86720661	1.65544818	68.71873165	-0.001409792	2.580033426	41.79559042	NA	NA	NA	NA	NA	NA	NA	NA	NA	NA	NA	NA	NA	NA	NA	NA	NA	NA	NA	NA	NA	NA	NA	NA	NA	NA	NA	NA	NA	NA	NA	NA	NA	NA	NA	NA	NA	NA	NA	NA	NA	NA	NA
Tesuque_Pueblo	Tesuque_Pueblo	10.48164473	55.50792941	56.8676913	208.8371334	160.1495423	48.49556458	2.447682968	38.03685761	182.7227909	41.59777683	14.05553663	80.64682989	5.438933441	83.86076948	32.92308441	39.68926047	47.15653628	110.5950325	151.9491799	1.56287302	7.544796997	63.02212347	-0.016918335	64.43046506	-0.02230104	-1.452953117	40.97148623	0.890116319	5.54498773	16.9471642	3.85699162	0.83574518	0.94974611	105.258723	13.5769794	162.0912109	109.2937317	44.41731736	47.74294449	1.592760313	0.504939321	11.53703181	16.2708098	5.346534805	3.186040454	0.832192543	0.93487154	70.9828072	15.39073412	0.92085264	56.03742998	63.77886364	0.322114583	67.74116481	-0.001404897	1.741352777	53.12160893	NA	NA	NA	NA	NA	NA	NA	45508	34082	49640.33333	431018	1392516.667	9892	57292.66667	4564.666667	915626	16793	115648.3333	7633.666667	49985.33333	143712.6667	794673.6667	22060.66667	167875.6667	43133.66667	40286	50117.33333	76932	11612	207417.3333	1880	17.63386063	37.27169889	65.47277471	52.20000452	52.38790565	106.1924764	NA	NA	NA	NA	NA	NA
UFI2EDbt1-1	UFI2EDbt1-1	9.070322768	61.83211856	21.86789228	108.5554624	82.85108937	25.45669396	0.871679088	56.0798031	112.5860339	24.23617001	12.9196529	69.71223566	1.474868167	64.97156915	43.84828656	61.71711844	8.904750191	58.01816399	85.08528075	0.724752615	2.529265035	67.10513974	-0.016918099	69.5316231	-0.018766137	-2.464264612	27.08383632	0.91171934	7.68207339	11.04213542	2.787512821	0.840663754	0.944571464	84.85420803	12.02125641	97.11085058	73.72292774	17.06064675	61.36990652	1.75942475	0.509716585	5.740192954	10.69754308	6.313915589	2.72582924	0.831021669	0.915280828	68.26249405	17.15479422	0.962611139	67.29373915	58.87640166	-0.011218473	61.69693115	-0.001403239	1.858786267	23.55184722	NA	NA	NA	NA	NA	NA	NA	NA	NA	NA	NA	NA	NA	NA	NA	NA	NA	NA	NA	NA	NA	NA	NA	NA	NA	NA	NA	NA	NA	NA	NA	22.18342506	28.29000504	77.58726243	60.89995339	97.72307591	72.35293292	NA	NA	NA	NA	NA	NA
UFI9EC	UFI9EC	10.40647569	57.64836439	39.09507993	130.4038805	102.0070372	28.45592234	1.111606205	42.99346972	107.6100302	30.05640042	13.00750573	80.52123249	1.615198792	49.86078623	48.03511076	46.96644603	26.85706469	74.27601193	112.7240078	0.695989259	8.539388323	62.73025135	0.316414943	61.95753419	0.313166173	0.579658165	38.12939635	0.894082359	6.044199248	11.14233425	3.302088251	0.844804432	0.947186433	86.77588407	15.93597968	113.1888555	79.37653437	24.13721193	52.8045605	2.092758627	0.578006568	11.32291362	9.80249062	4.790838289	2.932479198	0.815149712	0.944570375	69.09111765	11.34829056	0.911551446	59.76264846	58.13341246	-0.011218475	59.41869202	-0.00140347	1.153417888	34.01453225	NA	NA	NA	NA	NA	NA	NA	NA	NA	NA	NA	NA	NA	NA	NA	NA	NA	NA	NA	NA	NA	NA	NA	NA	NA	NA	NA	NA	NA	NA	NA	10.63693137	31.8733818	73.16587514	60.70505002	40.08280862	80.21655381	NA	NA	NA	NA	NA	NA
V775	V775	NA	NA	NA	NA	NA	NA	NA	NA	NA	NA	NA	NA	NA	NA	43.67448388	44.80012515	23.41454879	89.00501143	120.5271848	0.244700069	7.885352389	56.40652255	-0.016918189	54.66389103	-0.020117893	1.575254312	31.46984974	0.954648842	5.461951331	13.07818434	3.908837477	0.839168641	0.955336499	110.5195897	12.51078821	97.54108202	72.82827903	13.03299036	47.21636432	1.671639318	1.314299936	4.235799891	13.22363949	6.966221195	4.176487856	0.820693753	0.934860885	70.65457279	17.83124744	0.901644891	18.54836085	55.22291035	-0.00449997	55.12187261	0.002400989	2.295942598	24.90725322	14.44557271	15.06800191	1.926778969	6.092520047	6.619715334	21.03475567	35.94684489	7772	55097	68642	851731	1994205	12841	45000	3181	212471	8137	265682	9999	1348615	111626	755490	216702	491484	111087	42548	111106	160161	47849	594078	44525	NA	NA	NA	NA	NA	NA	NA	NA	NA	NA	NA	NA
V781	V781	10.04225403	41.77407967	8.29930941	90.46739247	66.28369058	23.38239298	1.926788187	51.88118423	102.8659404	27.84645175	9.065346192	77.22625091	1.563933441	45.86076948	33.8545442	46.95143732	23.31348896	75.55144499	101.1888	-0.052315637	3.561816606	61.22019118	-0.025377738	60.52854476	-0.03656957	0.785989673	25.83688038	0.878574043	6.450382645	11.64038991	3.497025143	0.855282837	0.957484475	107.0853575	16.01291666	86.97737062	62.44208381	14.36940194	42.47444373	1.926094159	-0.211207452	4.230354873	11.62851627	6.391679719	3.35538604	0.821660176	0.953091875	99.04069797	14.30879062	0.956866933	76.94732304	56.6457525	-0.011218433	58.69106458	-0.001405278	3.450754133	25.15332365	26.17303197	35.57294005	11.95255671	3.365905384	3.628117982	6.749085641	11.16706914	NA	NA	NA	NA	NA	NA	NA	NA	NA	NA	NA	NA	NA	NA	NA	NA	NA	NA	NA	NA	NA	NA	NA	NA	NA	NA	NA	NA	NA	NA	NA	NA	NA	NA	NA	NA
VIA5492	VIA5492	9.617423064	54.13364469	8.23097024	115.2828635	85.64451194	29.89560233	1.865486478	43.6014928	105.9787011	34.38782815	11.11337709	73.50184831	4.704598706	102.7357816	27.78301378	48.29920431	11.31819882	62.67005102	93.63900754	0.292069515	5.313958029	59.44100172	-0.016918499	62.34810037	-0.025263639	-2.826356227	30.4242226	0.898327383	5.415792487	12.88979729	3.033121562	0.843632168	0.941272282	68.76236642	12.72593396	97.11868802	64.09533945	7.76199938	49.04599378	1.009430485	-0.091575149	8.404203922	10.83083897	5.658100992	3.080958186	0.832181587	0.942785327	61.7434659	10.28412088	0.925675855	82.22835156	51.87158252	-0.011218527	54.60091778	-0.001407861	2.051984259	32.137747	11.73591239	31.3312797	19.78821182	4.202425543	4.500359528	10.81047466	17.92866886	228050.6667	94277.33333	90899.33333	1719383.667	2659176.333	11893	11452	8298.333333	441530.3333	9685.333333	356604.6667	14308.66667	155333.3333	799967.6667	924939	62943.33333	806948.3333	80273.33333	62541.33333	158175	359023.3333	46276	254121.6667	3047	98.46192388	164.5416966	72.09113338	52.35257087	350.059176	347.1302772	98.11254499	163.7659612	72.10725493	52.51901216	348.0808339	344.6055597
VIII_221	VIII_221	NA	NA	NA	NA	NA	NA	NA	NA	NA	NA	NA	NA	NA	NA	56.28584962	44.7164319	40.14228496	122.7539	163.5933474	0.87960324	7.7466493	64.76088855	1.502274774	63.65993663	1.490632837	1.064084752	40.52442068	0.843799784	6.988698224	15.63872196	3.414478325	0.81561246	0.941417636	86.11908342	17.33986325	131.5308945	98.08005168	34.88604215	40.43656339	1.421633902	-0.023757728	16.4958042	15.22724307	8.245110135	3.100532824	0.782314994	0.901694828	71.88023456	16.22928816	0.976942273	41.8973653	63.17528492	-0.011218639	68.76745118	0.331924155	-0.001992519	33.51379829	NA	NA	NA	NA	NA	NA	NA	NA	NA	NA	NA	NA	NA	NA	NA	NA	NA	NA	NA	NA	NA	NA	NA	NA	NA	NA	NA	NA	NA	NA	NA	NA	NA	NA	NA	NA	NA	NA	NA	NA	NA	NA	NA
Vineland576	Vineland576	11.14549181	57.69168358	21.64050364	110.9887154	79.49359444	31.49633621	2.707755852	39.12319098	119.6987946	28.27754641	8.467683799	85.23783306	4.1833742	75.98577325	80.98960314	49.21677345	32.93326327	86.05824902	116.5781715	1.336768072	10.93383646	53.29335573	1.983081585	53.71717995	1.979130852	-0.46442303	30.80853661	0.928696356	5.967887327	12.01582993	3.085704813	0.845101028	0.923513381	69.73417736	14.434698	81.1919578	52.35517387	12.80813317	48.31643109	1.259426961	0.138186544	4.048267697	12.12249513	5.714541631	2.978745855	0.797828131	0.926963802	71.61348956	16.32784115	0.881244726	73.74080927	54.98503937	1.988781411	55.90678399	1.998593587	0.832257064	28.77496106	14.17737505	31.6550446	18.08625539	3.497269755	3.845893429	8.608336594	14.51727388	NA	NA	NA	NA	NA	NA	NA	NA	NA	NA	NA	NA	NA	NA	NA	NA	NA	NA	NA	NA	NA	NA	NA	NA	84.849364	106.9600028	68.89754918	54.30001735	271.4982394	234.0481488	83.97780441	106.9600497	68.98947447	54.30001562	268.1691956	234.0482811
W22wx1	W22wx1	NA	NA	NA	NA	NA	NA	NA	NA	NA	NA	NA	NA	NA	NA	NA	NA	NA	NA	NA	NA	NA	NA	NA	NA	NA	NA	NA	NA	NA	NA	NA	NA	NA	NA	NA	NA	NA	NA	NA	NA	NA	NA	NA	NA	NA	NA	NA	NA	NA	NA	NA	NA	NA	NA	NA	NA	NA	NA	NA	NA	NA	NA	NA	NA	NA	NA	NA	NA	NA	NA	NA	NA	NA	NA	NA	NA	NA	NA	NA	NA	NA	NA	NA	NA	NA	NA	NA	NA	NA	NA	NA	NA	NA	NA	NA	NA	NA	NA	NA	NA
W23ae1	W23ae1	NA	NA	NA	NA	NA	NA	NA	NA	NA	NA	NA	NA	NA	NA	NA	NA	NA	NA	NA	NA	NA	NA	NA	NA	NA	NA	NA	NA	NA	NA	NA	NA	NA	NA	NA	NA	NA	NA	NA	NA	NA	NA	NA	NA	NA	NA	NA	NA	NA	NA	NA	NA	NA	NA	NA	NA	NA	NA	NA	NA	NA	NA	NA	NA	NA	NA	NA	NA	NA	NA	NA	NA	NA	NA	NA	NA	NA	NA	NA	NA	NA	NA	NA	NA	NA	NA	NA	NA	NA	NA	NA	NA	NA	NA	NA	NA	NA	NA	NA	NA
W3607	W3607	NA	NA	NA	NA	NA	NA	NA	NA	NA	NA	NA	NA	NA	NA	7.19864083	48.8537885	30.51606576	117.3880645	153.8080777	2.474498033	11.1715719	64.63431643	1.972348133	64.39616649	1.977056911	0.214008254	35.6530844	0.927929044	7.937582226	14.89820743	3.736843418	0.838299349	0.954563772	100.6629988	15.1413356	147.9543406	109.227767	46.18009438	46.71568225	1.759429705	1.436272214	13.94022174	14.67991942	8.247553439	3.335079412	0.835099332	0.948797037	88.06379083	12.61191237	0.974981734	71.88196366	57.96292702	1.988781171	58.586729	0.665260797	2.586254678	38.8742328	NA	NA	NA	NA	NA	NA	NA	39959	20655	13038.33333	438452.6667	560060.3333	113610.6667	10127	7743.666667	1702052	13677	67391.33333	5181.333333	13146.33333	250874.6667	518207.3333	14580.66667	12856	6137	12981.66667	44401.66667	34314.66667	171051.6667	373906.6667	1067.666667	NA	NA	NA	NA	NA	NA	NA	NA	NA	NA	NA	NA
W3647	W3647	7.570322768	57.33211856	22.36789228	116.0554624	81.85108937	32.95669396	1.871679088	57.0798031	109.7459424	30.47331534	11.91952026	58.16223566	2.743038774	66.86079173	69.60416898	61.04965055	26.9067102	78.58454201	112.1702036	0.868857543	5.445474482	64.34175677	-0.016918533	61.97711812	-0.022122183	2.484343789	33.6989495	0.923531417	5.189153737	11.4897735	3.372026951	0.840431502	0.953994746	89.58954416	13.95705524	127.6264676	90.95113073	35.66582229	57.30431129	1.676096222	0.893276686	6.810472097	12.8409124	7.866451424	3.294345311	0.829687352	0.946561134	70.87461811	15.34752408	0.918242968	81.8576851	58.82087728	0.988781507	58.5723964	0.665265235	1.131215041	36.90779099	13.97157605	34.29324947	19.7285388	4.096040082	4.201228891	11.17647246	18.32475927	78947	43508.5	39776	2144712.5	3377367	264371	344	11594	8132099.5	203835	275736	26148	1188144.5	883770	2074904.5	251275	579851	723536.5	31136	211294	239399	186825	752769.5	8311.5	78.53023719	110.2399898	75.24044677	53.50005809	312.6533554	234.3491138	77.74999938	110.2397316	75.3652294	53.50011039	309.956422	234.3487762
W3722	W3722	3.973674088	52.20461915	11.759635	106.0686146	77.27901706	28.82202704	1.995286088	48.69294068	127.2825938	24.97061651	8.064897677	30.94070947	3.56650215	89.23576901	88.82182809	40.13381694	21.76743503	76.02874839	98.22869949	0.105487055	6.264883982	54.67100003	0.316414761	54.32707061	-0.026350065	0.239092439	22.00482763	0.938341498	4.68544768	13.56214614	3.189562678	0.849017916	0.936050579	73.54885545	12.94393327	95.10304162	68.04714941	16.6538611	45.27374492	1.592764714	1.020453404	2.742347946	12.75157735	4.737557695	2.956182673	0.820081585	0.932210117	57.41388637	11.93187026	0.930132874	96.0703991	52.12764744	-0.011218662	52.30057596	-0.001407667	1.409840628	26.85873051	16.21415503	26.41378815	11.14184777	4.238185611	3.791371008	10.2503662	17.11420385	NA	NA	NA	NA	NA	NA	NA	NA	NA	NA	NA	NA	NA	NA	NA	NA	NA	NA	NA	NA	NA	NA	NA	NA	81.12528431	131.3416887	63.01574399	56.15255328	219.7804318	305.6584154	80.46128607	130.5658643	62.90501505	56.31899664	215.8510715	303.1336107
W3742	W3742	8.973674088	55.70461915	32.259635	132.5686146	96.77901706	35.32202704	1.995286088	50.19294068	144.6342661	34.59510233	12.6380349	69.34070947	1.558033207	54.73579151	80.34571425	40.46672628	18.67872034	80.04569603	107.339109	0.375893978	4.166046335	61.65473474	1.983081623	62.65260441	-0.022014165	-1.101257215	27.21251259	0.935025472	9.050829544	13.23321073	3.824255554	0.82316003	0.949814147	101.2504079	14.13031132	81.9216848	58.94066301	9.509074117	42.35353727	1.287205457	0.562906833	5.885450604	12.2339265	9.12914308	3.73422125	0.826103377	0.936622616	84.73532639	15.64784005	0.960248131	53.8429357	58.69582408	1.988781635	59.27297232	-0.001406361	2.2661544	23.31947823	17.66828999	32.04511669	13.3100818	3.990487441	4.316867968	6.868198292	14.59851078	NA	NA	NA	NA	NA	NA	NA	NA	NA	NA	NA	NA	NA	NA	NA	NA	NA	NA	NA	NA	NA	NA	NA	NA	87.20518664	81.88338527	70.58438326	68.80511893	306.1866282	269.9197174	86.19382696	80.33184397	70.52527749	69.13802201	302.2856387	264.8702669
W5543	W5543	11.48164473	52.00792941	22.3676913	134.8371334	101.6495423	32.99556458	0.447682968	58.03685761	134.2227909	27.09777683	13.05553663	88.34682989	4.393137227	121.8607825	67.07519089	50.80031604	18.95044539	84.11030337	108.7589751	0.194243252	7.721843632	54.97513752	-0.016918256	55.42751163	-0.021017309	-0.470991904	24.25083008	0.976518449	7.524913044	13.1311469	3.246733678	0.837246454	0.944033449	76.15286268	10.6411074	121.7782675	95.04087186	15.43843569	54.14993652	1.676093454	0.486865446	5.048279841	12.13485813	9.902927528	2.922325931	0.800521665	0.918998461	54.48366108	10.1978741	0.925587221	100.5561005	53.20042318	-0.011218761	52.43562871	-0.001403113	1.16209314	27.04544554	16.23657703	33.80009563	16.38537715	4.069151137	3.87984749	6.442328555	13.54820482	NA	NA	NA	NA	NA	NA	NA	NA	NA	NA	NA	NA	NA	NA	NA	NA	NA	NA	NA	NA	NA	NA	NA	NA	110.9609023	73.05339194	69.03261398	56.70499257	355.5990253	169.9365922	111.2803307	71.50189274	69.18815842	57.03788425	354.4565386	164.8872045
W5552	W5552	9.070322768	54.83211856	30.86789228	131.5554624	105.8510894	25.45669396	0.871679088	45.0798031	110.5860339	36.73617001	14.9196529	69.71223566	6.254874509	94.36077409	23.82936599	57.35504266	23.13131557	89.37443671	120.8744247	0.352489084	7.328036548	61.78605595	1.983081526	62.18952067	-0.01589432	-0.454069604	31.73989428	0.919351852	7.920471279	12.18084068	3.810090637	0.824408289	0.945174469	96.95918497	18.0907207	121.3034263	89.71023265	23.25739355	46.85276398	1.176092716	1.09818769	8.919033697	12.2607392	8.485897251	3.846577948	0.792788523	0.939958566	83.70050037	12.15553268	0.918247261	64.54986817	55.5705547	0.655447868	56.5962725	-0.001408288	3.459837642	31.3680799	12.94859332	31.88523331	18.77357594	4.042028033	3.920908917	7.549036396	14.72038993	66823.33333	208080.6667	137196.6667	1060190.667	51275	8435.666667	538	767.6666667	660489.3333	21862.33333	54406	9549.333333	93715.33333	264489.6667	1005236	50590	488706	240675.6667	14507.33333	197781.3333	205042	215588	526615.3333	4171.666667	101.2710414	174.5699977	69.88131957	57.00001221	333.4373702	405.9767424	99.48420126	174.5699729	69.85902892	56.9999889	329.7677561	405.9767257
W5579	W5579	11.50174283	59.76265805	28.6691684	133.7744664	103.6280996	29.92276092	1.337555462	53.21463887	125.2825938	31.97061651	13.06489768	88.77669422	5.422364393	85.86077043	56.51284636	49.05111721	24.25234778	85.80078418	113.3228167	0.341693406	9.01833493	61.09324771	-0.016918251	60.22763373	-0.015576502	0.866600571	27.44436208	0.895242751	7.269129594	13.40535804	3.26000814	0.841769794	0.955061285	92.31489399	8.86846505	110.4056766	83.46336622	26.2979295	59.38101977	1.009427438	0.120379262	10.6553703	10.68352207	4.409407256	2.590204663	0.781856972	0.941205344	85.43488284	13.57817849	0.941031513	88.56718628	59.49898578	-0.011218704	57.3199843	-0.001406618	1.684669274	27.13984197	15.5886711	31.3977279	15.5787088	4.453257947	4.298732185	7.542006164	15.60073135	61910	41009	70308	377438	33286	71781	164	1751	4530753	36369	368300	9450	22135	307773	1103842	6244	12737	15437	34195	59796	94700	31279	221999	1470	109.3552843	125.9299921	68.31574399	54.19998764	344.5288595	281.923634	108.6912861	125.9298846	68.20501505	54.19997126	340.5994992	281.9234752
W6366	W6366	6.645491806	57.69168358	36.64050364	129.4887154	98.49359444	30.49633621	0.707755852	51.12319098	123.1987946	39.77754641	15.9676838	50.63783306	4.346297489	132.7357691	-0.423030965	NA	NA	NA	NA	NA	NA	NA	NA	NA	NA	NA	NA	NA	NA	NA	NA	NA	NA	NA	NA	81.15476994	53.92544582	15.96094062	69.71583351	1.259422363	0.173903349	8.200833818	12.15993368	11.86049696	3.992756578	0.757644443	0.919790018	86.15364029	20.39220258	0.865103811	86.52785432	55.81755796	-0.011218612	55.75242439	-0.001404999	1.50209881	27.16271352	15.54949342	30.3535949	14.14454302	4.127864373	5.037253928	9.305635449	16.89126423	NA	NA	NA	NA	NA	NA	NA	NA	NA	NA	NA	NA	NA	NA	NA	NA	NA	NA	NA	NA	NA	NA	NA	NA	54.9803808	80.7516995	80.27766742	59.2525393	75.86381412	175.7739278	54.93367231	79.9760438	80.43835788	59.41895168	77.89780238	173.2493095
W6462	W6462	11.64549181	58.69168358	26.14050364	116.9887154	95.49359444	20.99633621	0.207755852	55.12319098	96.97146377	32.55606815	14.01558206	89.08783306	1.160320157	44.9857732	86.07953048	46.88234658	28.59289739	84.52160281	102.9012346	0.006859017	15.34604245	59.91988342	-0.016918458	60.2817627	-0.016790177	-0.451709066	18.58407852	0.969563438	5.994404456	9.945637072	3.531148692	0.837074925	0.958122822	102.1227319	16.36058002	95.00958235	68.15989457	22.97946997	54.21670504	1.592762026	0.479105706	9.64198403	8.849200061	9.117256729	3.056105928	0.79862769	0.946254795	84.30094887	15.72729987	0.937838921	73.70572619	60.01805408	-0.011218708	62.3386444	-0.001405367	1.946775454	26.89542334	12.80711019	33.47746045	20.89276605	3.803989999	4.373844207	11.38367437	18.34591338	NA	NA	NA	NA	NA	NA	NA	NA	NA	NA	NA	NA	NA	NA	NA	NA	NA	NA	NA	NA	NA	NA	NA	NA	111.9181809	165.993391	67.70615034	49.70505579	344.5655172	334.2865311	111.7229084	164.4420092	67.85302906	50.03790104	346.6310284	329.2372789
W64A	W64A	2.042254027	60.77407967	51.45835887	177.8496106	138.5020069	39.35596009	1.529409714	42.55810492	NA	NA	NA	15.72625091	1.246265372	85.73578156	68.97010668	49.13313505	42.80732801	110.7614153	142.4483543	0.044121303	3.393705384	66.58521358	-0.016918372	66.30995599	-0.023273336	0.208954784	31.25703143	0.855842723	9.354055884	16.04320844	3.959789015	0.783415711	0.943231166	93.53158819	16.52582343	160.289461	124.2390023	45.63413826	52.08493971	0.926089113	-0.205174162	3.382127835	15.35621404	9.140362316	3.812741621	0.77540193	0.943841944	83.54344772	14.79601255	0.885129036	98.26449383	61.43225796	-0.01121833	61.47940801	-0.001407129	0.224980041	35.77550986	NA	NA	NA	NA	NA	NA	NA	171178.6667	54262	229377.3333	160922	4293928.333	14234.66667	21972	279116.3333	2489256.667	188808.3333	162650	216030.3333	159322	6153853.333	2361528.333	232364.6667	43302.33333	82038	694783.6667	160228	360566.3333	17219.66667	31243	2025.666667	13.81557891	NA	58.9676679	NA	33.68855133	NA	NA	NA	NA	NA	NA	NA
W64Abt2	W64Abt2	NA	NA	NA	NA	NA	NA	NA	NA	NA	NA	NA	NA	NA	NA	NA	NA	NA	NA	NA	NA	NA	NA	NA	NA	NA	NA	NA	NA	NA	NA	NA	NA	NA	NA	NA	NA	NA	NA	NA	NA	NA	NA	NA	NA	NA	NA	NA	NA	NA	NA	NA	NA	NA	NA	NA	NA	NA	NA	NA	NA	NA	NA	NA	NA	NA	NA	NA	NA	NA	NA	NA	NA	NA	NA	NA	NA	NA	NA	NA	NA	NA	NA	NA	NA	NA	NA	NA	NA	NA	NA	NA	NA	NA	NA	NA	NA	NA	NA	NA	NA
W64Asu2	W64Asu2	NA	NA	NA	NA	NA	NA	NA	NA	NA	NA	NA	NA	NA	NA	NA	NA	NA	NA	NA	NA	NA	NA	NA	NA	NA	NA	NA	NA	NA	NA	NA	NA	NA	NA	NA	NA	NA	NA	NA	NA	NA	NA	NA	NA	NA	NA	NA	NA	NA	NA	NA	NA	NA	NA	NA	NA	NA	NA	NA	NA	NA	NA	NA	NA	NA	NA	NA	NA	NA	NA	NA	NA	NA	NA	NA	NA	NA	NA	NA	NA	NA	NA	NA	NA	NA	NA	NA	NA	NA	NA	NA	NA	NA	NA	NA	NA	NA	NA	NA	NA
W6714	W6714	8.070322768	61.83211856	45.86789228	166.0554624	132.3510894	32.95669396	1.871679088	52.0798031	113.0860339	41.73617001	15.9196529	62.01223566	1.356361988	54.23577442	69.63643693	52.96658747	48.58354127	128.6219409	165.1189641	0.344586957	6.808351848	64.08043687	-0.016918263	63.90769053	-0.019710347	0.165327003	36.23430438	0.913424426	4.495953329	12.74804678	3.888274547	0.848893994	0.961830639	106.8143831	13.35843494	161.960143	127.762201	46.76082438	57.04100901	1.926092741	0.780230229	10.04441882	12.8897299	5.428786038	3.515046273	0.838154236	0.948012592	86.39126651	14.69668274	0.956889987	68.61645576	60.2392841	-0.011218549	62.44890989	-0.001410229	0.866091283	34.15517575	14.15635488	31.97962347	17.91089048	4.837457388	4.73616084	10.99054714	20.58857672	NA	NA	NA	NA	NA	NA	NA	NA	NA	NA	NA	NA	NA	NA	NA	NA	NA	NA	NA	NA	NA	NA	NA	NA	63.35781176	109.7516858	65.3867338	36.1025981	183.0287549	171.1989859	63.18540866	108.9757193	65.45122563	36.2690618	182.3708185	168.6739795
W6720-1	W6720-1	11.97367409	57.20461915	43.759635	171.5686146	135.2790171	36.32202704	2.495286088	57.19294068	102.6342661	34.09510233	13.6380349	92.44070947	5.707063083	51.23577648	43.83583756	53.05012696	20.20599361	80.14418327	113.2068301	0.993428872	9.425845315	63.63885513	-0.016918354	64.04421935	-0.01964765	-0.44745942	32.64972823	0.941200403	9.640560102	9.933115817	3.475766646	0.830536004	0.94661411	104.4952933	12.78829438	105.4523712	73.81600224	13.27107898	57.07481498	1.842761538	1.035159761	12.53370269	10.780833	7.193884893	3.332481193	0.812325632	0.933994162	98.33468675	12.95631799	0.952735848	85.79761328	58.77070329	-0.011218714	58.98307014	-0.001406612	2.422017024	31.58807074	14.3007518	33.20095931	18.24619811	4.039566357	4.209206821	9.842914672	16.82502393	179631.3333	56672	46817	574531.3333	2635598	6660.666667	6475	5061.333333	5546054.667	75424	201670.3333	11133.33333	55434	512003.6667	1517918	46205	26418.66667	22324	19902	151916.6667	95682	34426	272120	3522	93.49302515	160.1816932	64.39338669	38.2025715	259.4306938	260.5894702	93.20657348	159.4059538	64.43586822	38.36902627	259.1532052	258.0648897
W6720_2	W6720_2	11.97367409	58.70461915	43.259635	143.5686146	114.2790171	29.32202704	2.495286088	47.19294068	116.6342661	35.59510233	14.1380349	92.44070947	4.910818725	59.36077517	36.13653633	49.22884102	28.11654165	93.84334035	121.2000907	1.904804548	10.2936778	63.69507538	-0.016918319	64.78970053	-0.019169289	-1.11574411	27.24975599	0.974473691	4.886850881	12.46786438	3.769087101	0.853182761	0.96106287	109.6954791	8.938750247	126.9598009	97.78446407	25.66582229	51.13764462	1.676096222	1.309943352	13.0604721	12.7896643	5.736272459	3.480085335	0.831984291	0.951310844	99.32349944	12.18797064	0.963714484	74.16537741	58.48754394	-0.011218493	59.24952475	-0.001401432	2.381215041	29.40779099	NA	NA	NA	NA	NA	NA	NA	146425	56674	49308	371973	2384839	6506	135	2358	3193139	11093	470981	20331	122130	330505	1177338	62313	112868	44928	36088	277431	390602	18656	346789	1627	128.585089	81.50169318	65.25302253	52.8025715	365.0420788	178.275391	127.2263678	80.72595383	65.24553994	52.96902627	361.1694601	175.7508106
W6728	W6728	10.90647569	57.64836439	47.09507993	146.9038805	113.5070372	32.95592234	0.611606205	41.99346972	137.6100302	35.05640042	15.00750573	84.37123249	4.773978235	68.98577808	76.21498148	50.88311377	48.84758589	98.10219439	133.4731728	0.081271326	11.08990212	61.10581113	-0.016918094	60.17092529	-0.021562862	0.855262794	35.49174527	0.90280732	6.442766145	14.71903276	3.465896457	0.837450746	0.95024855	89.39373267	16.97119036	130.4060558	96.60795798	37.6318001	61.53851573	2.092761491	0.63981242	9.547864327	13.63106818	6.927132676	3.318603678	0.827062867	0.933883898	79.342972	14.65017938	0.892608273	92.60851809	59.29817578	-0.011218553	59.37396375	-0.001406979	0.686898001	33.86586554	12.63629256	33.58713192	20.98929339	3.748975647	3.799031259	11.6053829	17.78343241	NA	NA	NA	NA	NA	NA	NA	NA	NA	NA	NA	NA	NA	NA	NA	NA	NA	NA	NA	NA	NA	NA	NA	NA	97.17421605	107.4199898	67.13450228	61.60005809	292.8415398	279.7395717	97.38137865	107.4197316	67.27228438	61.60011039	292.4316162	279.739234
W6757	W6757	11.40647569	56.64836439	43.09507993	152.9038805	119.5070372	32.95592234	0.611606205	57.99346972	122.1100302	37.05640042	14.50750573	88.22123249	0.720922989	60.86078583	62.39647941	64.63382478	31.25738139	109.1295751	141.0237503	0.341063617	9.038450376	59.95293567	0.316415228	59.81319261	-0.017217187	0.182228431	32.18135418	0.949238382	9.541171329	14.20148286	3.87111452	0.835097755	0.952796138	98.93757158	16.08359075	139.8499072	99.97796376	34.27766456	71.33223547	1.546636326	0.477367473	4.992324358	12.59353993	6.499223413	3.490152757	0.800181221	0.94925491	85.2701508	19.46613131	0.844899656	38.28246327	58.48119775	-0.004500172	60.25044273	0.002405369	1.314193368	39.8495133	18.73478251	33.59323092	12.87430863	4.224511046	4.302810862	5.326314791	12.55158365	NA	NA	NA	NA	NA	NA	NA	NA	NA	NA	NA	NA	NA	NA	NA	NA	NA	NA	NA	NA	NA	NA	NA	NA	89.58573955	102.3733818	69.01290371	44.10505002	282.400584	183.2463944	88.38567286	100.8217035	69.06875599	44.43797738	278.7470298	178.1965902
W6786	W6786	10.50174283	68.76265805	26.1691684	132.7744664	97.12809956	34.92276092	1.837555462	47.71463887	126.8543596	35.48482059	13.49234161	81.07669422	5.412204525	116.6107791	71.83275195	57.80022235	25.4257623	102.2017399	135.2545199	0.180286922	9.160817193	62.65886029	-0.016918362	62.8905628	-0.020968659	-0.166319142	32.92821767	0.933824688	10.2804081	12.93723591	3.235283532	0.843229576	0.945763516	90.1722586	13.46918825	125.186475	82.59760047	19.15555633	53.97909793	1.842758527	0.444517992	9.366708911	11.52594499	12.02440912	3.146766842	0.805100602	0.939314087	73.18991542	13.52993091	0.95445522	103.7692761	58.93797346	-0.011218578	61.36593079	-0.00140829	2.562012546	42.61341782	15.66010584	33.72519839	17.78889127	3.818297044	3.853597004	8.067126666	14.8862942	NA	NA	NA	NA	NA	NA	NA	NA	NA	NA	NA	NA	NA	NA	NA	NA	NA	NA	NA	NA	NA	NA	NA	NA	53.32641976	76.33000177	67.78747565	44.69991993	167.3386687	138.0289294	54.87306807	76.33009948	67.64484302	44.69990497	173.2681669	138.0290864
W7151	W7151	10.83789576	49.07890387	24.39635606	112.6228845	84.28404739	27.9219893	1.077482578	30.12830549	114.3783559	32.30505101	12.08019443	61.00250229	4.324925392	75.36078815	59.53368814	39.10481862	13.74954583	76.16424897	103.3482942	0.378246644	7.668259836	51.03611578	-0.016918149	51.41066235	-0.017585627	-0.453175687	26.82608082	0.972897826	4.252353016	11.54676168	2.956533626	0.86864331	0.960716459	65.72062931	9.369937404	84.93791853	58.20636077	6.711092942	53.68364384	1.314979316	0.656368802	1.530278626	9.94821279	3.693056568	2.874353718	0.735262387	0.919036966	67.09145463	13.54612256	0.895346616	67.04182785	54.83320647	-0.016827899	54.79662273	-0.009020407	2.001607091	26.7338724	13.84036391	32.46227773	17.77543261	4.453060796	4.192739619	9.751433107	17.68683896	155495	6496	3639	5225	15993	1109	163	2343	75338	15085	895373	9601	61023	53782	13983	4264	82299	16402	63188	101547	101547	1047	3164	678	108.9106995	102.1866914	66.63375085	52.15253704	297.7882084	213.8412661	108.9969618	101.4108836	66.7261965	52.31900396	301.1058498	211.3165088
W822Gse	W822Gse	NA	NA	NA	NA	NA	NA	NA	NA	NA	NA	NA	NA	NA	NA	70.76492622	50.34530251	21.98750091	89.1273201	120.266875	-0.043812024	11.91409573	53.06731529	-0.016918407	49.63822477	-0.024719005	3.519948082	31.47405645	0.999973633	6.69537957	12.00330125	3.197926106	0.826479713	0.931368274	79.83640565	14.61715775	56.41812704	39.34657149	5.551606661	45.05648746	1.314985737	0.402234516	4.949525899	9.543799706	4.255794622	3.141851798	0.784853447	0.905597787	89.20674754	18.45833944	0.938094678	35.90574552	56.98377009	-0.011218484	61.59433654	-0.001408829	3.512470982	17.29136842	13.10421349	25.62377993	10.72837311	5.877502674	6.014339141	10.56291363	22.2680447	NA	NA	NA	NA	NA	NA	NA	NA	NA	NA	NA	NA	NA	NA	NA	NA	NA	NA	NA	NA	NA	NA	NA	NA	NA	NA	NA	NA	NA	NA	NA	NA	NA	NA	NA	NA
W85	W85	10.47367409	48.20461915	21.259635	123.5686146	92.27901706	30.82202704	0.995286088	54.19294068	121.1342661	24.59510233	8.138034901	80.89070947	3.952723034	68.23577467	51.31143126	50.07733488	16.6623409	73.50501044	101.1504489	0.442736055	4.18701142	51.53527856	-0.01691839	54.92371028	0.312713387	-3.452218185	27.18527344	0.970439846	4.084016621	11.62341054	2.520498865	0.840980133	0.906470935	44.49912921	14.96277379	93.04779038	70.31287246	14.27513002	51.14634789	1.259427549	-0.007986984	3.199230522	9.649162495	3.033665969	2.345914763	0.845421916	0.939938147	40.99957653	8.320364612	0.987487545	73.80451887	53.33488087	-0.011218685	53.87019273	0.665260525	0.616188944	22.52340693	NA	NA	NA	NA	NA	NA	NA	106883	14191	39	34248	34969	9280	243	8884	40542	2858	104530	4087	80110	99145	16480	12949	5106	7132	65298	26884	22101	2639	2317	2005	26.67035589	21.58168685	65.51044266	39.55251106	82.29179525	33.10188847	NA	NA	NA	NA	NA	NA
WMT	WMT	NA	NA	NA	NA	NA	NA	NA	NA	NA	NA	NA	NA	NA	NA	78.05446468	12.96609883	22.50076129	81.77842466	114.852797	0.061735342	2.9904571	61.98432586	-0.016918067	62.35715696	-0.015390576	-0.449200767	33.16663033	0.89755712	5.338934549	10.050276	3.210159008	0.7304404	0.938916605	93.90804617	12.9702594	110.776496	74.64632244	20.55687647	17.58165963	1.009428841	-0.265044416	2.03500486	8.496418685	5.349445814	2.981430437	0.736399714	0.923897875	68.00654282	13.37229987	0.969906929	72.29779475	60.41436123	-0.011218517	61.54720613	-0.001402242	0.438937027	36.07571655	NA	NA	NA	NA	NA	NA	NA	NA	NA	NA	NA	NA	NA	NA	NA	NA	NA	NA	NA	NA	NA	NA	NA	NA	NA	NA	NA	NA	NA	NA	NA	NA	NA	NA	NA	NA	NA	NA	NA	NA	NA	NA	NA
WVG3	WVG3	12.07032277	55.83211856	31.86789228	116.0554624	89.35108937	25.95669396	0.371679088	56.5798031	105.4261254	27.99902467	12.91978553	92.81223566	5.164539168	117.6107856	67.45669974	53.63332056	29.02639546	80.73221685	110.269387	0.042245577	10.42076165	60.67150885	1.983081646	60.66532087	1.977081047	-0.121026558	29.11993859	0.964372835	9.137802132	10.01126866	2.886721608	0.792551318	0.924546149	83.59025096	19.20716834	108.1790946	81.43844729	24.1585481	56.92718779	1.259430745	0.060616402	11.52560794	9.813713658	7.845208853	3.165463582	0.797536668	0.931662299	76.21575791	10.49693654	0.968456067	93.28343643	56.78568846	1.988781569	58.93067339	1.998596089	1.919369096	26.54485115	16.0064531	33.11672931	17.55243546	3.214998862	3.47741321	7.365676575	12.84836184	NA	NA	NA	NA	NA	NA	NA	NA	NA	NA	NA	NA	NA	NA	NA	NA	NA	NA	NA	NA	NA	NA	NA	NA	78.59538634	72.59998984	62.83302083	53.30005809	212.0588072	155.4603738	NA	NA	NA	NA	NA	NA
We01407	We01407	10.08890079	56.07489567	20.29930941	126.4673925	85.28369058	41.38239298	1.926788187	45.2350256	131.9859384	38.21958816	14.21117212	77.51253913	6.231336319	118.7357709	62.73962256	42.38423595	10.94581182	71.06041702	101.3848504	0.643243264	9.392259779	61.13896827	-0.01691857	61.59514173	-0.025468776	-0.458807852	30.40611609	0.905372478	10.71525378	12.77101339	3.689949775	0.852021318	0.948632089	109.8113855	14.27735779	89.99666008	60.45324381	7.371794525	60.3048734	1.676094946	0.625327821	7.776460052	12.3360856	10.39180741	3.327374363	0.854746613	0.960240288	83.7556299	10.95534898	0.946990259	39.31094864	61.11980656	-0.011218655	62.62233251	-0.001412014	2.872714723	29.27018543	8.150195163	21.5743971	13.80865581	5.991212775	6.778547887	14.79241684	26.79047114	NA	NA	NA	NA	NA	NA	NA	NA	NA	NA	NA	NA	NA	NA	NA	NA	NA	NA	NA	NA	NA	NA	NA	NA	41.90508898	128.091694	76.25302253	63.75256814	171.7039835	359.0555621	40.54636784	127.3159468	76.24553994	63.91901882	167.8313648	356.530903
We02404	We02404	7.481644733	57.00792941	34.3676913	151.3371334	118.1495423	32.49556458	0.947682968	40.53685761	140.2227909	39.09777683	14.05553663	57.59682989	6.529648991	69.44411078	11.26722	53.17904532	21.84627627	95.66382983	123.444827	1.727466543	11.21887231	70.46790869	0.002274351	70.39660607	-0.013272153	0.058294395	28.18685252	0.922150407	13.47317583	14.50825232	3.941071624	0.827045446	0.943917868	102.8119923	18.75827563	121.6298507	93.30233248	19.34568643	47.8947079	1.676092959	0.354353711	14.64023973	12.73159961	10.00435181	3.689448034	0.797368601	0.869841371	78.9400513	29.2810671	0.921357346	73.65184206	62.16461585	-0.011218337	63.09386297	-0.001406787	2.545763767	27.92461478	8.1302983	23.22778028	15.98501134	5.975505477	7.038684797	17.4322666	29.31063732	NA	NA	NA	NA	NA	NA	NA	NA	NA	NA	NA	NA	NA	NA	NA	NA	NA	NA	NA	NA	NA	NA	NA	NA	73.35120488	87.69419737	71.96676646	58.15250496	260.8244855	225.2998228	72.90487188	86.91847122	72.14841069	58.31894994	258.0595096	222.7751951
We02406	We02406	NA	NA	NA	NA	NA	NA	NA	NA	NA	NA	NA	NA	NA	NA	3.670369305	49.99981927	13.7525444	76.32927276	102.5562761	0.972892478	11.74968396	74.42937317	2.00000024	72.50240579	1.996874185	1.97869564	26.89218728	NA	NA	NA	NA	NA	NA	NA	NA	112.6111684	83.84896119	25.65143074	56.53689714	1.259427228	-0.089300284	18.14862437	12.8061234	6.911164201	3.685620247	0.834005315	0.946571536	101.7452273	13.19516598	0.939475783	80.95894398	58.31851724	-0.011218606	59.23338455	0.331924776	1.415498648	28.75725945	10.90436565	25.91162222	15.60437776	5.660371341	6.467913394	13.377169	23.58606223	NA	NA	NA	NA	NA	NA	NA	NA	NA	NA	NA	NA	NA	NA	NA	NA	NA	NA	NA	NA	NA	NA	NA	NA	NA	NA	NA	NA	NA	NA	NA	NA	NA	NA	NA	NA
We02412	We02412	4.973674088	59.20461915	15.759635	115.0686146	85.27901706	29.32202704	-0.004713912	77.69294068	112.9859384	31.21958816	14.21117212	38.64070947	4.040253011	67.11078844	63.45077062	76.21637382	20.12909983	86.95720546	111.9564437	-0.013263958	4.746298171	57.43906499	1.316415222	56.73101955	-0.015219539	0.565450743	25.09395006	0.957859289	5.831454657	11.63609305	3.181360898	0.85990298	0.956074105	72.87253633	13.68551864	94.73252853	68.62607438	14.08105602	62.10925487	1.259426446	-0.110437423	3.881587597	12.32585327	6.457923537	3.245150873	0.835590454	0.944690924	76.25604638	15.03875622	0.892912582	81.42897536	57.40644189	-0.011218646	58.41276202	-0.00140306	2.3075798	26.27377477	9.70150284	20.54029511	11.75327512	5.6296403	6.294239138	14.25217566	25.52199341	NA	NA	NA	NA	NA	NA	NA	NA	NA	NA	NA	NA	NA	NA	NA	NA	NA	NA	NA	NA	NA	NA	NA	NA	63.52641976	110.4700018	76.18747565	59.59991993	271.7891597	273.4405904	65.07306807	110.4700995	76.04484302	59.59990497	277.7186579	273.4407474
We03418a	We03418a	12.54225403	53.27407967	19.45835887	104.3496106	74.50200687	29.35596009	0.029409714	58.05810492	105.9859384	31.21958816	14.21117212	96.47625091	2.035579697	48.98579502	28.99756699	52.99133266	21.73380342	77.97208305	102.7967457	0.006835972	5.500139451	59.22386561	-0.025377531	57.32994314	-0.032800962	1.813109448	24.55587592	0.935737764	4.799009332	11.65301218	3.676521548	0.858881672	0.938616111	85.72082988	22.35497263	102.4737581	73.57457008	15.09153819	63.65339927	1.370537171	-0.303723032	4.26851202	11.21163913	5.332635989	3.515607293	0.835103544	0.938206979	76.00860602	18.15102133	0.978244925	39.34536455	57.43663387	0.655448296	57.02826082	-0.001405198	1.00248643	28.22877755	6.305906894	18.81011688	13.17038188	6.768788441	7.189410684	18.76201135	32.82522364	NA	NA	NA	NA	NA	NA	NA	NA	NA	NA	NA	NA	NA	NA	NA	NA	NA	NA	NA	NA	NA	NA	NA	NA	50.34557891	119.6333847	74.5676679	64.50506268	200.0863743	345.5153402	51.64917916	118.0818807	74.60011838	64.83793982	203.4885826	340.4658711
We04401	We04401	11.14503827	52.19097346	21.11837622	124.8790961	89.98185558	34.58386072	0.611326934	70.27842197	112.4261254	36.99902467	14.91978553	85.58450863	5.134336564	121.3607743	75.57061817	56.46633625	22.65190795	81.02159228	104.0088064	0.095108437	11.594832	56.45666937	-0.016918278	56.8460031	-0.016467306	-0.455448951	23.47455185	0.906604362	5.750873723	12.7966385	3.916678078	0.880859155	0.966704403	110.2093681	16.14314025	98.1778097	69.77267436	18.05593335	60.2059116	1.426094983	0.601243298	4.793153187	11.03666903	4.744986312	3.556268644	0.855351277	0.943490044	81.91807584	16.77789201	0.92044086	87.21799312	57.25290949	-0.011218383	57.49624298	-0.001403233	1.193040151	28.15836573	NA	NA	NA	NA	NA	NA	NA	NA	NA	NA	NA	NA	NA	NA	NA	NA	NA	NA	NA	NA	NA	NA	NA	NA	NA	NA	NA	NA	NA	NA	NA	98.43023719	138.2033818	71.54044677	54.50513811	341.1878476	308.3154335	97.64999938	136.651707	71.6652294	54.83801321	338.4909142	303.2657583
We05401	We05401	NA	NA	NA	NA	NA	NA	NA	NA	NA	NA	NA	NA	NA	NA	67.47318045	54.21683967	10.57929017	65.54326389	91.8001193	0.015936993	4.586347239	53.72573497	-0.016918416	54.56817491	-0.021053265	-0.816619513	25.80880994	0.933569868	7.543373573	10.81392569	3.111237881	0.827910747	0.931527238	88.87772434	12.62289444	113.9040535	82.28999428	24.30111329	55.20147494	1.342762472	0.37177021	4.537553969	11.03940367	8.326656066	3.101625994	0.813679953	0.938280688	62.85063032	11.89280205	0.935503801	85.36932933	54.64021374	-0.011218629	55.06422816	-0.001409528	1.145547231	31.73930926	3.558298394	19.31670139	16.12710428	6.67827458	7.058158608	17.75382756	31.91638373	NA	NA	NA	NA	NA	NA	NA	NA	NA	NA	NA	NA	NA	NA	NA	NA	NA	NA	NA	NA	NA	NA	NA	NA	NA	NA	NA	NA	NA	NA	NA	NA	NA	NA	NA	NA
We05408	We05408	NA	NA	NA	NA	NA	NA	NA	NA	NA	NA	NA	NA	NA	NA	68.78619909	58.71731882	19.5119257	72.63617788	94.39666459	1.33661501	14.75485206	56.22175806	0.983081683	55.86198722	-0.021694733	0.243201119	21.53797655	0.860148731	5.074279032	12.78149495	3.703182662	0.838934882	0.948000396	96.00531448	14.62108559	78.21213861	54.79560089	6.893271028	61.70226283	1.259426639	0.907636452	10.89811734	10.82539737	4.521148304	2.95591335	0.85070727	0.926433332	60.1829479	18.49269651	0.900813657	93.32056125	56.31821568	-0.011218635	58.05163146	-0.001404844	2.831283882	23.59993816	5.924100517	22.52080003	16.52116028	6.942556249	6.797722834	17.17276609	30.12165699	NA	NA	NA	NA	NA	NA	NA	NA	NA	NA	NA	NA	NA	NA	NA	NA	NA	NA	NA	NA	NA	NA	NA	NA	NA	NA	NA	NA	NA	NA	NA	NA	NA	NA	NA	NA
We05411	We05411	NA	NA	NA	NA	NA	NA	NA	NA	NA	NA	NA	NA	NA	NA	66.578538	59.38285382	23.33530658	95.69786816	111.6678774	-0.005600313	7.603277755	56.09989972	1.983081492	55.83743964	1.980351271	0.206643177	24.92124675	0.958347694	6.175780103	12.40751146	3.49422859	0.840199829	0.945687432	104.5434432	16.48347854	126.7508112	95.21148238	28.60450556	67.36619034	1.759426033	-0.080771562	7.794028483	11.44259549	6.185509267	3.148931944	0.833889626	0.947904191	91.21161264	11.14581298	0.940764501	94.93431925	53.63492413	1.655448105	53.56276282	1.665259535	0.675199504	31.60204635	10.86668966	26.11069194	15.12363217	5.720130132	6.042228458	14.77144175	25.74080675	NA	NA	NA	NA	NA	NA	NA	NA	NA	NA	NA	NA	NA	NA	NA	NA	NA	NA	NA	NA	NA	NA	NA	NA	NA	NA	NA	NA	NA	NA	NA	NA	NA	NA	NA	NA
We06409a	We06409a	3.981644733	58.00792941	18.3676913	114.3371334	86.64954227	27.99556458	0.447682968	39.53685761	134.2227909	40.09777683	17.05553663	30.69682989	3.732747788	86.2357784	27.09236792	41.13337335	16.90466993	75.89922106	99.74247002	0.241051899	10.24071915	58.28829117	-0.016918275	58.61513206	-0.022904501	-0.46435705	23.69908255	0.913113663	6.752863656	13.54923281	3.909473915	0.826467854	0.944019871	95.8407462	14.97127769	80.04775398	57.78270539	7.72075806	43.81964265	0.926094462	0.288123611	4.721361502	10.60287758	6.050349828	2.854978276	0.778848834	0.911560572	60.21265598	19.48529023	0.97352688	29.46987519	63.77063898	-0.011218546	61.85598433	0.002402571	2.462872219	22.67126787	NA	NA	NA	NA	NA	NA	NA	NA	NA	NA	NA	NA	NA	NA	NA	NA	NA	NA	NA	NA	NA	NA	NA	NA	NA	NA	NA	NA	NA	NA	NA	87.38836225	112.4533961	72.81091616	63.20506903	323.1711443	312.5478172	88.45457145	110.9019868	72.67293958	63.53794916	326.4479929	307.498478
We06410	We06410	NA	NA	NA	NA	NA	NA	NA	NA	NA	NA	NA	NA	NA	NA	58.00861413	35.13316518	14.36266632	59.32981735	87.71992055	0.037383231	3.544471987	59.18243102	-0.016918093	58.18842629	-0.019533873	0.88716767	28.32237773	0.850240173	2.893028782	8.841071756	3.356924267	0.836393054	0.945109082	88.29982546	19.67876186	104.8860779	75.34029068	20.29401994	41.35808989	1.171636326	-0.27494886	6.86006083	11.53975643	5.338958836	3.192993194	0.826634614	0.908002404	73.42650862	18.03744055	0.913741919	68.28203737	57.21426793	-0.011218467	58.43426981	-0.001402878	0.470599172	29.06902671	7.577754224	21.42901032	13.67741428	6.240762802	6.699231918	14.83623241	27.49303875	NA	NA	NA	NA	NA	NA	NA	NA	NA	NA	NA	NA	NA	NA	NA	NA	NA	NA	NA	NA	NA	NA	NA	NA	NA	NA	NA	NA	NA	NA	NA	NA	NA	NA	NA	NA
We17401	We17401	NA	NA	NA	NA	NA	NA	NA	NA	NA	NA	NA	NA	NA	NA	52.02089955	61.71680622	26.24833769	91.97577052	121.853595	-0.010229524	7.048072693	65.30384959	0.316414882	66.06238519	1.312072032	-0.799888192	29.86746098	0.942391894	8.047076068	13.60199101	3.132255043	0.849284851	0.944179919	69.06475594	13.22129267	107.927271	82.07250051	17.89222415	72.11674539	1.176093808	-0.088822913	5.122885598	12.44910479	7.174348402	3.117231047	0.8188201	0.908144606	91.12862663	16.25634855	0.966555582	78.22826376	64.67903246	0.98878154	65.82949609	0.998592772	0.969009323	26.18506195	NA	NA	NA	NA	NA	NA	NA	NA	NA	NA	NA	NA	NA	NA	NA	NA	NA	NA	NA	NA	NA	NA	NA	NA	NA	NA	NA	NA	NA	NA	NA	NA	NA	NA	NA	NA	NA	NA	NA	NA	NA	NA	NA
We17410	We17410	NA	NA	NA	NA	NA	NA	NA	NA	NA	NA	NA	NA	NA	NA	50.20189419	50.29974537	30.00017696	103.6164674	136.0570406	0.843173031	9.151361755	54.93371321	0.649748244	53.85340252	-0.01974203	0.911760832	32.45259152	0.966651397	7.169105897	14.86238763	3.738587962	0.851815154	0.948388942	89.79467766	16.19035523	128.5193763	95.20375104	26.46357455	55.51256183	2.426096095	0.397975323	6.322380365	12.9937425	5.064783643	3.444452047	0.839832997	0.951428017	87.32902436	11.51762475	0.944599484	68.79847216	52.84872826	0.322114613	52.56657741	0.331927082	1.560697363	33.14871236	NA	NA	NA	NA	NA	NA	NA	NA	NA	NA	NA	NA	NA	NA	NA	NA	NA	NA	NA	NA	NA	NA	NA	NA	NA	NA	NA	NA	NA	NA	NA	NA	NA	NA	NA	NA	NA	NA	NA	NA	NA	NA	NA
We17418	We17418	NA	NA	NA	NA	NA	NA	NA	NA	NA	NA	NA	NA	NA	NA	53.26937483	45.88363135	15.08181802	60.42377358	82.55561101	0.204213578	9.059130559	54.35006045	1.983081611	53.55151455	1.978421096	0.840373384	22.03798983	0.957161432	5.92217398	11.84374073	3.572088555	0.84861263	0.949775972	99.77414895	11.7208451	88.2614875	62.13957254	16.14225535	47.54694481	1.592763754	-0.076593206	9.396139692	11.18497695	5.834142976	3.751072039	0.828925001	0.947661413	103.2893767	14.27194011	0.961795342	81.0875368	53.7574814	0.9887814	54.50414334	1.665262664	1.484691974	26.25077923	NA	NA	NA	NA	NA	NA	NA	NA	NA	NA	NA	NA	NA	NA	NA	NA	NA	NA	NA	NA	NA	NA	NA	NA	NA	NA	NA	NA	NA	NA	NA	NA	NA	NA	NA	NA	NA	NA	NA	NA	NA	NA	NA
We17421	We17421	NA	NA	NA	NA	NA	NA	NA	NA	NA	NA	NA	NA	NA	NA	62.28970681	70.21577113	16.91941223	86.13426664	119.2292758	-0.027693829	9.742485602	54.25010157	-0.016918667	55.80584873	-0.021175816	-1.497881974	33.21258057	0.996028329	4.239985122	14.49679412	3.369118035	0.835052272	0.954466758	73.15663687	11.73730028	106.8037821	75.68674105	9.725527172	81.68550483	1.231650554	0.517211788	6.202536497	11.97902017	5.022824738	3.255932369	0.807546683	0.910405931	70.67684736	14.62658049	0.987674647	41.13538875	54.73695165	-0.011218422	56.9879195	-0.001407244	2.085006351	31.45951949	NA	NA	NA	NA	NA	NA	NA	NA	NA	NA	NA	NA	NA	NA	NA	NA	NA	NA	NA	NA	NA	NA	NA	NA	NA	NA	NA	NA	NA	NA	NA	NA	NA	NA	NA	NA	NA	NA	NA	NA	NA	NA	NA
We17442	We17442	NA	NA	NA	NA	NA	NA	NA	NA	NA	NA	NA	NA	NA	NA	61.83903445	52.88258027	8.951183535	66.69747597	83.5510925	0.04852782	9.264103225	49.72605556	-0.016918223	48.41981588	-0.020150955	1.219217571	16.53559303	0.963041176	3.062165327	10.82150528	3.080971428	0.853060581	0.929443799	72.43742417	15.89676684	109.5121103	81.93773082	9.21778589	53.33368183	1.588297701	1.485431785	4.990564796	12.50549015	4.026153141	3.182732355	0.791358149	0.91814085	68.39561658	19.32370896	0.938677376	20.90884583	52.33097778	-0.004500283	53.81360463	0.002398959	0.45963577	27.83491626	NA	NA	NA	NA	NA	NA	NA	NA	NA	NA	NA	NA	NA	NA	NA	NA	NA	NA	NA	NA	NA	NA	NA	NA	NA	NA	NA	NA	NA	NA	NA	NA	NA	NA	NA	NA	NA	NA	NA	NA	NA	NA	NA
West_Brookfield_white_sweet	West_Brookfield_white_sweet	8.406475695	49.64836439	30.09507993	136.9038805	102.0070372	34.45592234	2.111606205	58.49346972	118.474118	27.63948551	9.095491192	65.12123249	3.449925392	86.98578815	73.01423412	55.38299137	29.73857313	98.32136165	127.8454332	0.524455018	10.44634334	50.69086128	-0.016918154	50.40188983	-0.02319051	0.214086609	29.6548744	0.990734391	6.828491787	12.71246137	3.041756019	0.851799434	0.942041616	73.55718323	11.60321424	119.157846	84.20582197	24.36658244	58.29006687	2.009424428	0.94439947	4.846709055	11.11239431	7.508563325	2.812308606	0.843568593	0.940614744	59.00670076	8.682442224	0.902683226	103.844165	50.18217066	-0.011218866	51.6864724	-0.001408299	2.02803524	34.8675744	NA	NA	NA	NA	NA	NA	NA	569176	44417.33333	45447.66667	113913	498830	3864.333333	624.6666667	4097.666667	359223.6667	8899.666667	351064.6667	11532.33333	598188.6667	302005	239421	171194.6667	251409	451737.6667	51736	179554	159588.6667	20275.66667	146582.3333	17041.66667	90.26304576	157.3333919	67.33598373	32.00499257	274.3146734	231.4269132	90.24193935	155.7818927	67.60734691	32.33788425	272.1137655	226.3775255
Wh00033	Wh00033	8.973674088	51.70461915	32.259635	145.0686146	114.2790171	30.32202704	1.495286088	44.19294068	140.9859384	40.21958816	14.21117212	8.312539129	1.618038774	42.23579173	40.74102968	45.38344225	20.41520536	80.18703279	110.6594732	0.848614581	9.579388888	58.84961873	-0.016918037	59.04825574	-0.01867297	-0.154406885	30.58628452	0.951336337	7.768106913	13.68209551	3.753225729	0.826407112	0.956323618	96.06115907	10.08400544	78.26607965	50.68053865	20.94269057	29.35500342	2.046639557	0.867471425	12.41997434	12.55484134	13.03272576	3.356501549	0.767934307	0.921964017	59.22424534	13.36642648	0.940373883	44.68174537	59.91022523	-0.011218675	60.54346935	-0.00140864	3.147283385	27.48297944	15.33736639	20.77627575	1.5607313	6.994099059	6.621194422	19.87048824	32.15772167	NA	NA	NA	NA	NA	NA	NA	NA	NA	NA	NA	NA	NA	NA	NA	NA	NA	NA	NA	NA	NA	NA	NA	NA	13.06518664	24.41668867	78.18438326	71.80255328	58.03962822	86.1627775	NA	NA	NA	NA	NA	NA
Wh00050	Wh00050	7.97E+00	63.20461915	30.259635	156.5686146	118.7790171	37.82202704	0.495286088	37.69294068	126.2825938	32.97061651	14.06489768	61.64070947	4.324925392	66.48578815	1.604929204	30.99981927	13.7525444	74.32927276	110.5562761	NA	5.749683963	74.42937317	2.40E-07	77.50240579	-0.003125815	-3.02130436	36.89218728	0.94536405	20.9765628	9.861594432	2.347012725	0.828929599	0.957394554	57.27143527	8.533526281	122.0663219	86.53336204	17.44377926	27.65294907	1.671637795	0.464159437	6.794774407	12.23390264	9.032304829	2.742231612	0.805315879	0.905107387	70.69240128	20.03880577	0.9753144	50.74872138	69.75253624	-0.011218664	69.38276626	-0.001408554	3.24136974	35.08755199	14.74754677	19.66910196	1.687038405	5.843223037	6.395514715	21.39305784	37.00049937	684977	59633	6033	124462	157061	28324	1473	3653	118006	153156	327873	82111	123652	4185110	80621	72867	44769	18946	12179	42975	111654	6090	3361	3256	36.02043161	31.44168839	76.19170594	67.39998764	151.8934786	62.88342115	NA	NA	NA	NA	NA	NA
Wh00051	Wh00051	7.042254027	60.27407967	24.45835887	116.3496106	90.00200687	25.85596009	1.029409714	48.55810492	124.8659404	35.34645175	17.56534619	54.17625091	2.470922989	76.98578583	-0.785735064	NA	NA	NA	NA	NA	NA	NA	NA	NA	NA	NA	NA	NA	NA	NA	NA	NA	NA	NA	NA	77.96221347	54.06239892	7.889661831	65.80471396	1.217508179	0.275488356	0.125406475	9.456712498	8.05581035	2.951015288	0.836038756	0.926020703	61.31719504	19.26681397	0.905820542	44.93958691	60.79020424	-0.01232787	62.22759251	-0.00450858	2.710247131	24.2154821	17.83181559	20.89016003	1.678963131	6.27088737	6.085943044	18.87376954	30.51124751	29519	72393	12459	298845	652160	9383	65	93488	415509	5666	13757	2895	24468	166145	573053	9623	539	5312	2140	38464	16738	1206	93476	162	3.921041408	11.6299977	78.38131957	68.50001221	11.01954068	36.92063311	NA	NA	NA	NA	NA	NA
Wh01001	Wh01001	7.145491806	59.19168358	45.14050364	158.9887154	128.4935944	30.49633621	0.707755852	54.12319098	153.6987946	37.27754641	13.4676838	54.43783306	0.148978235	46.11077808	37.08866936	53.46695257	36.15099221	116.3612507	154.5722661	-0.008878294	8.482972945	58.2612624	-0.016918383	57.84020488	-0.024070176	0.499723341	38.47315812	0.843344152	5.252184242	16.65953685	3.844311511	0.838032041	0.940441277	81.00152568	14.25094945	116.1164454	71.73251411	52.0346234	52.5382828	1.296637555	0.542665286	5.172999992	7.250405367	4.806263684	2.7650725	0.8312694	0.929752988	71.5376441	13.75935398	0.946304112	30.18263189	56.98637686	-0.004499954	62.38081797	0.002401118	1.08008592	44.06411205	14.7248745	17.10207339	2.474980242	6.825609677	6.386386596	17.2060427	35.02682497	NA	NA	NA	NA	NA	NA	NA	NA	NA	NA	NA	NA	NA	NA	NA	NA	NA	NA	NA	NA	NA	NA	NA	NA	8.849359011	11.86000169	75.83463326	69.70000452	36.78639384	39.14192201	NA	NA	NA	NA	NA	NA
Wh09087	Wh09087	NA	NA	NA	NA	NA	NA	NA	NA	NA	NA	NA	NA	NA	NA	54.04126546	41.4663906	24.17108111	99.33710922	129.9773079	0.391257034	2.088515704	62.92579007	-0.016918117	62.3643158	-0.02331108	0.521806702	30.45989653	0.848868878	6.42429672	13.42274874	3.875548121	0.823124295	0.947202288	84.41489749	16.16380051	113.5050968	88.27897215	15.82115828	43.97700786	1.509427957	0.097677861	1.063389218	11.29149125	8.199688421	3.515243914	0.815250468	0.93707549	75.13372422	15.94461092	0.883026276	68.40965362	62.49125928	-0.011218491	62.26448738	-0.001404276	3.13640005	25.40756143	15.2565394	21.53863633	2.615539716	6.174192525	6.314890815	20.18985818	36.32858813	NA	NA	NA	NA	NA	NA	NA	NA	NA	NA	NA	NA	NA	NA	NA	NA	NA	NA	NA	NA	NA	NA	NA	NA	NA	NA	NA	NA	NA	NA	NA	NA	NA	NA	NA	NA
Wh10804R	Wh10804R	NA	NA	NA	NA	NA	NA	NA	NA	NA	NA	NA	NA	NA	NA	NA	NA	NA	NA	NA	NA	NA	NA	NA	NA	NA	NA	NA	NA	NA	NA	NA	NA	NA	NA	NA	115.2008381	81.63194273	29.10455041	44.53136426	1.342762982	0.172272409	5.595933457	11.44155843	6.03915078	3.073976925	0.837809282	0.936192411	68.46723713	14.94897861	0.836885557	68.11197546	62.01777473	1.322114654	69.26091059	1.998591961	1.70997307	33.45690473	21.05324311	30.86102651	8.72609706	5.23321639	5.694497847	9.249115666	20.74046325	NA	NA	NA	NA	NA	NA	NA	NA	NA	NA	NA	NA	NA	NA	NA	NA	NA	NA	NA	NA	NA	NA	NA	NA	NA	NA	NA	NA	NA	NA	NA	NA	NA	NA	NA	NA
Wh14022A	Wh14022A	NA	64.33434264	NA	NA	NA	NA	NA	NA	NA	NA	NA	0.140709472	0.224868167	110.7215691	31.3373946	50.21664337	10.15082292	49.33484866	78.55212991	1.208620749	0.270222051	58.55159606	-0.016918637	58.52306141	1.310458002	0.150702207	29.93510949	0.976395046	2.756619997	10.2867815	3.485950569	0.769856673	0.950066632	84.36002605	12.78456822	91.71459937	66.00893022	13.02909319	46.29836154	1.592760153	0.94751735	2.636907111	12.52864382	6.36912441	3.179099986	0.812651622	0.943689147	56.24515676	13.933533	0.912729453	19.5176192	56.95144472	1.322114653	56.47184681	1.331926911	1.077901586	25.78505626	NA	NA	NA	NA	NA	NA	NA	NA	NA	NA	NA	NA	NA	NA	NA	NA	NA	NA	NA	NA	NA	NA	NA	NA	NA	NA	NA	NA	NA	NA	NA	81.85641976	NA	66.18747565	NA	243.7709048	NA	83.40306807	NA	66.04484302	NA	249.700403	NA
Wh14100V	Wh14100V	2.570322768	64.33211856	26.86789228	128.0554624	96.85108937	30.95669396	3.371679088	42.5798031	89.42612539	35.99902467	14.91978553	19.76223566	5.122872501	83.61078555	0.37736703	50.19121072	5.740271498	67.53211781	98.44997902	1.08567565	6.988329111	NA	NA	NA	NA	NA	30.51395052	0.961945589	4.386149248	4.384964492	1.57056548	0.906521092	0.962893351	31.36873272	8.108283876	52.24412551	34.60622487	8.868994713	41.79863908	1.889144243	1.323613199	2.289503355	8.857016589	11.94417134	2.832805583	0.797016051	0.936679501	75.74926358	9.001908665	0.995944593	32.15504281	70.48720382	-0.009000391	69.40017653	-0.002109709	2.497508819	17.4404973	NA	NA	NA	NA	NA	NA	NA	NA	NA	NA	NA	NA	NA	NA	NA	NA	NA	NA	NA	NA	NA	NA	NA	NA	NA	NA	NA	NA	NA	NA	NA	NA	NA	NA	NA	NA	NA	NA	NA	NA	NA	NA	NA
Wh14201N	Wh14201N	9.50174283	64.26265805	79.1691684	200.7744664	167.1280996	33.42276092	0.337555462	40.21463887	125.3543596	45.48482059	15.49234161	73.37669422	0.003454677	52.11077551	2.706410565	56.2082652	21.83776682	74.04310836	100.3526519	0.021124119	4.138359542	64.79364213	-0.055303844	63.27499605	-0.037564085	1.479036658	26.58798899	0.975474501	5.657098603	12.31167917	3.534987807	0.797278971	0.93084556	75.1452463	15.05106784	103.1095443	72.94878823	13.36137794	60.31646167	1.754964574	-0.193430364	5.0224691	10.70297346	6.635562726	3.568294886	0.793432076	0.943482977	79.92341786	9.290735103	0.975301124	21.80692988	64.81050405	-0.004500087	63.72774355	0.002404298	0.208285514	30.32238162	NA	NA	NA	NA	NA	NA	NA	NA	NA	NA	NA	NA	NA	NA	NA	NA	NA	NA	NA	NA	NA	NA	NA	NA	NA	NA	NA	NA	NA	NA	NA	11.95528431	61.51502488	78.31574399	54.90252171	53.97724676	111.7314014	NA	NA	NA	NA	NA	NA
Wh16003	Wh16003	NA	NA	NA	NA	NA	NA	NA	NA	NA	NA	NA	NA	NA	NA	25.63953753	45.63260447	14.70361183	62.42137561	82.98280254	1.061107791	1.400424297	62.62513277	-0.016918497	61.72251397	-0.01792552	0.866901135	20.97174579	0.880480762	4.637084184	11.95136409	3.347949931	0.848964746	0.947796432	87.72507785	16.4313442	91.02426028	69.80845806	16.59296943	53.79040992	1.59275941	1.349088069	2.536902177	10.96925726	5.995287597	3.442130787	0.855687014	0.951996736	74.01444807	13.52974801	0.892629112	56.77518751	57.11175012	-0.011218562	57.80806853	-0.001403415	2.307798558	21.61311378	NA	NA	NA	NA	NA	NA	NA	NA	NA	NA	NA	NA	NA	NA	NA	NA	NA	NA	NA	NA	NA	NA	NA	NA	NA	NA	NA	NA	NA	NA	NA	NA	NA	NA	NA	NA	NA	NA	NA	NA	NA	NA	NA
Wh16008	Wh16008	NA	NA	NA	NA	NA	NA	NA	NA	NA	NA	NA	NA	NA	NA	3.417278224	85.69444202	14.84845722	54.97843237	70.16905078	0.450376112	-1.106796625	70.31784837	0.004548451	70.16519392	-0.029999825	0.162250615	14.96114026	0.855764404	5.116005073	11.0023687	3.598730491	0.780442222	0.930995055	111.3212973	16.57181404	74.67960143	56.24035183	18.20949945	58.73691334	1.259426474	0.551675576	1.373558111	10.37995191	5.888095233	3.478637531	0.78356505	0.938904156	85.21001474	13.23308983	0.958048461	38.48981146	58.38350965	-0.004500029	58.31516025	0.002403355	0.187556976	18.73351099	NA	NA	NA	NA	NA	NA	NA	NA	NA	NA	NA	NA	NA	NA	NA	NA	NA	NA	NA	NA	NA	NA	NA	NA	NA	NA	NA	NA	NA	NA	NA	NA	NA	NA	NA	NA	NA	NA	NA	NA	NA	NA	NA
Wh16012	Wh16012	NA	NA	NA	NA	NA	NA	NA	NA	NA	NA	NA	NA	NA	NA	1.912628891	46.99973327	22.7191525	113.453801	145.8245877	0.960901179	7.760486901	77.19747891	-1.38E-07	79.26541501	0.004664653	-2.017897889	32.07830237	NA	NA	NA	NA	NA	NA	NA	NA	112.0392187	77.94012233	19.54440982	49.16516896	1.014141534	0.090615156	4.545112039	10.76176802	8.406224724	2.976487269	0.798517096	0.920849986	85.02737104	15.43481764	0.830624416	26.28295912	66.56107031	-0.009000189	66.17112441	0.004800757	2.593805244	34.18817716	NA	NA	NA	NA	NA	NA	NA	NA	NA	NA	NA	NA	NA	NA	NA	NA	NA	NA	NA	NA	NA	NA	NA	NA	NA	NA	NA	NA	NA	NA	NA	NA	NA	NA	NA	NA	NA	NA	NA	NA	NA	NA	NA
Wh16015B	Wh16015B	NA	NA	NA	NA	NA	NA	NA	NA	NA	NA	NA	NA	NA	NA	4.650149171	61.60380874	14.09297145	81.34263022	108.2668678	1.01311742	6.379545153	66.37377306	-0.027651627	64.02173566	-0.017833113	2.262243942	27.27859497	0.989678545	4.606915075	6.593108288	3.499177285	0.861411195	0.964314919	104.2103434	12.19884586	76.03591369	56.27216699	11.27407779	48.60347569	1.259423487	0.736732163	0.19262573	9.371396003	9.806107782	3.957008619	0.822689889	0.941057963	99.11445304	15.04385686	0.92934395	33.43674928	58.58987691	-0.011218814	58.16466758	-0.001404998	2.288770597	20.03296582	NA	NA	NA	NA	NA	NA	NA	NA	NA	NA	NA	NA	NA	NA	NA	NA	NA	NA	NA	NA	NA	NA	NA	NA	NA	NA	NA	NA	NA	NA	NA	NA	NA	NA	NA	NA	NA	NA	NA	NA	NA	NA	NA
Wh16042	Wh16042	NA	NA	NA	NA	NA	NA	NA	NA	NA	NA	NA	NA	NA	NA	15.1005865	50.02167097	10.68128234	47.92761369	66.7548461	0.783334857	3.098068139	65.54102229	-0.016918432	65.29048646	-0.024447502	0.200374456	18.54913796	0.943151517	8.785954162	14.66352119	3.131021059	0.801258932	0.915310267	76.82197405	9.822451603	65.01461751	47.48610688	11.9527744	47.32197731	1.249997708	-0.223302451	4.433200704	11.35384349	9.304932177	2.975526593	0.754019392	0.869679928	48.89510213	11.48475212	0.827878836	15.69367	58.0459283	-1.04E-07	61.07086516	4.68E-06	1.945053564	17.96987995	NA	NA	NA	NA	NA	NA	NA	NA	NA	NA	NA	NA	NA	NA	NA	NA	NA	NA	NA	NA	NA	NA	NA	NA	NA	NA	NA	NA	NA	NA	NA	NA	NA	NA	NA	NA	NA	NA	NA	NA	NA	NA	NA
Wh16044	Wh16044	NA	NA	NA	NA	NA	NA	NA	NA	NA	NA	NA	NA	NA	NA	3.968267388	40.70729819	5.91413304	42.82799409	69.55021258	-0.003287441	-1.010937598	69.19307936	-0.055304004	69.7910698	-0.0422913	-0.548557082	25.88750701	0.945481989	3.489990377	6.358146432	2.065318463	0.832107933	0.919948249	53.11326287	13.88133644	180.613046	142.9761476	53.08227697	59.20194277	2.009425942	1.429677225	10.76221287	16.81576526	7.733794587	2.550153054	0.819001431	0.860046981	39.75556669	13.94370289	0.943318975	69.18973038	62.1556596	0.322114691	62.70124187	1.331926255	0.301125115	37.97064127	NA	NA	NA	NA	NA	NA	NA	NA	NA	NA	NA	NA	NA	NA	NA	NA	NA	NA	NA	NA	NA	NA	NA	NA	NA	NA	NA	NA	NA	NA	NA	NA	NA	NA	NA	NA	NA	NA	NA	NA	NA	NA	NA
Wh17027A	Wh17027A	NA	NA	NA	NA	NA	NA	NA	NA	NA	NA	NA	NA	NA	NA	5.252337649	30.200428	8.85240295	81.72031119	115.6625483	1.947496277	12.1423996	66.72555252	0.974622697	67.40420083	0.969333335	-0.70380902	25.43288614	0.837328659	9.231817675	13.22830842	3.554913963	0.836314247	0.953059497	109.6659737	13.47832826	95.77103021	66.59663316	2.441355378	34.79200439	0.967504568	1.023014738	2.581044371	8.55932444	6.945050793	3.145919314	0.826995795	0.939590379	83.71608447	12.19446846	0.951803539	18.18100432	66.178948	-0.01232763	70.71604512	-0.004508149	2.68609607	29.88436424	NA	NA	NA	NA	NA	NA	NA	NA	NA	NA	NA	NA	NA	NA	NA	NA	NA	NA	NA	NA	NA	NA	NA	NA	NA	NA	NA	NA	NA	NA	NA	NA	NA	NA	NA	NA	NA	NA	NA	NA	NA	NA	NA
Wh17031R	Wh17031R	NA	NA	NA	NA	NA	NA	NA	NA	NA	NA	NA	NA	NA	NA	13.37849296	43.91179935	14.85849942	76.7888067	102.2930145	0.090440162	8.640714372	64.94026218	-0.016918446	62.79234211	-0.024931717	2.195053215	25.20502237	0.883999129	4.245753444	12.60104815	3.290157963	0.797646156	0.934031516	87.28038636	14.38617305	110.8883442	89.06273335	17.91640259	43.2029487	1.092761889	0.03983973	9.359321633	11.48580926	5.847447166	2.972520529	0.80228335	0.929338392	66.34661158	9.941300568	0.914079519	52.10678282	62.00934049	-0.01121856	61.95276637	-0.00140703	0.398285384	22.360486	NA	NA	NA	NA	NA	NA	NA	NA	NA	NA	NA	NA	NA	NA	NA	NA	NA	NA	NA	NA	NA	NA	NA	NA	NA	NA	NA	NA	NA	NA	NA	NA	NA	NA	NA	NA	NA	NA	NA	NA	NA	NA	NA
Wh17048V	Wh17048V	NA	NA	NA	NA	NA	NA	NA	NA	NA	NA	NA	NA	NA	NA	7.431683783	64.20058837	7.278999698	85.72031119	69.64590124	1.441770067	0.770876555	76.67689125	-0.025377429	72.87623358	-0.029714173	3.761892423	32.43288614	0.950832444	3.487792297	3.512584345	1.394516934	0.80270022	0.921267694	12.17647973	9.297040613	56.73769746	35.59542265	13.84090144	32.99896315	1.014139146	0.778083903	4.828401053	8.260262381	7.342781098	3.15765582	0.664435484	0.874854254	62.23506136	18.30797768	0.913189068	32.00262806	63.00495315	-0.011218528	63.47559289	-0.001406424	2.340169863	21.2973204	NA	NA	NA	NA	NA	NA	NA	NA	NA	NA	NA	NA	NA	NA	NA	NA	NA	NA	NA	NA	NA	NA	NA	NA	NA	NA	NA	NA	NA	NA	NA	NA	NA	NA	NA	NA	NA	NA	NA	NA	NA	NA	NA
Wh17070V	Wh17070V	NA	NA	NA	NA	NA	NA	NA	NA	NA	NA	NA	NA	NA	NA	7.223786148	51.10341124	18.29643139	98.23031718	129.4193173	0.467231722	4.801927198	59.48421343	-0.055303496	58.89505868	-0.019279675	0.476745707	31.1135547	0.953643248	12.08899015	9.007787332	2.412234386	0.825727859	0.916487808	51.91648136	13.02633138	125.6774813	88.01860208	17.04950694	48.53930371	1.481649785	0.051896318	4.558551938	10.90641285	9.774647409	3.769019898	0.837892974	0.95385223	96.81284796	11.83115034	0.825150115	38.89411999	58.05603081	-0.011218749	59.78617708	-0.00140883	2.693817526	37.62449884	NA	NA	NA	NA	NA	NA	NA	NA	NA	NA	NA	NA	NA	NA	NA	NA	NA	NA	NA	NA	NA	NA	NA	NA	NA	NA	NA	NA	NA	NA	NA	NA	NA	NA	NA	NA	NA	NA	NA	NA	NA	NA	NA
Wh9261	Wh9261	9.995607267	50.47326366	13.61740834	111.2318288	74.72032316	36.32952721	2.132031242	37.88118423	132.7459424	31.47331534	11.91952026	76.93996269	3.210884159	35.11078401	10.3148196	41.13308763	13.84941218	68.52979148	81.36135742	1.50531966	2.011778342	57.94276289	-0.016918404	56.47164801	-0.027017137	1.510264165	31.39529308	0.94499655	5.173978196	13.13162385	3.169474872	0.83951843	0.94505978	87.78816717	11.6386558	90.90044402	63.13861671	10.92187621	41.83322085	1.620537721	0.861252159	2.728857346	11.52956745	4.245552221	2.869327308	0.832779895	0.935672216	54.18530643	9.352010706	0.960771507	44.41289377	53.03337011	-0.011218697	52.88696931	-0.001408473	1.673293439	28.04929236	16.09071381	16.17949471	2.618195936	5.435568932	6.116823784	16.48875941	27.03340545	567823	107319	42980	1544885	4791121	44376	19114	12414	10788257	187288	395909	46405	2231378	599722	1598581	399148	238220	41878	25346	124858	209794	49367	596774	58774	8.025386341	24.74998984	73.73302083	58.80005809	32.19209149	60.07280389	NA	NA	NA	NA	NA	NA
Wh93006	Wh93006	NA	NA	NA	NA	NA	NA	NA	NA	NA	NA	NA	NA	NA	NA	-1.492529931	NA	NA	NA	NA	NA	NA	NA	NA	NA	NA	NA	NA	NA	NA	NA	NA	NA	NA	NA	NA	119.5695703	83.21024314	21.50879584	49.0016242	1.509934852	0.836574874	2.475597903	12.10597079	10.90922649	3.567143337	0.840851653	0.953099018	86.56053914	8.8331523	0.937868914	17.26980937	60.50718916	-0.004499903	60.90432562	0.002402305	1.764849275	36.76678022	13.13238597	17.154486	3.037053428	6.009967077	6.37740251	21.40992307	35.72179087	NA	NA	NA	NA	NA	NA	NA	NA	NA	NA	NA	NA	NA	NA	NA	NA	NA	NA	NA	NA	NA	NA	NA	NA	NA	NA	NA	NA	NA	NA	NA	NA	NA	NA	NA	NA
Wh93016	Wh93016	0.906475695	63.47326366	41.61740834	162.2318288	132.7203232	29.32952721	1.111606205	32.99346972	107.7459424	36.47331534	15.91952026	7.471232489	-0.217963961	33.99998456	-0.363859379	54.20802114	43.78202898	108.4417539	139.2631543	4.002264484	8.602892839	60.03913014	-0.055303451	57.57949349	-0.029997637	2.471162965	30.76142325	0.935158112	3.83073627	13.6830793	3.887470523	0.827544196	0.945696544	143.1371932	11.46036293	110.9390034	82.11272368	17.01707618	41.95172104	1.009428177	0.357302918	3.493180361	6.659097875	5.420311494	2.849171044	0.832549931	0.936729656	79.62660213	13.33426122	0.883448019	45.23182793	68.63091876	-0.011218634	69.1515755	-0.001405171	1.768447692	28.99843838	16.79297158	16.68654842	2.15017488	6.924044297	6.20128525	18.47716693	35.07178987	10423	13663	9926	185909	1039898	9188	112	143316	2085347	3793	33160	2106	81269	107067	406313	13210	3325	5186	2752	63488	42898	10447	108985	1398	NA	NA	NA	NA	NA	NA	NA	NA	NA	NA	NA	NA
Wh93017	Wh93017	NA	NA	NA	NA	NA	NA	NA	NA	NA	NA	NA	NA	NA	NA	24.18888372	36.97085719	11.0599158	63.50657588	91.10670319	0.506790977	3.802941693	61.19867307	0.002274493	62.20496307	-0.009426296	-0.961873811	27.57132309	0.898506546	4.860644453	11.09382887	3.574452436	0.858953947	0.959956415	103.9303176	14.0750977	85.6168518	56.51302317	9.953658409	48.20752343	1.34276548	1.014403743	3.045120175	11.38444715	3.560308562	3.276081413	0.843727565	0.935048077	79.13183808	14.87512038	0.97025399	24.46789946	60.0422393	-0.011218667	59.92972018	-0.001407132	3.395658405	28.58573013	15.6828116	13.98371161	2.871258556	6.534741773	6.382481807	21.39403885	35.02707293	NA	NA	NA	NA	NA	NA	NA	NA	NA	NA	NA	NA	NA	NA	NA	NA	NA	NA	NA	NA	NA	NA	NA	NA	NA	NA	NA	NA	NA	NA	NA	NA	NA	NA	NA	NA
Wh94053	Wh94053	NA	NA	NA	NA	NA	NA	NA	NA	NA	NA	NA	NA	NA	NA	60.08413541	38.29969733	14.55461751	72.74060314	99.47072274	0.83242912	4.467981221	57.946056	-0.016918009	57.67101531	-0.014356008	0.205191977	27.14569188	0.935380028	3.867926209	10.91931044	3.415441926	0.800355288	0.943099549	96.14288793	17.70662758	91.06595931	62.5544553	11.65181435	40.89161243	1.676093585	0.527184753	2.881210692	10.38623491	3.604723603	3.22020149	0.814457954	0.944367499	83.75493125	14.01313791	0.975580104	64.16123685	57.04734607	-0.011218601	57.35397024	-0.001403316	2.349308691	28.555165	13.68569232	18.51289066	1.678727876	5.63618903	6.452292839	20.8784616	30.33132572	NA	NA	NA	NA	NA	NA	NA	NA	NA	NA	NA	NA	NA	NA	NA	NA	NA	NA	NA	NA	NA	NA	NA	NA	NA	NA	NA	NA	NA	NA	NA	NA	NA	NA	NA	NA
Wh95016a	Wh95016a	6.981644733	55.50792941	14.8676913	99.33713345	70.14954227	28.99556458	0.447682968	32.03685761	117.7227909	32.09777683	12.55553663	53.74682989	3.44341303	32.23577506	20.47587755	40.21627254	11.03170791	61.27790975	88.50531415	0.14251498	1.938947907	63.49917423	-0.016918268	62.96172186	-0.024156532	0.535422328	27.18706256	0.885131072	5.1666149	12.96945238	3.519687795	0.828626416	0.940760186	102.1309214	12.32398842	69.15497086	41.32545547	31.00388997	39.63133015	1.426096396	0.828920223	2.95859599	10.55602964	5.162315885	3.255702016	0.817925942	0.911242724	73.53082808	19.56398516	0.913540153	43.38459725	57.30598063	-0.011218584	57.63179868	-0.001408109	1.514682453	27.79618959	15.14686313	15.62064692	3.142575449	6.658830481	6.168910137	17.27164406	26.29957677	NA	NA	NA	NA	NA	NA	NA	NA	NA	NA	NA	NA	NA	NA	NA	NA	NA	NA	NA	NA	NA	NA	NA	NA	10.59090227	35.72669996	76.73598373	46.05250769	44.64525507	70.36843094	NA	NA	NA	NA	NA	NA
Wh96011	Wh96011	8.85844739	59.33434264	20.21996059	113.6698367	84.27434354	28.26166111	0.063783989	35.15085577	93.28259379	31.97061651	15.06489768	34.74070947	NA	NA	-1.266598188	NA	NA	NA	NA	NA	NA	NA	NA	NA	NA	NA	NA	NA	NA	NA	NA	NA	NA	NA	NA	44.62347384	30.69244308	5.704729257	34.78197628	1.343264773	0.322837723	-1.721595838	5.570186085	3.868685093	2.594070585	0.858983326	0.936539521	56.63248168	17.40906918	0.921285401	41.70211516	62.06857102	-0.024655841	68.79421135	-0.002107149	0.790941826	14.25462173	11.71154107	12.9814388	2.835442004	6.152988593	6.780238004	20.08550546	33.30764736	34907.5	11853.5	14279.5	132605	30217.5	6675	90028	2459	1425406.5	9165.5	98459	7106	29545.5	397946.5	1252129	24579	11262	125141.5	12119.5	21490	27920	95595.5	318470	1389.5	-0.16903867	39.84000109	77.63375085	66.50002407	1.055423965	118.9253848	NA	NA	NA	NA	NA	NA
Wh96015	Wh96015	NA	NA	NA	NA	NA	NA	NA	NA	NA	NA	NA	NA	NA	NA	19.1094738	42.10494393	30.07206087	86.99362914	117.5676571	1.711487374	8.702674441	59.17676981	-0.016918334	59.22822226	-0.015596635	-0.113883196	30.60552672	0.868691626	7.53184374	13.51299242	3.923105731	0.83286897	0.951454259	116.6503199	17.96008323	137.6546707	103.7098141	34.59110237	51.26622407	1.814983644	0.036303916	11.31105584	12.19052196	7.427549746	3.537402429	0.810633146	0.908326749	81.164153	20.0049069	0.92136098	47.87947179	64.56893899	0.655448033	67.09266149	-0.001406597	0.820878663	33.51263885	15.89252072	14.89989695	2.133887826	5.834811356	6.465677957	20.28614175	37.94284223	NA	NA	NA	NA	NA	NA	NA	NA	NA	NA	NA	NA	NA	NA	NA	NA	NA	NA	NA	NA	NA	NA	NA	NA	NA	NA	NA	NA	NA	NA	NA	NA	NA	NA	NA	NA
Wh96034	Wh96034	NA	NA	NA	NA	NA	NA	NA	NA	NA	NA	NA	-0.497497711	2.465528814	66.23578097	42.53325073	50.96649531	22.31597485	81.03202849	115.1957161	1.01219353	3.825681868	56.77564371	-0.016918516	54.77742915	-0.022321376	1.869739627	33.91767963	0.949107075	4.123441955	11.83265607	3.034742688	0.851315659	0.944394015	73.00232261	13.78770581	107.6388935	74.29086198	9.593543128	54.82511216	1.592762377	1.567397633	1.827627397	9.545989558	2.982221312	2.621056231	0.808029798	0.925789201	76.61372501	13.46110305	0.85615053	59.33333097	57.06710563	-0.011218426	57.6734311	-0.001406955	1.480360671	32.99047214	15.43315305	21.18334875	2.227172315	5.910132488	6.209139453	19.06464742	32.13625371	NA	NA	NA	NA	NA	NA	NA	NA	NA	NA	NA	NA	NA	NA	NA	NA	NA	NA	NA	NA	NA	NA	NA	NA	NA	NA	NA	NA	NA	NA	NA	NA	NA	NA	NA	NA
Wh98044	Wh98044	4.00174283	56.76265805	21.6691684	134.7744664	94.12809956	39.42276092	1.337555462	37.71463887	120.8543596	37.98482059	17.49234161	31.12669422	NA	NA	40.22424956	41.46705921	16.15362932	77.63485672	115.8623663	0.76201554	4.199716679	60.21406034	-0.016918242	59.44752109	-0.016290699	0.828739451	38.34011495	0.908992695	7.015575128	13.25637229	3.810818978	0.815765838	0.939956015	112.9009645	14.9228073	114.2096327	79.73431136	17.46087949	37.16790243	1.759427044	0.6013617	5.120850149	12.08875204	11.06914823	3.50960198	0.812946399	0.930522445	77.24158071	9.976989873	0.954851627	27.85749696	58.71849609	-0.011218604	58.27993565	-0.001404414	2.658448353	34.64639361	17.21049385	16.90918413	2.384391597	7.672458481	6.207581291	21.27052396	38.93267287	NA	NA	NA	NA	NA	NA	NA	NA	NA	NA	NA	NA	NA	NA	NA	NA	NA	NA	NA	NA	NA	NA	NA	NA	NA	35.17999208	74.91574399	69.89998764	NA	116.877062	NA	NA	NA	NA	NA	NA
Wh98063	Wh98063	3.995607267	61.47326366	16.61740834	97.23182876	72.72032316	24.32952721	2.132031242	47.88118423	NA	NA	NA	15.17123249	3.187706521	76.86078492	55.75649695	43.88358988	17.81245628	81.77324206	106.458485	0.373160113	6.834763518	52.14989904	-0.016918335	50.7001083	-0.025998325	1.49878816	24.29945125	0.945507078	6.593088645	13.46663416	3.307190904	0.813662312	0.935231559	77.65390974	12.07105976	99.82707306	73.20381306	20.11213558	52.38167421	1.759428011	0.521690018	4.884064188	14.19622308	7.852261524	3.42580268	0.809997477	0.929977733	48.38239753	13.60948574	0.905644038	97.86337881	52.47644879	-0.01121869	52.39754071	-0.001406322	1.759194097	26.75620841	16.27250432	16.1122817	2.446436915	5.0973622	6.034130284	17.96315755	29.9814793	780634.3333	128862	124753.6667	1943713.667	6623242.667	195094	1118	2440657	28382734.33	215965.3333	192946	30851	115955	883441.3333	3267319.333	160136.3333	17478.66667	41603.33333	30602	265284.6667	156962.6667	122907.6667	1240509	6726	NA	NA	NA	NA	NA	NA	NA	NA	NA	NA	NA	NA
Whipples_White	Whipples_White	1.117423064	60.13364469	12.23097024	95.28286352	64.64451194	30.89560233	5.365486478	43.6014928	90.97146377	33.55606815	10.01558206	8.151848313	NA	NA	35.67928075	34.30038902	18.12617853	65.77126369	92.83709821	1.737507113	6.546983023	54.42076552	0.649748333	53.48118779	-0.021683515	0.873584297	26.44656849	0.970624339	5.052988055	6.481897294	3.346121802	0.846425929	0.939221885	92.43838848	15.96199179	91.62927057	60.84948466	14.4442575	41.27864756	1.426094718	0.863657525	3.630941142	6.95343795	6.493249149	3.331916247	0.807750806	0.925103655	78.04745522	18.16879114	0.986986424	85.30120397	53.59804476	0.988781294	54.43695521	-0.001408452	2.19666011	31.09586422	NA	NA	NA	NA	NA	NA	NA	NA	NA	NA	NA	NA	NA	NA	NA	NA	NA	NA	NA	NA	NA	NA	NA	NA	NA	NA	NA	NA	NA	NA	NA	NA	NA	NA	NA	NA	NA	NA	NA	NA	NA	NA	NA
Whipples_Yellow	Whipples_Yellow	10.14503827	53.19097346	41.11837622	174.8790961	135.9818556	38.58386072	1.611326934	41.27842197	125.4261254	45.99902467	12.91978553	77.88450863	3.832063083	130.9857765	51.76699546	54.21670786	26.55771397	108.0263452	139.8148964	1.139325895	11.41241134	53.55260682	1.983081742	55.67646992	1.310647036	-2.137939514	32.19460952	0.911722641	9.134354933	13.50973536	3.931363441	0.793684427	0.941424012	99.51692659	23.50307342	132.0215259	91.46253882	21.82937692	49.73656044	1.89831376	1.952093168	9.899671621	13.49539386	9.482436242	3.597045831	0.79191265	0.922109051	79.62882733	14.7564054	0.954878592	59.70209317	54.63013363	1.988781461	58.38395744	0.331927614	3.222975772	40.28183882	NA	NA	NA	NA	NA	NA	NA	NA	NA	NA	NA	NA	NA	NA	NA	NA	NA	NA	NA	NA	NA	NA	NA	NA	NA	NA	NA	NA	NA	NA	NA	85.45119458	85.71669042	64.72766742	61.82755694	193.8628145	217.847408	85.29222021	84.94087039	64.88835788	61.99400571	195.570339	215.322613
Wu00801	Wu00801	2.817344123	66.07890387	26.39635606	153.6228845	117.2840474	36.4219893	3.077482578	54.62830549	122.474118	35.63948551	14.09549119	11.13569105	3.003452103	103.2357769	41.44902163	65.38356307	30.72175449	107.0259283	141.4506825	0.643117873	8.862648441	59.45890473	-0.027651879	63.04870781	-0.02272531	-3.730038578	34.39701369	0.934580714	7.381384216	11.6405469	3.484393376	0.842483451	0.905343408	85.98328575	19.20871137	128.3218437	93.54830418	19.59740723	63.06835304	1.17609715	0.984898912	8.079421417	9.692736295	8.225550618	3.700921874	0.827537918	0.935816017	89.96981169	22.63697189	0.941364594	80.73598998	60.77532324	-0.011218597	64.85232842	-0.001407856	1.885700178	34.78153486	14.70697505	27.96808064	13.16456187	4.764781808	5.157031116	8.654723488	18.82016419	NA	NA	NA	NA	NA	NA	NA	NA	NA	NA	NA	NA	NA	NA	NA	NA	NA	NA	NA	NA	NA	NA	NA	NA	76.53739101	164.9116989	71.8991959	61.70249448	275.0375098	297.0427158	77.84381976	164.1360432	71.7588913	61.86892706	279.6406832	291.9933766
Wu00802	Wu00802	NA	NA	NA	NA	NA	NA	NA	NA	NA	NA	NA	NA	NA	NA	39.35342634	44.5493972	14.33895449	72.1010568	104.5763625	0.691213481	5.012544637	69.73008429	-0.016918267	70.6657697	-0.018084122	-1.098708098	32.0165015	0.853078473	7.587827089	10.92034302	3.225008433	0.784358484	0.920232077	84.19914341	13.97078698	118.7901435	82.28254085	17.13650288	49.80358349	1.842760516	0.392593102	7.980838005	10.83020501	8.55444225	3.504907224	0.843650721	0.952652187	79.75171279	9.951337796	0.935547639	88.35357313	60.90855982	-0.011218638	62.440059	-0.001405075	2.514804391	36.72928985	12.78699827	29.14517533	16.38486565	3.788730089	4.589780063	9.570580227	14.84011164	NA	NA	NA	NA	NA	NA	NA	NA	NA	NA	NA	NA	NA	NA	NA	NA	NA	NA	NA	NA	NA	NA	NA	NA	NA	NA	NA	NA	NA	NA	NA	NA	NA	NA	NA	NA
Wu99811	Wu99811	9.50174283	60.26265805	47.1691684	194.7744664	156.1280996	37.92276092	2.837555462	38.21463887	139.3543596	27.98482059	13.49234161	73.37669422	7.503917462	91.1107725	36.04804428	48.69940344	38.10579813	124.5868161	165.439025	2.009058379	8.857203407	64.35141546	0.64974841	62.25809995	0.646535483	2.1679432	40.88903401	0.899034552	10.99166261	16.0619974	3.879741016	0.835107495	0.943814956	89.150863	16.61415078	165.8455572	122.5031686	32.5060184	42.78176051	1.509428824	1.150593745	4.23067575	14.89218024	7.582518561	3.127525919	0.855260966	0.940858314	60.5881135	14.03246032	0.914946853	62.63157996	62.33043675	-0.011218559	62.09079127	-0.001402844	2.018621599	43.24012725	14.86083531	30.58218893	16.13883942	4.614119616	4.249332106	4.803512005	14.44248956	NA	NA	NA	NA	NA	NA	NA	NA	NA	NA	NA	NA	NA	NA	NA	NA	NA	NA	NA	NA	NA	NA	NA	NA	97.18776075	111.571687	73.72809538	54.50256288	365.8632154	247.1273261	96.46564273	110.7957958	73.73512223	54.66899224	362.5500686	244.6024091
Wu99823	Wu99823	2.50174283	65.33434264	19.1691684	122.2744664	89.12809956	32.92276092	0.611326934	59.21463887	115.2825938	38.97061651	16.06489768	19.57669422	3.100734349	68.86078106	8.992151669	61.42907444	14.68449305	68.83257901	102.0522278	2.84980571	2.398094518	66.2217519	0.002274124	65.9411388	-0.009326752	0.101107608	33.62788457	0.909415467	9.463065303	11.82512301	3.327449475	0.828567139	0.935344345	93.46461202	15.45320885	104.124256	71.63110151	21.40639064	54.27995362	1.842762053	0.745984133	3.411684427	11.98415828	8.426471896	3.684185532	0.799830486	0.911456944	96.313819	28.66663714	0.908674527	66.06885657	58.12865879	-0.011218647	58.03610432	-0.001405615	2.032780812	32.21535324	11.17844049	28.3800556	16.89437453	4.208844106	4.683423771	10.43251207	18.79682906	33173	16201	5240	59364	322498	12420	159	740	853470	4528	96677	3876	30645	38270	135874	9968	218829	16357	9552	112622	146909	4053	80550	889	NA	NA	NA	NA	NA	NA	NA	NA	NA	NA	NA	NA
Wuh07183i	Wuh07183i	NA	NA	NA	NA	NA	NA	NA	NA	NA	NA	NA	NA	NA	NA	77.0332134	64.21555075	17.65796095	93.97353689	122.9137842	0.52094278	8.225276834	51.56184058	-0.016918302	50.37635503	-0.021556278	1.194385552	28.65125214	0.949324454	5.368080224	10.51973961	3.022453537	0.844641611	0.935221038	73.45405737	15.31311585	134.5813558	98.58479568	14.4063308	51.8456331	1.671633902	0.329411353	3.824270973	11.79510503	5.432426239	2.99244347	0.803282018	0.926218905	68.75453178	9.339497414	0.934747702	66.89378869	50.94836661	-0.01121855	51.81470404	-0.001406177	2.517592187	36.43257338	15.82857877	17.81054913	2.427963397	5.698212059	6.244507956	19.05914963	28.58461054	NA	NA	NA	NA	NA	NA	NA	NA	NA	NA	NA	NA	NA	NA	NA	NA	NA	NA	NA	NA	NA	NA	NA	NA	NA	NA	NA	NA	NA	NA	NA	NA	NA	NA	NA	NA
Wuh09188i	Wuh09188i	NA	NA	NA	NA	NA	NA	NA	NA	NA	NA	NA	NA	NA	NA	26.04194596	55.46608162	17.28563675	61.34209396	87.19732017	1.0578677	7.671621106	57.86748553	-0.016918342	57.32269383	-0.021200489	0.538559962	25.81967234	0.972299164	4.383578593	13.23633429	3.669943239	0.843157229	0.953295161	98.41951956	17.67411632	74.94287766	50.94878823	7.736377937	51.81646167	1.588297907	0.973236303	6.939135767	11.40144935	5.978443947	3.272018118	0.799192796	0.933870421	93.14622534	13.38298832	0.964271276	26.24230738	55.31050405	-0.004500087	55.72774355	0.002404298	1.958285514	24.15571496	19.38466831	15.72038665	3.276435906	5.250495476	5.286487456	17.43731552	30.88803514	NA	NA	NA	NA	NA	NA	NA	NA	NA	NA	NA	NA	NA	NA	NA	NA	NA	NA	NA	NA	NA	NA	NA	NA	NA	NA	NA	NA	NA	NA	NA	NA	NA	NA	NA	NA
Z07_001	Z07_001	3.473674088	68.70461915	73.259635	241.0686146	188.7790171	51.82202704	1.995286088	38.19294068	155.1342661	33.59510233	9.638034901	27.09070947	5.105925768	108.9441074	65.94241142	44.05046547	60.16367833	147.5035118	196.9740144	2.999720861	10.2542992	64.46036267	1.316414986	68.57107493	-0.01748289	-4.117438854	49.56014553	0.940929299	12.66253889	15.04768264	2.598883768	0.820430555	0.925958309	58.77017777	18.88141878	213.9308691	161.864876	71.26276698	44.18891119	1.259426432	2.97234141	11.64033302	11.29837387	10.73516432	2.070586221	0.839759638	0.905072059	48.86706338	16.20812848	0.97528166	81.48974778	69.10967717	-0.011218416	71.51003184	0.99789188	1.739232172	51.88712679	NA	NA	NA	NA	NA	NA	NA	163194.3333	47609	86997.33333	800216.6667	2852212	647618.6667	229962.6667	80522	4756778	52244	50105.33333	309598	1052741.667	310094	735225.3333	303575.6667	19513	28973	7374.666667	145163.3333	72675.33333	43544.33333	881409.6667	34856.66667	68.00302515	116.4616932	70.19338669	55.8025715	228.8763031	264.6685706	NA	NA	NA	NA	NA	NA
Z07_002	Z07_002	NA	55.57890387	NA	NA	NA	NA	1.091181167	NA	NA	NA	NA	-0.414308948	NA	NA	11.06176366	25.95802114	74.53202898	140.4417539	192.0131543	1.252264484	6.602892839	NA	NA	NA	NA	NA	51.51142325	0.993780202	11.00294752	15.80033781	2.077340606	0.816000863	0.794895045	44.02415471	18.20937041	187.4525804	142.4388337	73.77407779	36.15903125	1.426090154	1.625621052	7.053736841	12.59147566	11.28647562	2.399973704	0.845603783	0.922765105	40.52816911	9.930375219	0.946613543	89.84700569	63.92321024	-0.011218814	74.83133424	-0.001404998	1.399881708	45.28296582	NA	NA	NA	NA	NA	NA	NA	NA	NA	NA	NA	NA	NA	NA	NA	NA	NA	NA	NA	NA	NA	NA	NA	NA	NA	NA	NA	NA	NA	NA	NA	10.54043768	NA	80.14448785	NA	55.64446404	NA	NA	NA	NA	NA	NA	NA
Z07_003	Z07_003	NA	NA	NA	NA	NA	NA	NA	NA	NA	NA	NA	NA	NA	NA	71.33301477	28.71653303	65.21837018	131.8855069	173.0270769	2.599741851	14.0161633	68.33131316	1.316415281	71.48677747	1.984899684	-3.152545972	41.49287929	0.895951411	11.74092089	17.45896889	3.293748296	0.835962244	0.945590023	63.36345442	18.43590267	165.426779	127.1303635	63.59989657	29.66668978	1.092504116	2.654182197	10.66809494	15.3414891	11.16373745	2.651228484	0.816229397	0.929209964	40.25896959	13.75311568	0.939779273	54.48753796	73.25607572	0.655448214	69.22571946	0.331923971	1.829903027	38.26181425	NA	NA	NA	NA	NA	NA	NA	NA	NA	NA	NA	NA	NA	NA	NA	NA	NA	NA	NA	NA	NA	NA	NA	NA	NA	NA	NA	NA	NA	NA	NA	NA	NA	NA	NA	NA	NA	NA	NA	NA	NA	NA	NA
ZapaloteChico	ZapaloteChico	4.617423064	60.63364469	48.23097024	153.2828635	119.1445119	33.89560233	0.365486478	46.1014928	105.9787011	40.88782815	15.11337709	35.10184831	NA	NA	13.06298068	46.96735333	36.08068261	73.4418674	105.0927098	0.315640296	6.309876712	68.81385359	0.002274334	68.29297826	-0.016251926	0.566858363	31.847367	0.890961289	6.607103076	9.962340471	3.631358149	0.801150658	0.945908478	117.0272342	23.31374509	124.334289	91.76061116	34.71788704	58.42622782	2.092761153	0.122247449	12.1758801	9.133583736	5.852584939	3.666588521	0.779344674	0.943001082	92.64660118	14.4868753	0.940901134	40.7383162	63.20339612	-0.004500188	63.37135306	-0.001406863	0.292271662	32.62224922	NA	NA	NA	NA	NA	NA	NA	58847	95461	14604	404018.5	451951	52499	5136.5	159581	301394	6090	145462.5	28967	412420	345965.5	366423.5	191480.5	86118.5	24108	116731	14524	85319.5	10101.5	249755	14264	11.70747146	26.63169375	73.18260854	53.90254002	44.33037958	56.52702748	NA	NA	NA	NA	NA	NA
Zarya123	Zarya123	9.995607267	49.47326366	41.61740834	148.2318288	113.7203232	33.32952721	1.132031242	50.88118423	123.7459424	34.47331534	9.919520259	76.93996269	NA	NA	81.84099035	47.13332565	26.37804945	86.19274918	116.0227375	0.258220536	8.682110745	46.7010923	1.983081569	48.26365788	1.974803321	-1.507639	29.64891819	0.934836933	5.565661215	14.05527574	3.54234772	0.841379553	0.933990774	71.5414693	17.67547608	104.9537883	75.3858523	16.90723264	44.05369227	1.176095307	0.794426207	3.71382212	13.04315264	7.053316002	3.284039275	0.79373451	0.917133179	67.8329775	12.4813054	0.926587079	60.03226202	51.95105758	1.6554481	51.57833016	0.665263615	1.897707003	29.64205411	NA	NA	NA	NA	NA	NA	NA	17190.33333	77786.66667	99776	846957	1374312	83973.33333	423.3333333	32914.33333	3493485.333	77519	345763.6667	13105.33333	958241	400432.3333	954196.6667	421186.3333	587019.6667	50493	61811.33333	260856	276804	48787.33333	873300.3333	26962.33333	94.89508898	158.4833853	70.96717105	41.90511893	312.7244708	274.5803501	NA	NA	NA	NA	NA	NA
we04806	we04806	6.981644733	51.50792941	18.3676913	121.3371334	88.64954227	32.49556458	0.447682968	53.03685761	140.7227909	37.59777683	13.55553663	53.74682989	4.240198792	111.3607862	79.38410701	55.96696514	25.59395827	90.34136296	121.1241551	0.039483715	7.249903627	53.29020931	0.649748471	56.51940984	0.31224715	-3.164533808	30.3641964	0.901927635	6.281394034	13.61560055	3.591319684	0.844627399	0.947331386	91.4308232	18.71173352	107.2640724	76.06645589	12.25493091	56.31732884	1.426099547	0.497612064	5.689211438	13.00383135	7.725428409	3.427902876	0.78545203	0.905337726	86.67350417	19.24516886	0.92796127	74.55581902	55.55864027	-0.011218548	56.90782953	-0.00140552	2.343969708	31.01405753	NA	NA	NA	NA	NA	NA	NA	NA	NA	NA	NA	NA	NA	NA	NA	NA	NA	NA	NA	NA	NA	NA	NA	NA	NA	NA	NA	NA	NA	NA	NA	120.6604377	136.5533818	72.94448785	58.90505002	439.7578485	338.7289766	120.0471445	135.0017035	73.07848305	59.23797738	436.1203542	333.6791724
we04819	we04819	8.570322768	56.83211856	26.86789228	115.5554624	90.85108937	23.95669396	0.871679088	37.0798031	97.58603391	36.73617001	13.9196529	65.86223566	0.4333742	53.23577325	31.43974414	43.79944581	14.2974175	57.21588503	80.61429841	0.458561003	3.568230442	64.64260189	-0.016918414	63.92001008	-0.015629308	0.567086798	23.4299152	0.858644022	5.996313345	10.75101661	3.492952624	0.835413242	0.943079563	94.13398244	21.91829028	97.31649676	72.21076454	19.37480512	54.14677358	1.842759695	0.223257473	9.942639469	10.61999518	4.63754097	3.488578594	0.820911723	0.940562384	101.1159717	18.88540962	0.915400186	64.44001676	56.0447331	-0.004500044	61.38153896	0.002400569	2.786030289	25.38412315	NA	NA	NA	NA	NA	NA	NA	20553.5	503828	251767	2612777.5	3922812	50483.5	349	153508.5	11109143	54585	132531	49067.5	69392	1492077.5	2186530.5	72707.5	128116	657072.5	25430.5	385126	368761.5	238680.5	762014	2862	98.86538634	NA	71.63302083	NA	349.5686512	NA	99.30081795	NA	71.63722185	NA	350.949712	NA
we05407	we05407	6.837895756	52.07890387	9.39635606	76.62288449	56.78404739	19.9219893	0.577482578	45.12830549	NA	NA	NA	53.43569105	2.22480947	53.24999201	77.36803446	50.63336711	17.53430186	77.32128047	103.0839294	0.060218589	7.33723723	47.66999953	1.316415097	46.14550779	1.314783836	1.519629425	25.76568552	0.969501758	6.544758661	12.58004744	3.725128927	0.792117065	0.93890232	109.3826653	15.68171863	69.6394381	49.47792811	9.662014674	50.80604299	1.3149868	0.087559138	3.327794317	7.874410612	3.386565342	3.093349214	0.832993688	0.927796738	81.76661676	14.95118184	0.876319211	74.64571488	49.58366956	0.988781357	50.55930509	1.66525999	0.115898386	19.95256523	9.600730117	20.09051762	11.26154864	6.829342586	6.844112019	16.27305319	28.8828495	NA	NA	NA	NA	NA	NA	NA	NA	NA	NA	NA	NA	NA	NA	NA	NA	NA	NA	NA	NA	NA	NA	NA	NA	68.30641976	94.55000177	72.28747565	61.29991993	249.8647421	244.3152418	69.85306807	94.55009948	72.14484302	61.29990497	255.7942403	244.3153988
we05410	we05410	10.14549181	48.69168358	18.14050364	126.9887154	90.99359444	35.99633621	0.707755852	81.12319098	130.9714638	35.55606815	12.01558206	77.53783306	1.713218802	56.11079041	60.66775194	70.54970417	22.59175657	104.9052353	133.3219941	0.027918133	8.240312782	50.45648968	1.983081628	50.22130554	1.976974756	0.199063428	28.16547943	0.989540071	5.529294395	12.62451558	3.282715897	0.850546569	0.934175127	74.63433041	13.30475436	130.9396472	93.28437695	17.24240145	61.35765716	1.092505593	0.220824698	3.061989637	12.4502195	6.154532033	3.130795455	0.815194394	0.919261463	59.96979521	15.62408606	0.898323138	49.84657738	51.20408058	0.98878135	52.13559847	1.665259367	1.317739814	37.70329483	8.106702393	20.09354029	13.09781773	6.857888276	7.411912579	19.57194779	33.36675741	NA	NA	NA	NA	NA	NA	NA	NA	NA	NA	NA	NA	NA	NA	NA	NA	NA	NA	NA	NA	NA	NA	NA	NA	52.55260614	109.1066958	72.03066089	54.1025475	194.2378184	240.3385149	51.98085582	108.3309612	72.10991094	54.26898798	192.8447715	237.8138913
we07403a	we07403a	8.070322768	52.83211856	14.36789228	107.5554624	78.85108937	28.45669396	0.871679088	41.0798031	117.0860339	34.23617001	13.4196529	62.06223566	3.46681265	106.9857834	79.51674085	32.21669594	13.18079819	63.43107735	97.94518541	-0.032262015	1.778262714	53.42730787	-0.016918361	52.29445457	-0.021536789	1.188062083	34.43616063	0.948476021	9.866355644	12.06580883	3.230787001	0.866317646	0.953150721	82.09422873	9.605591776	83.72244151	57.94470039	7.712541339	26.08121073	1.046631325	0.609074531	1.510073779	12.06148511	9.039965126	3.670300518	0.826469814	0.950370076	88.37518988	11.68030109	0.905198021	76.99500173	55.36320084	0.322114767	55.35482391	-0.001405636	2.478479133	26.09115529	NA	NA	NA	NA	NA	NA	NA	NA	NA	NA	NA	NA	NA	NA	NA	NA	NA	NA	NA	NA	NA	NA	NA	NA	NA	NA	NA	NA	NA	NA	NA	38.04183112	69.72669344	76.1638546	60.20254575	179.4575409	161.1917427	37.41756297	68.95088445	76.18338972	60.36899061	177.2524987	158.6668305
we08405	we08405	10.98164473	52.00792941	24.3676913	125.8371334	101.6495423	24.49556458	0.447682968	41.03685761	138.7227909	30.09777683	12.05553663	84.49682989	0.922364393	91.86077043	67.8598283	47.71588117	28.95583449	109.4979104	131.5235047	0.111803667	11.64946193	54.96140159	1.983081618	52.57373038	1.979902181	2.234253088	21.78417133	0.99953741	4.843398396	13.83194492	3.053908546	0.825475108	0.905411614	68.90664242	12.84996589	106.6614892	79.19874556	11.71572482	44.24726418	1.509427606	1.336626182	6.147439289	11.91324547	7.778316014	3.258168476	0.805921944	0.918448787	67.00204184	17.12092851	0.916998586	50.64417365	54.1212197	1.65544815	54.42572484	1.665260156	1.54447275	27.56192966	NA	NA	NA	NA	NA	NA	NA	NA	NA	NA	NA	NA	NA	NA	NA	NA	NA	NA	NA	NA	NA	NA	NA	NA	NA	NA	NA	NA	NA	NA	NA	64.119364	90.65000281	70.79754918	50.30001735	217.9543245	182.394375	63.24780441	90.6500497	70.88947447	50.30001562	214.6252807	182.3945073
we08408	we08408	9.817344123	52.82346511	30.57275153	126.5759323	87.29375124	38.58231748	0.091181167	34.10575522	86.474118	32.63948551	13.09549119	76.40250229	2.258479316	116.8191167	57.55579736	46.30047896	23.86479731	81.69571894	109.1551412	0.001664193	6.997063261	55.82195026	-0.016918414	56.91842732	-0.02630294	-1.118541381	27.5373609	0.89467055	7.153929367	11.63012689	3.558787954	0.847936925	0.954654337	104.2959597	11.36905692	106.3064389	76.51718245	14.07238045	50.21194151	1.092760051	0.72231114	6.323848085	11.2049902	5.751771354	3.197333944	0.821079384	0.943825578	81.60022671	17.43632886	0.886049919	84.0263719	54.58995817	-0.011218381	56.5216673	-0.001406078	2.364891827	29.4914695	12.74893656	29.5795397	16.34309525	4.238438665	4.981615073	13.156987	20.77295934	NA	NA	NA	NA	NA	NA	NA	NA	NA	NA	NA	NA	NA	NA	NA	NA	NA	NA	NA	NA	NA	NA	NA	NA	122.4430458	NA	69.43598373	NA	396.1078127	NA	122.4219393	NA	69.70734691	NA	393.9069048	NA
we08414a	we08414a	NA	NA	NA	NA	NA	NA	NA	NA	NA	NA	NA	NA	NA	NA	58.53090692	56.71559283	17.36640546	75.24777977	105.3161628	0.182508581	11.5650512	56.50421145	-0.016918263	55.84259356	-0.018133535	0.551165512	29.912741	0.89472516	6.389901278	13.71572748	3.632981218	0.849009393	0.95029161	98.17466213	19.67267969	102.8735599	69.10571112	12.54636733	53.70307764	1.092758806	0.498345644	13.24467236	11.46101418	8.445600204	3.11312818	0.784017033	0.896560224	68.65309595	17.68883742	0.947709935	42.98952374	55.54994369	-0.011218498	57.05885151	-0.001408996	3.600810481	33.68756643	10.78483365	29.44644352	18.53589504	4.229099222	4.622857164	12.29999517	20.00460723	NA	NA	NA	NA	NA	NA	NA	NA	NA	NA	NA	NA	NA	NA	NA	NA	NA	NA	NA	NA	NA	NA	NA	NA	NA	NA	NA	NA	NA	NA	NA	NA	NA	NA	NA	NA
we08417a	we08417a	9.50174283	54.76265805	25.1691684	132.2744664	101.1280996	29.92276092	0.837555462	46.21463887	127.3543596	38.98482059	17.49234161	73.37669422	4.611883055	73.9857778	49.73852349	47.46681131	15.01665834	77.76963619	99.52361217	-0.044254564	5.392755119	62.66676638	-0.016918529	61.32738887	-0.023539026	1.480166032	21.97977392	0.93864133	5.686853096	12.2326596	3.407869834	0.852227292	0.957492326	100.9892633	14.87813601	93.44189023	58.489801	44.75553028	54.13748357	1.592760873	0.348636219	6.70444515	12.02673292	6.8185242	3.605087734	0.835230601	0.941938741	89.23543078	15.41590556	0.922023483	92.13246874	57.93882094	-0.011218651	58.7786289	-0.001407039	2.7584792	34.96000631	11.16644104	30.41821237	18.99552656	4.507442686	4.515318713	8.977862969	17.45903038	1653	9959	28648	50043	445744	6275	16	6957	2388267	5033	292036	2341	28862	151880	597275	8404	39235	408623	34383	141130	124772	4047	155196	1248	83.15526075	119.841687	69.90309538	56.30256288	273.3745303	276.5815864	82.43314273	119.0657958	69.91012223	56.46899224	270.0613835	274.0566694
we08424	we08424	10.61742306	52.13364469	8.73097024	97.78286352	75.64451194	21.39560233	-0.134513522	52.6014928	106.4787011	32.38782815	12.61337709	81.20184831	3.634106357	60.47155156	62.88108887	49.4662874	7.546024703	51.4662263	66.34452116	0.247393588	8.073182203	56.18813632	-0.016918089	55.57309227	-0.022212308	0.554792325	14.74147924	0.903554869	3.478357643	10.89213935	3.62061561	0.786025221	0.931640048	93.30072625	23.81208359	46.06296338	31.35294467	3.529248612	54.30702736	1.092761156	-0.229947682	4.369345421	11.20476764	5.400993092	3.33262714	0.766211677	0.926535262	60.29899613	12.27951285	0.880411311	39.78653093	57.10291041	-0.011218528	57.70767387	-0.001409006	1.074143184	14.89957388	NA	NA	NA	NA	NA	NA	NA	NA	NA	NA	NA	NA	NA	NA	NA	NA	NA	NA	NA	NA	NA	NA	NA	NA	NA	NA	NA	NA	NA	NA	NA	61.84246896	88.80669319	75.05115058	52.0025336	248.4762463	198.7856136	62.67568679	88.03096923	75.13390931	52.16897392	251.2258674	196.260913
we09402	we09402	11.90647569	52.64836439	26.59507993	122.9038805	86.0070372	36.95592234	2.111606205	47.99346972	107.6100302	38.55640042	14.00750573	92.07123249	2.070018847	57.11077926	30.69096099	48.22211458	13.8790892	64.68971055	95.25660685	0.489106847	6.059502301	61.8619936	0.002274286	61.60844086	-0.011450383	0.120638806	30.57518112	0.902333421	6.263614707	13.07918229	4.223330035	0.848080398	0.954087142	120.2872638	18.25763297	102.4090858	71.91547343	17.3561996	34.14216747	1.546636326	0.269133402	5.54340114	12.32693484	4.625796988	3.776204834	0.831513489	0.94333868	83.57520185	13.12771777	0.919379967	73.09620701	56.0914544	-0.0112185	56.28737018	-0.001403412	0.768508437	30.80484726	8.042506513	22.93146834	15.15692585	5.717599391	6.030240811	15.6233554	27.09132106	130672.5	56526	36605.5	792656.5	1526112.5	15304.5	7211.5	14432.5	5162100.5	55482.5	361472	58754.5	478186.5	2649365	3164077	165280.5	115513.5	64505.5	69495	69156.5	372447	27034.5	525671.5	7534.5	64.17073955	93.32668975	77.16290371	48.50253111	276.8729369	181.6294076	62.97067286	92.55083817	77.21875599	48.66898314	273.2193827	179.1044971
we09413	we09413	7.973674088	55.70461915	27.259635	150.5686146	116.7790171	33.32202704	2.495286088	41.69294068	110.1342661	38.09510233	11.6380349	61.64070947	4.791840751	97.36076839	66.84038007	41.04944116	22.56144645	83.88285558	109.8740734	0.104738141	5.633743054	59.46021879	1.983081745	59.17803346	-0.015582183	0.209452978	26.29578179	0.93828315	11.27863467	16.75337132	4.078168447	0.81077148	0.940640741	127.2573004	13.97376839	99.29296603	70.73431136	12.15532393	43.61234687	1.259427044	-0.065304966	6.509739038	13.2509496	6.942661891	3.511595044	0.803260003	0.932049245	91.26885393	11.27671514	0.930194576	71.44724055	58.38516276	1.988781396	60.61326899	-0.001404414	2.158448353	28.72972694	6.779725244	23.49274297	16.18320341	5.551247798	6.220244195	17.23037877	27.33622958	NA	NA	NA	NA	NA	NA	NA	NA	NA	NA	NA	NA	NA	NA	NA	NA	NA	NA	NA	NA	NA	NA	NA	NA	74.48575437	89.40169352	71.52024909	59.80251943	266.9272506	224.1692271	74.57971795	88.62597172	71.44519148	59.96896349	267.9556903	221.6445803
we09425	we09425	11.07032277	54.83211856	25.86789228	126.0554624	92.85108937	32.45669396	0.871679088	40.5798031	159.0860339	37.23617001	13.9196529	85.11223566	5.526010152	65.73577359	48.52243875	39.7165762	20.01635101	69.32118783	95.51302243	0.151291677	11.55890681	57.60635072	-0.016918394	57.48645031	-0.023220398	0.173031703	25.98008956	0.874648028	4.84323971	16.58275773	3.64904409	0.818640822	0.936433297	98.3845692	13.94912123	89.64860313	58.70940014	11.96024813	38.71160552	1.342759563	1.251354296	11.52986015	13.51455194	4.471100673	2.99180168	0.823265187	0.918493782	72.71969908	13.60345556	0.929908644	69.68642514	57.97998099	-0.011218528	58.33141543	-0.001403677	2.168764036	30.86277921	12.42595926	29.96695198	17.91077931	4.097446438	4.650969777	11.99646958	19.18218448	249409	196641	238048.6667	3170842.333	4065329.667	21734.33333	634.3333333	20335.33333	6132200	527131.3333	287257.3333	56923.33333	257337.3333	2336223	4490163	144434	1634713.667	70578.66667	22937	175776.3333	808299.3333	979629	1240165	5501.666667	124.2134448	137.6133889	69.67254608	52.60507765	407.2914091	294.1539271	123.1840542	136.0618726	69.69468816	52.93796034	405.7280771	289.1045476
we10401	we10401	4.145945343	62.1923937	33.16263107	139.0983346	105.0053333	34.40881169	1.804184769	49.96796	133.9714638	27.55606815	12.01558206	16.03783306	0.633098397	62.98578072	8.110420323	48.44961593	20.26115024	81.73693587	112.6065667	1.543970067	16.17061097	65.75309996	-0.025377481	65.35806469	-0.027169348	0.322040277	30.63768688	0.95052653	7.43210629	12.43404315	3.145115687	0.840132575	0.947279574	78.45644474	15.15223068	134.0197937	96.36772136	22.196444	46.26630067	3.139141987	0.839611751	9.781621982	13.36379511	7.093248599	3.178729706	0.849055936	0.953949783	77.32347343	7.709444161	0.96560424	45.08638148	58.12384873	-0.016827842	59.15316256	-0.002108649	1.904850976	37.42342682	8.540188723	25.92089946	17.77869882	5.864660147	5.708031409	11.47493062	23.6099616	NA	NA	NA	NA	NA	NA	NA	NA	NA	NA	NA	NA	NA	NA	NA	NA	NA	NA	NA	NA	NA	NA	NA	NA	92.789364	91.06000281	73.29754918	55.40001735	345.4284151	204.1704124	91.91780441	91.0600497	73.38947447	55.40001562	342.0993713	204.1705447
we1095407-2	we1095407-2	8.617423064	55.13364469	21.73097024	119.7828635	88.64451194	30.39560233	0.365486478	33.1014928	136.4787011	32.88782815	12.11337709	65.85184831	3.810708842	106.6107797	52.60834395	35.96655055	25.33012563	89.05230858	120.0581409	0.029511543	17.06511713	56.2819998	1.316414987	56.06227101	-0.010591278	0.191504186	31.8694676	0.91407969	7.122583037	14.00624623	3.298548788	0.865779683	0.946855748	88.98524741	11.65827257	89.12710147	57.99424629	9.329152362	49.67401814	1.009427993	0.264842514	10.05383625	11.73050545	7.282704116	2.914975845	0.82279749	0.925110244	67.33491159	13.66142728	0.865311655	58.29269076	55.10070366	0.988781443	57.73485389	0.331927521	1.381855443	30.81119427	NA	NA	NA	NA	NA	NA	NA	NA	NA	NA	NA	NA	NA	NA	NA	NA	NA	NA	NA	NA	NA	NA	NA	NA	NA	NA	NA	NA	NA	NA	NA	73.71216885	101.320008	75.79845606	63.00002281	308.0031443	273.8378493	74.69395065	101.3200784	75.83454415	63.00000231	309.6622158	273.8378648
we11401	we11401	NA	NA	NA	NA	NA	NA	NA	NA	NA	NA	NA	NA	NA	NA	2.247944274	49.19121072	-1.259728502	46.53211781	79.44997902	0.08567565	-0.261670889	NA	NA	NA	NA	NA	32.51395052	NA	NA	NA	NA	NA	NA	NA	NA	42.34115151	32.28705236	15.47735928	28.93817417	1.671639025	0.215807712	12.56679139	6.887382676	13.48812443	3.024939076	0.777904854	0.917966954	87.82849555	19.50641965	0.918719855	89.46142926	64.06149227	-0.011218789	63.05101865	-0.001407476	1.744302728	9.885404761	NA	NA	NA	NA	NA	NA	NA	NA	NA	NA	NA	NA	NA	NA	NA	NA	NA	NA	NA	NA	NA	NA	NA	NA	NA	NA	NA	NA	NA	NA	NA	NA	NA	NA	NA	NA	NA	NA	NA	NA	NA	NA	NA
we11405	we11405	NA	NA	NA	NA	NA	NA	NA	NA	NA	NA	NA	NA	NA	NA	78.4805794	47.30033665	26.42281898	102.2171144	126.4395845	0.805967067	15.61496641	52.77676832	1.316414969	52.16026761	-0.020898511	0.525127315	24.17924687	0.950505962	4.456172421	12.50658151	3.539570908	0.853391452	0.925936956	73.19691876	15.83935698	110.1305357	79.41121331	14.56930223	52.06558313	1.259427587	0.180156649	10.78060234	12.00473166	5.247938737	3.637037907	0.807821786	0.918338654	88.44973939	18.25188123	0.944306475	92.84130666	53.48555615	1.322114528	53.96998824	0.331926806	1.679811815	30.96343699	NA	NA	NA	NA	NA	NA	NA	NA	NA	NA	NA	NA	NA	NA	NA	NA	NA	NA	NA	NA	NA	NA	NA	NA	NA	NA	NA	NA	NA	NA	NA	NA	NA	NA	NA	NA	NA	NA	NA	NA	NA	NA	NA
we11408	we11408	11.64549181	52.19168358	21.14050364	121.9887154	92.99359444	28.99633621	1.207755852	46.62319098	154.6987946	39.27754641	14.9676838	89.08783306	5.346297489	116.6107691	72.54923987	43.05030252	23.9353217	83.73064336	111.7776883	0.130027516	12.53477174	56.59275211	-0.016918265	56.06923444	-0.018591613	0.505274059	28.03418139	0.997575629	5.573152652	15.75168197	3.828981514	0.837847949	0.913016298	61.07661076	25.27099198	100.8993945	75.32140013	19.79245592	56.04459597	1.34276396	0.587045985	8.637971682	17.49599736	10.22166108	3.849181191	0.822251831	0.914046485	58.53740918	24.12263015	0.928197862	62.06572219	56.5261112	-0.011218689	57.77523324	-0.001403725	2.500827464	25.98835947	NA	NA	NA	NA	NA	NA	NA	NA	NA	NA	NA	NA	NA	NA	NA	NA	NA	NA	NA	NA	NA	NA	NA	NA	NA	NA	NA	NA	NA	NA	NA	68.37818092	NA	73.40615034	60.50505579	256.5219923	NA	68.18290845	NA	73.55302906	60.83790104	258.5875034	NA
we11416	we11416	5.473674088	56.20461915	36.259635	128.5686146	96.27901706	32.32202704	3.495286088	52.69294068	126.1342661	34.09510233	13.6380349	42.49070947	3.379874509	74.36077409	67.93491232	53.29894152	30.82776203	94.25134833	124.8770922	0.76801641	8.924166168	58.02767266	-0.016918382	58.73480952	-0.021588951	-0.791311121	30.33675173	0.897391346	5.312897713	13.68052847	3.561045369	0.82570449	0.951767031	83.45602041	12.86117702	105.9463793	67.22614759	25.4156103	52.5352761	1.426092609	0.429677225	3.928879532	12.84478218	4.406077491	3.296323527	0.808338124	0.94280411	80.53619136	13.38623929	0.8923635	89.7025509	62.1556596	-0.011218643	63.03457521	-0.001407079	1.634458448	39.0539746	NA	NA	NA	NA	NA	NA	NA	96083.66667	323963	297895.6667	2299132.667	780325	54753	259796.6667	51528	4202626	36200.33333	45603	6796.333333	23183.33333	154792.3333	546962.3333	52366.66667	11237.33333	11063.66667	9415	121917	66294.33333	12457.66667	148013.3333	3038.666667	113.8331944	101.8216914	73.16944609	60.05252927	363.4332277	261.7175415	113.7832642	101.0458986	73.28505977	60.21898053	361.8047212	259.1927548
we12401	we12401	8.50174283	55.26265805	22.1691684	128.7744664	94.12809956	33.92276092	0.837555462	36.71463887	135.8543596	31.98482059	13.49234161	65.72669422	2.697657869	61.48578294	9.812636164	45.5339217	13.2789997	59.661491	92.31256791	0.775103401	3.639247617	66.17689125	1.974622571	63.87623358	-0.029714173	2.261892423	32.66324322	0.98938621	5.639672744	16.14235852	3.383065405	0.82290275	0.902058596	65.20134466	11.93666398	87.86883472	57.91246653	11.97995106	56.64632929	1.426093681	0.887087131	4.159149501	12.98508172	4.989359259	3.372125385	0.792546657	0.900675183	74.29967725	19.71071053	0.907216367	49.12184815	56.84461582	-0.004500215	56.7950612	0.002405102	0.602503983	30.23948785	NA	NA	NA	NA	NA	NA	NA	3328	23109	5941	303269	3255772	1925918	387	6131	11278294	116047	789861	16249	130025	716348	2504341	90393	62543	139784	41092	20883	129499	37708	574210	1775	57.95528431	NA	71.61574399	NA	203.6155857	NA	57.29128607	NA	71.50501505	NA	199.6862254	NA
wh03031	wh03031	9.570322768	57.33211856	19.36789228	109.0554624	78.85108937	29.95669396	1.371679088	48.0798031	150.5860339	31.23617001	13.4196529	73.56223566	2.457063083	43.23577648	5.24337068	45.10408295	8.748836594	56.53912929	84.64156849	0.952946896	2.495458369	64.66000645	-0.027652032	65.57865531	-0.019237331	-0.804084578	28.27046144	0.787699457	7.847779751	16.72446174	3.587842172	0.828658949	0.928366283	95.50847268	50.86640131	91.08032841	62.22756396	11.37165919	40.89955229	1.426094915	0.114771752	3.845815743	13.01046223	5.375273035	3.261859535	0.804053848	0.925937727	60.06836345	20.108635	0.850673409	64.84078661	56.89750641	0.655448087	59.23780986	0.331928039	0.410555447	29.1808538	13.28493332	14.01737045	2.663351809	7.33409827	6.555447441	19.74170585	33.16381816	353428.3333	905978	318188.6667	6260179	7377311	1080179.333	1179.333333	49857.33333	18889136.67	3917743.667	700608.3333	130813	212831.3333	3700186.333	7583500.333	205648	89522	125268.3333	162082.6667	637180.3333	447801	1472647.333	2372609	22397.33333	15.44104141	27.3499977	77.48131957	68.70001221	62.15284634	87.38018988	NA	NA	NA	NA	NA	NA
wh04020a	wh04020a	3.973674088	52.20461915	9.759635001	97.06861457	71.77901706	25.32202704	0.995286088	47.69294068	113.6342661	31.09510233	12.1380349	30.94070947	2.840528814	46.73578097	3.111484631	44.09636758	8.728207829	55.60183271	79.75300174	-0.038657485	NA	56.0137851	0.002274198	56.12450407	-0.017718966	0.007144137	24.22098762	0.950884446	3.630155406	10.61786037	3.365166819	0.834043176	0.935183925	95.44787507	30.89425998	106.148958	74.21645933	22.40254194	59.22965921	1.967508359	1.069651802	9.421822938	12.95798872	7.379108677	3.491091529	0.778403646	0.93494624	72.33371565	14.14596601	0.924488547	36.71831581	53.77209815	-0.012327923	54.33623302	-0.004505838	1.778946626	32.43397846	14.12047399	14.36743585	2.587452543	6.208514494	6.371446829	19.48646137	34.74058042	42067	59687	115778	1179913	1587462	241006	81169	1389	1251600	107232	22426	7360	94395	525960	1193323	24551	13964	160385	3212	178597	73153	106074	1213770	6681	10.58096133	NA	81.43375085	NA	59.74494009	NA	11.36677912	NA	81.5261965	NA	63.06258156	NA
wh04036VW	wh04036VW	6.906475695	58.64836439	25.59507993	117.4038805	83.5070372	33.45592234	1.611606205	35.99346972	146.7459424	37.47331534	14.91952026	53.62123249	3.542797798	92.98576998	0.264839207	36.19198111	2.400679101	30.55935079	48.13881868	1.552680775	-0.487936848	69.19986723	0.004549123	67.14451113	-0.023517246	2.094150267	17.8143438	0.869148702	6.80994041	10.93418884	2.330634382	0.894842358	0.961876095	55.22455279	5.69653047	60.17658917	29.0496387	5.070329162	47.03442856	0.889146777	0.496761417	-0.789057481	10.69556873	15.74216603	3.495261811	0.704049644	0.907955802	91.7315867	16.15655698	0.914029296	19.17982291	66.03413728	-0.016827848	65.72078243	-0.002108343	3.629511179	31.09956221	16.70778772	21.60160486	2.04769864	6.598293903	6.317840785	18.95965421	33.45857207	41129.5	14013.5	148679	176519	479064.5	99103	5239.5	241000.5	1177302	8143.5	285827	2463	29321	141380.5	551782.5	279761	20095.5	9330.5	19510	9587.5	53789	34596.5	201064.5	1546.5	21.26970183	46.76339608	73.04611786	61.00506903	78.91412844	120.2842776	NA	NA	NA	NA	NA	NA
wh05032a1	wh05032a1	8.00174283	62.26265805	23.6691684	116.2744664	82.12809956	33.92276092	1.337555462	41.71463887	106.8543596	35.48482059	15.99234161	61.82669422	2.71831213	36.55488555	23.77285223	47.60380874	10.59297145	48.34263022	73.2668678	1.461785657	3.689614558	75.15093451	-0.016918263	70.93917169	-0.021186037	4.195229469	25.27859497	0.94871573	4.509666133	10.74163589	3.125497816	0.85622426	0.938443571	71.38605488	15.83369566	37.79222912	25.57135188	4.018125413	43.76129857	1.676095246	2.192882481	2.078792885	9.549869323	8.529464377	3.156574657	0.790762778	0.916136764	83.37549692	13.67485864	0.900029229	64.16776461	61.87178448	-0.011218659	61.49918903	-0.001406984	2.997095153	12.46408979	15.49710685	15.69839685	1.667668949	5.994606099	6.776774776	21.73739483	35.86957683	66996	56177	215170	1591459	2754758	298859	263	3466	3255828	10081	443257	13255	198636	352162	1193989	52327	73715	34894	90637	397859	335496	154879	804459	4383	6.11096133	15.03000109	77.03375085	67.80002407	28.24564135	46.67703035	NA	NA	NA	NA	NA	NA
wh05051	wh05051	5.973674088	57.20461915	30.259635	135.0686146	102.7790171	32.32202704	-0.004713912	48.19294068	145.2825938	22.97061651	12.06489768	46.29070947	3.753425083	118.1107873	45.8720292	45.57525897	24.79255334	94.32108067	128.19015	0.042270878	5.270830441	63.192589	-0.025377567	62.65242051	-0.031436663	0.343770619	33.82472452	0.908969366	7.250103706	15.05597447	4.13208065	0.841328441	0.962047831	98.45759947	11.63413017	117.2134314	82.11970641	18.23321195	47.99863498	1.370538079	0.840883389	5.794148916	14.72635436	13.91896498	3.595043435	0.828048444	0.943019902	70.98800187	11.25562016	0.91611321	28.69838086	62.90868146	-0.011218685	62.90839744	-0.00141034	2.103923754	35.12034283	11.34376194	9.988480769	2.439005722	4.663135419	6.657621955	22.59153036	37.34289057	376332	218288	319072	4811495	6016288	237902	1390	10330	5834273	80212	389496	48842	125787	1152503	3750423	109150	34959	867157	35977	270043	196490	118992	1062493	6868	80.54508898	84.05338527	61.85302253	51.80511893	207.5164835	175.1048238	NA	NA	NA	NA	NA	NA
wh05066a	wh05066a	3.406475695	57.82346511	16.09507993	107.9038805	73.5070372	33.95592234	1.091181167	55.49346972	145.474118	37.63948551	13.09549119	26.72123249	5.97480947	122.249992	46.13149867	50.95069695	13.25748701	77.25670978	116.5004842	0.806282134	4.026917762	63.09332754	-0.016918387	65.48088448	-0.019993724	-2.455103343	39.76043756	0.829892321	7.046462012	14.04933463	4.080798186	0.819340595	0.94065202	93.41257865	17.67960035	111.9340897	77.61690723	19.27224514	51.1558527	1.148313814	0.100484607	6.631801491	14.87221075	6.49064406	3.95096197	0.81373807	0.944147767	85.753976	15.28171183	0.85732501	70.27583822	57.75784949	-0.011218533	59.08709273	-0.001407225	2.271756469	34.89810362	15.21553066	18.45603919	1.821579711	6.611500481	6.579338978	24.02275786	42.32729339	NA	NA	NA	NA	NA	NA	NA	NA	NA	NA	NA	NA	NA	NA	NA	NA	NA	NA	NA	NA	NA	NA	NA	NA	4.418362254	38.88339608	80.61091616	64.90506903	33.23944148	111.4504058	NA	NA	NA	NA	NA	NA
wh05070a	wh05070a	4.973674088	64.20461915	27.259635	145.5686146	112.2790171	33.32202704	0.495286088	57.19294068	112.6342661	36.09510233	14.6380349	38.64070947	6.869872106	92.36077965	19.90721138	63.47069592	21.50819799	97.03302115	123.5054371	0.754939095	7.998597607	68.45629152	0.002274292	67.67124707	-0.008159717	0.608460074	26.66870319	0.929474926	12.60703352	12.65677618	3.837149659	0.811468869	0.931207249	104.2616177	20.60040687	119.0209924	93.76515759	21.12030803	58.12183849	1.926094723	-0.000548641	8.946941938	12.03926314	8.200523811	3.506184908	0.839087461	0.947753684	79.35387371	12.29767616	0.913739712	26.44918825	62.38988444	-0.011218607	60.96514283	-0.001403578	3.030419294	25.47468619	17.05958982	14.75662096	4.678858083	4.91180107	5.309753609	18.22664825	32.90353577	26567	984387	577830	6332425	9421389	479075	NA	5935798	16279994	20263	66530	59747	261192	1669430	5918736	104894	99216	7410054	109507	74630	107811	126502	7399729	21330	8.155578915	24.86338469	76.2676679	65.90506268	40.39381868	72.37533654	NA	NA	NA	NA	NA	NA
wh07013	wh07013	2.145945343	56.1923937	9.16263107	110.0983346	71.00533331	39.40881169	0.804184769	33.96796	110.9714638	34.55606815	14.01558206	8.337833063	3.736883055	104.7357778	-2.74481176	NA	NA	NA	NA	NA	NA	NA	NA	NA	NA	NA	NA	NA	NA	NA	NA	NA	NA	NA	NA	88.6973108	55.70497931	13.59747046	38.52373058	1.509426336	0.852749833	2.7959996	8.780071343	7.931860493	3.266187324	0.752436118	0.92423142	70.93358104	12.39352752	0.903510569	25.41339372	59.52666253	-0.011218522	59.46030625	-0.001405817	1.51361024	33.38754949	12.0578703	13.87360427	2.180073036	6.976818493	6.815264521	23.00748981	36.12358306	NA	NA	NA	NA	NA	NA	NA	NA	NA	NA	NA	NA	NA	NA	NA	NA	NA	NA	NA	NA	NA	NA	NA	NA	NA	NA	NA	NA	NA	NA	NA	NA	NA	NA	NA	NA
wh07020a	wh07020a	6.145038269	56.83211856	24.11837622	96.87909613	70.98185558	25.58386072	0.611326934	61.27842197	147.4261254	36.99902467	14.91978553	23.61223566	0.80513058	65.77745579	32.72666663	47.44225275	17.24733987	70.09905297	91.52764801	0.209227311	4.721601891	60.58528104	-0.016918377	59.84140859	-0.022014165	0.608595849	21.06146006	0.982866122	8.92472487	9.16818207	3.457425261	0.850177878	0.952705366	97.95408337	15.704014	89.13862191	64.50074467	13.63731751	53.57855593	1.176095619	-0.085769021	3.404861946	9.440003331	6.409977123	2.984458606	0.838850716	0.942450429	89.72300634	19.68954096	0.904089302	60.1155567	56.5477458	-0.011218484	57.09420371	-0.001405022	1.720507422	24.21799176	11.260854	10.19134934	2.846200689	5.534316745	6.804416553	21.36310229	34.32387531	NA	NA	NA	NA	NA	NA	NA	NA	NA	NA	NA	NA	NA	NA	NA	NA	NA	NA	NA	NA	NA	NA	NA	NA	NA	NA	NA	NA	NA	NA	NA	NA	NA	NA	NA	NA
wh07029	wh07029	3.570322768	54.83211856	20.36789228	132.5554624	101.3510894	30.45669396	3.871679088	42.5798031	87.58603391	31.23617001	14.4196529	27.46223566	2.897592434	64.4857741	6.014633132	45.70015216	9.960298758	74.87488145	108.0692066	1.972542603	5.743775031	73.11422365	-0.025377507	74.26350198	-0.032466539	-1.196257091	33.47082064	0.949757906	9.981393223	10.77874004	2.392716978	0.803617745	0.89541217	61.62422236	15.20014686	97.80842191	65.67720153	13.62524824	47.55150836	1.259426336	2.908305389	2.629332933	9.48075827	5.798826934	2.901857798	0.821670553	0.934000289	78.71306986	9.860512991	0.949653946	30.54159884	62.52666253	-0.011218522	64.12697291	-0.001405817	0.596943574	32.52643838	NA	NA	NA	NA	NA	NA	NA	NA	NA	NA	NA	NA	NA	NA	NA	NA	NA	NA	NA	NA	NA	NA	NA	NA	NA	NA	NA	NA	NA	NA	NA	17.40342506	NA	72.78726243	NA	63.07942095	NA	NA	NA	NA	NA	NA	NA
wh07051	wh07051	7.042254027	61.77407967	31.45835887	122.8496106	95.50200687	26.35596009	1.029409714	59.05810492	130.3659404	31.34645175	12.06534619	54.17625091	NA	NA	-1.706132825	NA	NA	NA	NA	NA	NA	NA	NA	NA	NA	NA	NA	NA	NA	NA	NA	NA	NA	NA	NA	93.99973926	68.69834594	12.55151831	58.32767644	0.800835554	1.581227878	2.866383139	13.20663498	11.88764479	2.888016288	0.852072347	0.932212676	59.32861834	8.422081416	0.896655257	14.43342579	66.86472629	-0.012327639	65.72613153	-0.004509603	0.916930994	24.96679285	16.62427479	16.58105815	2.24427428	6.315777819	6.011190175	20.4660365	34.4010053	NA	NA	NA	NA	NA	NA	NA	NA	NA	NA	NA	NA	NA	NA	NA	NA	NA	NA	NA	NA	NA	NA	NA	NA	9.37342506	11.46000504	76.78726243	73.69995339	38.94354453	43.57413623	NA	NA	NA	NA	NA	NA
wh07061a	wh07061a	5.481644733	64.50792941	32.8676913	120.3371334	91.64954227	28.49556458	0.947682968	37.03685761	141.9714638	37.55606815	17.01558206	42.24682989	NA	NA	-2.299766823	NA	NA	NA	NA	NA	NA	NA	NA	NA	NA	NA	NA	NA	NA	NA	NA	NA	NA	NA	NA	54.63927994	38.11601511	1.914312131	30.41871913	0.639142635	0.2230395	-0.535728092	2.661371035	NA	1.227712065	0.84994964	0.926727569	36.22254197	10.08247845	0.962694434	15.72316096	76.0173092	-0.016828	77.13568057	-0.00211169	2.88837313	16.58579208	NA	NA	NA	NA	NA	NA	NA	NA	NA	NA	NA	NA	NA	NA	NA	NA	NA	NA	NA	NA	NA	NA	NA	NA	NA	NA	NA	NA	NA	NA	NA	6.730902272	12.53669996	76.48261398	63.65250769	32.54121084	33.03048624	NA	NA	NA	NA	NA	NA
wh07061b	wh07061b	4.481644733	63.00792941	28.8676913	119.8371334	93.14954227	26.99556458	1.447682968	37.03685761	148.2227909	45.09777683	16.55553663	34.54682989	0.105637855	27.25000773	4.520404324	47.09713064	7.550500812	51.65385256	73.11266342	-0.038365705	3.321443669	NA	NA	NA	NA	NA	21.67666377	0.952843564	4.258367522	10.80829992	3.244367937	0.802571317	0.917428336	67.34267777	26.20772132	83.79394064	62.39050829	8.435197239	45.03993954	0.926094891	0.180955865	6.068209785	4.94899319	3.371003726	2.391889496	0.761199114	0.908685563	85.08561658	20.70920239	0.992935007	33.97052301	71.13464773	-0.011218524	71.0539987	-0.001407596	0.591227825	21.45302676	NA	NA	NA	NA	NA	NA	NA	NA	NA	NA	NA	NA	NA	NA	NA	NA	NA	NA	NA	NA	NA	NA	NA	NA	NA	NA	NA	NA	NA	NA	NA	6.259364	10.30000281	77.69754918	66.30001735	24.90054354	30.56380705	NA	NA	NA	NA	NA	NA
wh07165R	wh07165R	2.84E+00	64.07890387	27.39635606	122.1228845	90.78404739	31.4219893	0.577482578	37.62830549	96.8783559	33.80505101	15.58019443	22.68569105	3.828641659	85.36077997	4.151439125	33.99973327	26.7191525	97.45380098	130.8245877	1.960901179	13.7604869	66.19747891	-1.38E-07	66.26541501	0.004664653	-0.017897889	33.07830237	0.916090005	12.59368913	13.43601955	3.885840464	0.82335243	0.959220091	92.32088154	9.605564829	123.5352726	92.85494228	22.78373639	47.82202011	1.588304544	1.458124793	8.476006952	12.53610351	8.682744076	3.08684105	0.813964322	0.941945599	69.81052573	17.99362047	0.835829335	20.40734567	63.96292702	-0.004500323	64.586729	0.002400303	3.240865591	30.51916912	NA	NA	NA	NA	NA	NA	NA	NA	NA	NA	NA	NA	NA	NA	NA	NA	NA	NA	NA	NA	NA	NA	NA	NA	NA	NA	NA	NA	NA	NA	NA	25.64043768	73.9333818	78.54448785	56.90505002	120.1346601	172.871732	NA	NA	NA	NA	NA	NA
wh07166R	wh07166R	2.473674088	57.33434264	40.21996059	138.6698367	104.2743435	34.26166111	1.495286088	30.19294068	104.2825938	40.97061651	14.06489768	19.39070947	5.929394369	116.3607876	-3.096880333	NA	NA	NA	NA	NA	NA	NA	NA	NA	NA	NA	NA	NA	NA	NA	NA	NA	NA	NA	NA	84.52810673	52.22241183	7.774323029	40.8667867	1.592760652	1.480533036	1.07138982	10.42485385	10.85909777	3.279703026	0.807825812	0.940581488	84.25007431	9.236595157	0.876570119	46.84338491	59.1712104	-0.011218548	64.47254613	-0.001410491	2.75868523	32.36307316	NA	NA	NA	NA	NA	NA	NA	NA	NA	NA	NA	NA	NA	NA	NA	NA	NA	NA	NA	NA	NA	NA	NA	NA	NA	NA	NA	NA	NA	NA	NA	29.11096133	NA	NA	NA	257.542493	NA	NA	NA	NA	NA	NA	NA
wh08022	wh08022	10.83789576	52.57890387	22.21996059	136.6698367	104.2743435	31.26166111	1.077482578	40.12830549	109.8783559	29.80505101	13.08019443	84.18569105	1.900905613	35.36077334	14.77307747	47.44121072	3.240271498	53.78211781	80.69997902	0.08567565	1.404995778	58.46706978	1.00454849	63.51584729	-0.021810367	-1.827082412	26.51395052	0.862612441	4.798659579	10.46190296	2.944789969	0.803885044	0.936778152	81.881148	16.20640534	92.2400495	61.5339872	7.826806317	45.78453411	1.176089897	0.617020081	0.103288456	8.945095486	4.789714143	2.911082359	0.837758316	0.941099327	62.95829391	11.21435323	0.961955658	63.24121286	53.42186322	-0.011218775	54.9166644	-0.001410509	1.572433718	30.93532656	NA	NA	NA	NA	NA	NA	NA	NA	NA	NA	NA	NA	NA	NA	NA	NA	NA	NA	NA	NA	NA	NA	NA	NA	NA	NA	NA	NA	NA	NA	NA	12.102861	24.62168694	77.73011592	59.25251883	55.03654431	58.39605934	NA	NA	NA	NA	NA	NA
wh08039	wh08039	3.406475695	62.47326366	39.61740834	136.2318288	106.7203232	29.32952721	1.132031242	32.88118423	NA	NA	NA	26.72123249	7.72480947	136.999992	NA	NA	NA	NA	NA	NA	NA	NA	NA	NA	NA	NA	NA	NA	NA	NA	NA	NA	NA	NA	NA	54.78678014	31.62304366	7.059191559	32.55006539	1.467510573	0.523418449	2.681531099	NA	NA	NA	NA	NA	NA	NA	NA	33.89337059	58.63904648	-0.012327815	59.17518427	-0.004506536	3.110801772	23.33397285	NA	NA	NA	NA	NA	NA	NA	NA	NA	NA	NA	NA	NA	NA	NA	NA	NA	NA	NA	NA	NA	NA	NA	NA	NA	NA	NA	NA	NA	NA	NA	25.34538634	NA	70.93302083	NA	88.48048996	NA	NA	NA	NA	NA	NA	NA
wh08042	wh08042	8.337895756	56.57890387	35.89635606	111.6228845	82.28404739	29.4219893	2.077482578	42.12830549	124.3783559	30.80505101	11.08019443	64.93569105	7.570018847	122.3607793	12.77282422	42.82409335	10.35052511	52.27983362	82.50783521	1.06084505	5.192954411	63.30055267	-0.025377125	57.42328013	-0.028562512	5.803709641	29.98704293	0.904092592	11.16379479	11.21516795	2.778415674	0.848624693	0.935703332	63.4943122	8.348138502	77.81495016	51.26363946	9.349422002	43.48085373	1.426096664	0.998540092	3.20934451	11.65271167	7.314606717	2.974406934	0.800981816	0.932311967	71.79227591	8.571506946	0.879670083	19.65520824	59.43325543	-0.011218715	59.74325754	-0.001404208	2.321976359	26.79134114	13.59243277	15.14994212	3.044890098	6.221772282	6.531705395	17.52189654	33.2172425	4530.5	13562	9458	228903	1438881	74262.5	2791.5	6140.5	3376518.5	11756	246658	6875.5	742961	180916	606761	132529.5	20081	14190	29583.5	103844	67757	10228.5	110905.5	1446.5	6.029661792	15.43669858	77.5223335	58.55254655	28.77694278	35.94730957	NA	NA	NA	NA	NA	NA
wh08045	wh08045	7.617423064	53.13364469	9.16263107	96.09833458	62.00533331	34.40881169	-0.134513522	33.1014928	120.9787011	33.88782815	17.61337709	58.10184831	3.531427422	56.11078327	13.86268332	NA	NA	NA	NA	1.469527117	8.892887695	70.85196793	1.999999538	66.85243263	2.006655738	3.993710635	NA	NA	NA	NA	NA	NA	NA	NA	NA	94.25605797	62.41478564	16.87689824	42.07755822	1.889136377	0.050082804	0.447338243	12.39541389	7.569171781	3.583076785	0.862943311	0.949816662	66.61995758	14.00406882	0.86805907	53.58031744	58.59270532	0.322114559	58.77379137	-0.001406604	1.502295781	31.79413778	NA	NA	NA	NA	NA	NA	NA	NA	NA	NA	NA	NA	NA	NA	NA	NA	NA	NA	NA	NA	NA	NA	NA	NA	NA	NA	NA	NA	NA	NA	NA	16.20875878	59.29338469	75.54845606	44.60506268	65.76034486	105.4994182	NA	NA	NA	NA	NA	NA
wh08092	wh08092	7.337895756	56.57890387	29.39635606	109.6228845	85.28404739	24.4219893	2.577482578	57.12830549	125.3783559	39.30505101	16.08019443	57.23569105	2.041840751	64.61076839	27.38363783	53.57699228	16.5669456	55.7201326	75.02350469	0.278470333	14.94761983	61.96140159	-0.016918382	61.90706372	-0.020097819	-0.099080245	19.0619491	0.804273038	4.982389164	15.59926865	3.967670886	0.827725593	0.921201418	88.84657549	34.32013033	83.77330509	63.55146655	18.52929432	28.57858224	1.750004023	0.609825095	26.84722987	16.16859394	5.659102519	3.974029565	0.810367862	0.923124147	72.84953846	28.98775622	0.886214906	33.44267579	57.10287451	-0.012327701	55.84060469	-0.00451004	2.108736669	20.85523244	12.71944388	14.08333755	3.616160472	6.246022645	6.656109902	20.8500942	31.11160561	214252.6667	135621.6667	108531.6667	1890692.333	2231609	55651.66667	407.6666667	10193.66667	6452764.667	102642	448965.6667	34470	1742839	1679254.667	2905544.333	912090.6667	1182854	183245	70900	415795.6667	604263.3333	429412	605942.6667	73351.66667	22.18096133	NA	76.43375085	NA	95.53635616	NA	NA	NA	NA	NA	NA	NA
wh08114	wh08114	10.48164473	55.00792941	24.3676913	99.83713345	74.64954227	25.49556458	0.947682968	53.53685761	123.7227909	36.09777683	14.55553663	80.64682989	2.317676819	67.86077359	44.05260506	53.96643475	20.23994884	64.05050073	86.18185181	0.607936147	19.34345398	58.05620999	-0.016918478	56.2271679	-0.023549848	1.863777812	22.15488659	0.880062453	5.597445829	14.12491914	4.180513468	0.833422182	0.949748096	100.5078343	16.96581318	76.85256597	54.93174026	14.85689597	57.43708041	2.731651519	0.388355758	14.20990334	12.64344409	4.575250672	3.53793676	0.793771069	0.907531848	78.7750381	23.97220548	0.878155507	44.43505209	55.98516245	-0.011218398	56.09190016	-0.001404004	1.420242409	21.71386026	NA	NA	NA	NA	NA	NA	NA	NA	NA	NA	NA	NA	NA	NA	NA	NA	NA	NA	NA	NA	NA	NA	NA	NA	NA	NA	NA	NA	NA	NA	NA	17.03836225	NA	64.51091616	NA	49.8171575	NA	NA	NA	NA	NA	NA	NA
wh09009	wh09009	7.473674088	56.70461915	17.259635	117.0686146	85.77901706	31.32202704	1.495286088	30.69294068	97.13426609	27.09510233	12.6380349	57.84070947	4.879840478	142.1107795	25.44188238	32.59574874	5.961974037	61.56504418	97.72392023	1.340434816	2.290118158	65.76612709	0.002274008	63.33864431	-0.012743339	2.521188945	36.92135398	0.829273305	7.842956034	11.3836419	3.352548186	0.853000726	0.951535086	88.47455608	15.65369968	93.40029141	56.46387754	3.702273811	39.60105029	1.75942402	2.508160742	3.959823209	12.59210666	10.16044074	3.729012872	0.820438816	0.948700118	85.60131806	11.02898988	0.945179609	22.68242759	56.77158291	-0.011218535	56.53187183	-0.001406889	2.38645017	36.47310749	16.82747274	15.94319276	2.244105217	5.588487928	6.227391286	18.7560951	32.22946257	410587	82395	105993.6667	1887043.333	5145540.667	181207.3333	653.3333333	63947	28358495.33	67588.66667	398074	162678.6667	2158614	6082908	6586795.667	556657.6667	57866.33333	128577	63468	63926	522246.3333	166941	640488.6667	29978.66667	18.7981944	36.78169135	73.06944609	55.50252927	68.76190413	83.92649063	NA	NA	NA	NA	NA	NA
wh09033	wh09033	6.337895756	59.07890387	25.89635606	128.1228845	87.78404739	39.4219893	0.077482578	29.62830549	128.3783559	34.80505101	14.58019443	49.58569105	0.82972844	44.73577008	13.21772767	32.6916047	15.6066748	78.91505358	106.6667113	0.254939095	4.998597607	68.45629152	0.002274292	65.17124707	-0.008159717	3.108460074	27.89818442	0.804967046	4.997524314	12.3335284	2.978851555	0.834171154	0.923951518	79.0233688	10.15532135	100.209041	70.2302133	17.24632926	33.72634358	2.370540692	0.31761484	4.026624809	13.41801919	5.778935941	2.83680048	0.826246984	0.899184278	81.93566214	13.48484032	0.955591359	25.25830508	64.14876727	-0.011218573	64.95395756	-0.001407301	1.169125216	30.07410082	14.30560004	14.91632838	2.64629057	6.666334981	6.575859041	19.07628947	33.5808785	355716	22382.5	9102	76200.5	287234	16818.5	865	5405.5	1279332.5	26900	319876.5	41400.5	513621	1696496.5	599350.5	118839	25049.5	25251	30348	17458.5	83449.5	2351.5	80756.5	2164	1.806419756	42.61169178	77.11598175	68.00248497	13.40726338	134.4107787	NA	NA	NA	NA	NA	NA
wh09068	wh09068	4.337895756	56.82346511	12.57275153	127.5759323	95.29375124	32.58231748	1.091181167	36.10575522	103.474118	30.63948551	12.09549119	34.23569105	3.334464464	84.19410331	36.17119481	23.93923161	3.794970299	53.89870123	84.75085538	0.284358649	1.838111921	64.58908196	-0.016918409	67.97665787	-0.025581761	-3.48507294	30.3942049	0.866067702	7.607536606	10.47320386	3.125299415	0.807069609	0.933398451	88.07176917	14.85537309	64.03659659	35.71186539	3.258155614	33.72263731	1.046632216	0.890207845	0.759274572	8.436439055	7.433603402	3.28791261	0.82913158	0.938129655	85.68576907	9.343257858	0.978366594	30.24130399	58.10808764	-0.004499945	63.42307875	0.00240122	2.466144645	27.98572401	15.88067916	13.34757265	2.425707825	6.992507727	6.380697225	23.0223611	43.69519771	NA	NA	NA	NA	NA	NA	NA	NA	NA	NA	NA	NA	NA	NA	NA	NA	NA	NA	NA	NA	NA	NA	NA	NA	NA	26.83339608	NA	71.10506903	NA	94.00889698	NA	NA	NA	NA	NA	NA
wh09083	wh09083	8.473674088	55.20461915	11.759635	122.0686146	87.77901706	34.32202704	1.995286088	49.69294068	122.2825938	29.97061651	12.06489768	65.49070947	1.410558938	52.7215537	30.96225957	46.85618555	10.52658828	61.89251697	93.2691899	1.294913311	3.501593169	57.70278245	-0.016918149	57.07732902	-0.017585627	0.546824313	31.01565168	0.87454927	5.0656911	10.63337267	2.971609746	0.843455549	0.94204598	77.71737754	12.22053883	78.04468115	51.88668286	7.176234352	51.47290421	1.509427955	1.460332603	1.031155985	10.97577292	5.851483426	2.923531626	0.807052772	0.934071253	62.05292071	14.68091859	0.91024054	54.35292843	58.33527262	-0.011218477	56.08933203	-0.001406058	0.889437912	26.12259791	14.82628612	17.35468394	2.091516528	6.60847146	6.287835415	19.88978264	33.08678409	2703	86386	23656	697403	771188	18670	2148	686	1251096	26731	110593	25344	555894	1046768	1048088	134981	9770	37570	20763	307178	169960	13927	200418	2204	30.56827012	30.84000109	75.75070938	70.20002407	128.7077234	103.4899446	NA	NA	NA	NA	NA	NA
wh09086	wh09086	3.617423064	59.63364469	20.73097024	118.7828635	88.64451194	29.89560233	2.865486478	52.1014928	122.9787011	33.88782815	12.61337709	27.40184831	NA	NA	-2.105612888	NA	NA	NA	NA	NA	NA	NA	NA	NA	NA	NA	NA	NA	NA	NA	NA	NA	NA	NA	NA	32.23859302	30.14569082	4.56733805	NA	NA	2.10065845	NA	NA	NA	NA	NA	NA	NA	NA	NA	37.24727922	77.68662715	NA	76.3942172	0.0048005	0.046826168	2.436014511	NA	NA	NA	NA	NA	NA	NA	NA	NA	NA	NA	NA	NA	NA	NA	NA	NA	NA	NA	NA	NA	NA	NA	NA	NA	NA	NA	NA	NA	NA	NA	16.719364	62.53000281	74.19754918	65.50001735	62.51708332	181.2463856	NA	NA	NA	NA	NA	NA
wh09117R	wh09117R	NA	60.33434264	NA	NA	NA	NA	NA	NA	NA	NA	NA	0.326694222	0.180636598	37.22155734	9.422088213	31.94944909	20.14909913	66.35111488	102.3913382	0.492861795	0.685940249	66.76683883	-0.016918273	65.53554254	-0.015067398	1.195368323	36.439696	0.931996513	6.098183098	11.25371495	3.548607078	0.804134665	0.953996531	98.44149856	13.95726002	108.5279218	69.21563005	19.47381701	35.23265716	1.967505593	0.537141484	3.273016701	11.8320388	9.564745387	3.059968161	0.844357588	0.943046237	85.49026731	20.33280129	0.944892034	14.81576948	65.71772808	0.655448067	66.04606122	-0.001406161	2.300199504	39.30493543	10.30926674	12.537345	3.60547903	8.362384733	7.230093769	18.41897672	31.75061345	NA	NA	NA	NA	NA	NA	NA	NA	NA	NA	NA	NA	NA	NA	NA	NA	NA	NA	NA	NA	NA	NA	NA	NA	NA	NA	NA	NA	NA	NA	NA	NA	NA	NA	NA	NA
wh09126R	wh09126R	9.906475695	54.64836439	18.09507993	128.4038805	85.0070372	43.45592234	2.611606205	38.49346972	106.1100302	40.05640042	16.00750573	76.67123249	3.400905613	72.86077334	8.125552555	32.36713924	2.363529825	42.18552974	62.52979434	0.072493358	0.379545153	62.63246596	-0.025377355	63.714779	-0.032870029	-1.190376152	20.12138145	0.924825501	3.230201606	4.909571827	2.253577966	0.807114404	0.920448372	69.13908627	12.79406043	95.2778351	68.18229453	22.73476407	48.62023047	1.759427228	2.160699716	2.454179923	11.44846128	5.551661098	4.115483586	0.785557242	0.927156972	79.20488822	16.48995783	0.9258945	34.80509783	57.65185058	-0.011218606	58.23338455	-0.001408557	2.332165315	27.09059278	16.27948039	13.83270426	2.579651948	4.656746112	5.900010802	17.71108066	30.37853376	512165.6667	39693.66667	14906	283031.6667	878391.6667	9400.333333	609	168399.3333	3378645	4795.333333	132236.6667	36490	37280.33333	91014.33333	196262	14224.33333	10417.66667	22632.33333	8853.333333	97666.66667	74803	12559.66667	105630.3333	2972	13.45573955	17.19168975	74.21290371	71.70253111	48.95922942	63.12835789	NA	NA	NA	NA	NA	NA
wh09137R	wh09137R	4.837895756	57.07890387	19.39635606	120.1228845	91.78404739	27.9219893	1.577482578	40.62830549	123.3783559	36.80505101	15.08019443	38.08569105	3.565652367	86.02744268	43.73298102	39.7996989	16.62882071	75.58754245	103.1988052	1.329451208	5.68770777	59.84901131	-0.016918178	59.63635235	-0.02202655	0.196757714	27.53112502	0.928776321	6.756186793	12.78152543	3.952982848	0.757408737	0.931044677	97.41995539	19.73837222	94.28591369	65.52216699	12.69074445	43.74236458	1.259423487	0.625621052	4.053736841	11.92652141	8.000328157	3.811870857	0.768938974	0.93485792	86.16680326	15.91415612	0.937021869	64.20598005	58.25654357	-0.011218814	58.49800091	-0.001404998	2.483215042	29.03296582	13.49822546	13.21637583	2.599008688	7.511582019	6.519377727	19.73945159	33.35737603	NA	NA	NA	NA	NA	NA	NA	NA	NA	NA	NA	NA	NA	NA	NA	NA	NA	NA	NA	NA	NA	NA	NA	NA	8.865699507	18.39169144	73.23911935	50.45253704	34.12050957	35.64780188	NA	NA	NA	NA	NA	NA
wh09141R	wh09141R	8.34E+00	58.57890387	26.89635606	118.6228845	90.78404739	27.9219893	3.577482578	41.12830549	140.474118	37.63948551	16.09549119	64.93569105	5.199925392	100.1107881	4.18956085	59.0003245	9.812907991	75.55999365	100.3264467	3.990898483	6.373210672	69.30985882	2.16E-07	69.4207626	-0.002504027	-0.028533889	24.9330865	0.849020967	14.55030639	14.10600471	3.606763602	0.803861765	0.951739717	113.8437469	23.06901599	104.0070672	68.67134345	10.85309678	44.60241901	1.453869031	1.035456771	3.827267662	10.54516731	7.175164626	3.063442833	0.802737157	0.9334821	79.78361593	16.1154794	0.888673085	52.03726392	61.48318597	-0.011218573	63.55926642	-0.001403496	2.466966262	35.17749611	15.88640168	20.38807784	1.934712204	6.260958051	6.294107171	21.12568761	41.37289176	NA	NA	NA	NA	NA	NA	NA	NA	NA	NA	NA	NA	NA	NA	NA	NA	NA	NA	NA	NA	NA	NA	NA	NA	-0.56695424	65.27669201	77.53598373	54.6024901	3.474612603	115.4315465	NA	NA	NA	NA	NA	NA
wh10006R	wh10006R	5.981644733	62.50792941	42.8676913	149.3371334	117.6495423	31.49556458	-0.052317032	37.03685761	128.7227909	39.59777683	13.05553663	46.09682989	4.383479316	89.90245002	2.897447453	52.09641342	23.60366708	76.70943091	105.5667065	0.07736673	7.618457219	69.47237555	0.002274392	70.37964224	-0.010895532	-0.93313851	28.32734445	0.839883018	11.56970223	12.55091067	3.741627108	0.727037694	0.91819052	117.5896343	28.58710257	124.4529107	93.81799568	23.31837444	50.39438764	1.935018391	0.038355149	10.60161587	12.59276572	8.650232793	3.559528829	0.831561068	0.954874988	114.196935	24.2879571	0.937972717	9.244496177	67.19237861	-0.024655475	66.78833118	-0.009017185	1.064433218	30.35200294	18.52721246	21.48253628	2.754246146	7.149405369	5.878745489	16.20320517	33.18717732	NA	NA	NA	NA	NA	NA	NA	NA	NA	NA	NA	NA	NA	NA	NA	NA	NA	NA	NA	NA	NA	NA	NA	NA	15.96304576	24.35339194	78.13598373	69.60499257	77.10866744	80.43068654	15.94193935	22.80189274	78.40734691	69.93788425	74.90775949	75.38129876
wh10034R	wh10034R	10.40647569	53.64836439	13.09507993	102.9038805	74.5070372	28.45592234	1.111606205	43.99346972	99.11003022	28.55640042	9.507505725	80.52123249	3.986883055	70.6107778	33.14838065	41.21615629	8.885118601	51.49445469	75.33870968	0.435119683	5.960723326	59.06403273	-0.016918146	60.42910423	-0.023397773	-1.450170215	24.14124133	0.900874663	4.675841809	12.14693452	3.294639924	0.807396527	0.939053552	100.0905473	15.16876713	86.61019192	60.37522919	11.18217471	43.34299628	1.259431327	1.171930268	5.615235243	10.84334364	4.02021676	3.214240055	0.791315207	0.908684471	75.93142872	16.43732154	0.93759498	79.39809979	55.1195514	-0.01121858	56.24266881	-0.00140748	1.747664743	25.69143688	13.65949566	15.25756056	3.361894645	7.899803172	6.505311262	17.43203605	30.34541844	175209	151436.5	151589.5	1752087.5	2899940.5	111391	1306.5	3367631.5	1906458.5	132407	377823	26874.5	1845510.5	534373	1447006	451499.5	56608	262000	69456	321660	225746	33904.5	695110	25735.5	12.78204358	32.96339194	76.25865165	48.55250239	53.7039851	66.55490888	NA	NA	NA	NA	NA	NA
wh10035R	wh10035R	11.54225403	49.77407967	18.45835887	95.84961061	69.00200687	26.35596009	1.529409714	28.05810492	109.8659404	29.34645175	10.56534619	88.77625091	2.897592434	84.8607741	6.681533854	30.59563057	9.034571126	51.13781417	77.40695961	0.996712559	3.225801227	62.21443798	-0.01691821	60.51332742	-0.018825521	1.565944676	26.60600177	0.923505989	4.770614145	8.663580113	2.787813995	0.82467327	0.954989537	71.96326026	16.5378009	82.71478616	60.79095617	16.42102746	39.97054997	1.467509546	0.563944709	0.282531896	9.112620956	4.973112052	2.888545178	0.748366955	0.930422318	68.80676821	12.745355	0.953586002	69.03078724	50.77022127	-0.011218634	50.32865567	-0.001408721	1.966713519	21.92978855	14.47476269	13.31966356	2.68403118	7.031314155	6.626914203	17.11810225	29.74096469	201682	74929.66667	60419.33333	697975.3333	3143934.667	28430.66667	457.3333333	10221.33333	5440646.667	28600.33333	192908.6667	33071.33333	1830945.667	362589.3333	1088745.667	382634.3333	281093	21644	18338	101439.6667	166519.3333	28560	298736.3333	27789.66667	18.91323443	6.956689656	73.96823045	56.50252334	68.44166098	14.73640312	NA	NA	NA	NA	NA	NA
wh10040R	wh10040R	10.07032277	64.33211856	19.36789228	102.0554624	76.35108937	25.45669396	0.371679088	40.0798031	130.7459424	34.47331534	14.91952026	77.41223566	3.111685514	43.40244593	4.609905416	50.10399923	6.278459659	50.49845467	73.8386198	1.491012649	0.199423222	62.99556052	-0.027651991	64.27020553	-0.016449716	-1.269430615	23.33314568	0.861073416	5.037743743	9.949009916	2.919704386	0.789958801	0.938387236	90.01483208	12.15343595	85.4592931	54.48801166	11.7205093	45.53042054	1.314982921	-0.082148367	2.367076626	11.98517378	4.40166459	2.844537564	0.8223392	0.927854492	47.97914867	9.407737813	0.891920081	49.81467578	59.34617081	-0.011218725	63.68621523	-0.001404646	1.954431472	31.19854157	NA	NA	NA	NA	NA	NA	NA	NA	NA	NA	NA	NA	NA	NA	NA	NA	NA	NA	NA	NA	NA	NA	NA	NA	NA	NA	NA	NA	NA	NA	NA	NA	NA	NA	NA	NA	NA	NA	NA	NA	NA	NA	NA
wh10046R	wh10046R	9.570322768	59.33211856	25.86789228	144.0554624	105.8510894	37.45669396	0.871679088	53.5798031	136.5860339	35.23617001	16.4196529	73.56223566	3.166840751	44.11076839	26.51095339	53.38299202	20.85283945	99.02770912	132.1561652	0.528318388	2.592157723	62.40717687	0.002274204	60.78039402	-0.013818288	1.569269304	32.64834463	0.964930951	9.860986139	10.71508587	2.848263916	0.831825289	0.91963254	88.59002689	12.26656472	101.2397146	69.35363233	13.06356895	50.06009956	1.176094006	0.342681682	0.471040471	8.111665511	4.966705242	2.647494043	0.808159133	0.919529234	66.78856046	12.92065877	0.903965141	79.54162856	64.48698756	-0.011218745	63.25358695	-0.001407481	2.1680109	32.13208663	11.25308065	12.87269155	2.621500403	6.313425731	7.334653448	23.95216848	39.49246244	15563.66667	166618.6667	299131.6667	2014053	3217597.667	162330	2937.333333	13160.66667	5009809	1377243.667	43932.66667	788973.3333	2331150.667	1768992.333	3294700	1180631.667	50124.33333	341494	32333.66667	118867.6667	65004.33333	169942.6667	1345311.333	66218.66667	21.5056393	14.54338184	74.36088317	68.70513811	78.93446585	45.28550309	NA	NA	NA	NA	NA	NA
wh10049R	wh10049R	6.570322768	55.83211856	19.36789228	124.5554624	89.85108937	33.95669396	2.371679088	43.0798031	103.0860339	33.23617001	14.4196529	50.51223566	3.637589656	61.11078583	26.10135005	53.88439972	17.89662863	72.80429454	100.7346823	0.656533514	7.443392406	61.25008039	-0.01691842	61.15928404	-0.025214389	0.181148486	28.11894909	0.959248558	8.593682713	10.11775407	3.539362819	0.852485924	0.947716692	105.9011306	17.53662767	98.39381676	70.08068796	20.55686052	47.96578045	1.676095741	1.190231309	9.463270935	10.00558873	7.122454362	3.73913615	0.801259942	0.94936162	118.2205709	15.97185424	0.957451882	61.47826381	54.64197633	-0.011218587	55.31354755	-0.001405447	2.204794749	28.12401672	12.63607228	13.84689468	2.831309128	8.194022894	6.702323228	18.37816796	33.833986	NA	NA	NA	NA	NA	NA	NA	NA	NA	NA	NA	NA	NA	NA	NA	NA	NA	NA	NA	NA	NA	NA	NA	NA	12.11021394	36.05169802	76.80746493	63.90250459	50.97343296	99.10254653	NA	NA	NA	NA	NA	NA
wh10052Ra	wh10052Ra	6.042254027	56.27407967	26.95835887	133.8496106	101.5020069	31.85596009	2.029409714	42.55810492	156.9859384	41.21958816	17.21117212	46.47625091	1.407384468	59.23578486	25.30431594	44.02301159	22.35131501	90.0888225	121.6084655	0.421546803	3.912680347	59.56350557	-0.016918463	59.03105406	-0.023577694	0.549991463	31.48462822	0.883985803	4.938051899	14.97239363	3.59862439	0.807383011	0.937273312	96.93380035	13.1132004	114.7513488	82.04724977	23.75677905	48.33545433	1.759428135	0.091135718	3.791488002	13.72933545	3.511226499	3.598908296	0.805068845	0.924810343	89.36445396	18.00146398	0.861530686	65.09482021	57.81375209	-0.01121872	57.4230981	-0.001408652	0.411494828	32.33728518	NA	NA	NA	NA	NA	NA	NA	244993.3333	34654.33333	11848.33333	156282.3333	239561.6667	17882.33333	292	5124.666667	161180	12114.66667	515223.3333	24135.66667	104430.3333	291870	649809.3333	29212.66667	60881	154278.6667	90179.66667	64139.66667	122590.6667	4024.333333	49634.66667	1487	8.950482628	30.21668727	75.95034437	67.50256038	41.86834799	93.01201541	NA	NA	NA	NA	NA	NA
wh10057R	wh10057R	9.50174283	55.26265805	29.1691684	129.2744664	104.1280996	24.92276092	0.837555462	40.21463887	132.4261254	24.99902467	14.91978553	73.37669422	1.192676819	46.27744026	19.72677047	48.27192373	16.66558216	79.52945393	104.7493856	0.584291116	3.914043063	59.32598057	-0.016918483	59.52183681	-0.027031589	-0.146405342	25.21508092	0.893012658	4.049712525	11.63604006	3.588932979	0.860800515	0.957833995	83.79876195	13.47067176	118.2270409	92.95154893	20.50062908	49.05680225	1.592763109	0.652901742	5.656929908	12.86076214	5.617884979	3.227386124	0.826547128	0.943006577	72.60879278	12.09511289	0.931315783	35.60293633	63.96053675	-0.011218635	63.79281786	-0.001402327	1.671130491	25.49866794	NA	NA	NA	NA	NA	NA	NA	NA	NA	NA	NA	NA	NA	NA	NA	NA	NA	NA	NA	NA	NA	NA	NA	NA	NA	NA	NA	NA	NA	NA	NA	10.27671129	20.35669639	77.83257153	65.65248786	48.06541375	54.96180352	NA	NA	NA	NA	NA	NA
wh10062R	wh10062R	5.617423064	60.13364469	27.23097024	137.2828635	108.6445119	28.89560233	-0.134513522	38.1014928	133.9787011	40.38782815	16.11337709	42.75184831	1.383098397	59.36078072	7.379824903	48.10413292	3.494489122	47.60140935	65.11775015	0.48967684	1.891787981	NA	NA	NA	NA	NA	17.753604	0.849573465	3.561068687	6.165404334	1.967995568	0.872733868	0.922734614	53.75188821	15.34142731	74.28570458	52.20489113	15.54885676	31.32481498	1.426094871	0.535159761	3.367036028	8.809783564	9.174960102	3.387163691	0.862411226	0.952409794	73.86328262	13.480442	0.881595005	44.77197226	60.43736996	-0.011218714	60.64973681	-0.001406612	2.255350357	22.03251519	NA	NA	NA	NA	NA	NA	NA	NA	NA	NA	NA	NA	NA	NA	NA	NA	NA	NA	NA	NA	NA	NA	NA	NA	NA	NA	NA	NA	NA	NA	NA	NA	27.90000281	NA	65.30001735	NA	80.40346704	NA	NA	NA	NA	NA	NA
wh10067R	wh10067R	5.145945343	61.1923937	35.16263107	128.0983346	99.00533331	29.40881169	0.804184769	37.96796	129.9714638	35.55606815	12.01558206	38.7911575	2.797243355	54.48578097	6.890916224	38.94978075	31.24691264	97.00891308	132.9518324	1.483494405	9.300282354	65.58224984	0.974622491	65.35995734	0.974288954	0.262706481	36.43980323	0.918360673	14.65167173	11.8797132	3.566637432	0.824724257	0.936531093	103.5269651	19.62144868	113.0444237	80.3095143	18.4611231	47.32201194	1.754966321	0.45838808	7.909580504	11.32237445	9.055640152	3.096473746	0.821664027	0.937256119	85.96372785	17.38833907	0.940886804	18.51889046	67.14502088	-0.004499844	69.00263001	0.002402716	2.507290326	32.05164775	NA	NA	NA	NA	NA	NA	NA	NA	NA	NA	NA	NA	NA	NA	NA	NA	NA	NA	NA	NA	NA	NA	NA	NA	NA	NA	NA	NA	NA	NA	NA	17.05222649	11.24669404	76.82528585	68.85256814	69.24188342	35.39753406	NA	NA	NA	NA	NA	NA
wh10068R	wh10068R	3.50E+00	61.26265805	33.1691684	167.2744664	122.6280996	38.92276092	1.337555462	32.71463887	142.3543596	36.98482059	14.99234161	27.27669422	4.652692473	83.4441202	2.821281161	34.99922946	28.37164624	97.14943838	129.6601409	3.969527117	8.892887695	69.85196793	-4.62E-07	70.85243263	0.006655738	-1.006289365	33.69430908	0.993437145	8.769175019	14.59658182	3.526021005	0.861885298	0.943019936	72.98179651	14.29677915	120.554955	70.19712133	73.95539033	39.94001718	1.384169776	1.450806906	4.06205314	11.26906726	9.877789258	3.063508534	0.819029286	0.943105926	90.47635071	12.29636387	0.968366705	28.49935016	62.3729439	-0.012327988	66.27213514	-0.004511634	3.55895755	50.58620007	NA	NA	NA	NA	NA	NA	NA	NA	NA	NA	NA	NA	NA	NA	NA	NA	NA	NA	NA	NA	NA	NA	NA	NA	NA	NA	NA	NA	NA	NA	NA	116.5352843	7.279992076	67.81574399	NA	278.9075657	NA	NA	NA	NA	NA	NA	NA
wh10070R	wh10070R	3.973674088	59.70461915	26.259635	109.0686146	84.27901706	24.82202704	0.995286088	25.15085577	126.2825938	38.97061651	14.06489768	30.94070947	3.19341303	56.48577506	3.377266157	40.34738326	7.580682607	52.51921301	80.24774876	-0.049623888	2.633207024	75.31385359	0.002274334	75.29297826	-0.016251926	0.066858363	27.69711338	0.947233615	6.904635741	14.57543381	3.800119693	0.826249614	0.937732182	111.3571771	17.56066865	79.01141245	46.70300264	4.539033363	41.02494131	0.921630605	0.442930516	0.885073877	8.591352511	5.016553405	2.859098497	0.801410378	0.94266062	75.62651418	12.29436894	0.953266499	29.85932778	69.6049963	-0.00450028	68.80501012	0.002401108	0.942758267	32.58539812	NA	NA	NA	NA	NA	NA	NA	33049.5	157955.5	150482.5	1824736.5	3162410	991477.5	671	1978925.5	8801874	26107	40446.5	39309.5	155461	920762.5	2544923.5	139977.5	38176	36536.5	11865.5	101771	61691	431337.5	860718.5	4633	2.83096133	NA	77.03375085	NA	13.98477179	NA	NA	NA	NA	NA	NA	NA
wh10080	wh10080	NA	49.47326366	NA	NA	NA	NA	NA	NA	NA	NA	NA	-0.228767511	1.724868167	94.72156915	28.5459394	53.63388737	41.66507794	113.1691416	143.3701952	1.134871723	6.197868209	58.71266912	-0.016918358	57.87526335	-0.025591204	0.8196017	29.72720118	0.824521398	12.24752677	14.80690798	3.549353194	0.832140127	0.941289126	89.60810641	15.03809941	113.196761	82.87134575	18.29168528	53.58561397	1.134173456	0.623838418	3.629802628	13.41168586	11.28962811	2.987073058	0.830778111	0.934930381	48.92043144	10.52148256	0.862764961	22.84890959	62.20608227	-0.012327749	64.60431949	-0.004511201	0.531393254	30.35425715	17.55100825	14.73555077	2.111095949	6.326246373	6.287886515	22.94053085	42.75035142	NA	NA	NA	NA	NA	NA	NA	NA	NA	NA	NA	NA	NA	NA	NA	NA	NA	NA	NA	NA	NA	NA	NA	NA	NA	NA	NA	NA	NA	NA	NA	NA	NA	NA	NA	NA
wh10088R	wh10088R	2.542254027	58.77407967	35.45835887	126.8496106	99.00200687	27.85596009	3.029409714	70.55810492	139.9859384	39.21958816	18.21117212	19.57625091	0.448968345	26.98578656	4.018668855	66.19198111	-0.099320899	42.55935079	56.63881868	0.052680775	0.012063152	78.19986723	0.004549123	74.14451113	-0.023517246	4.094150267	14.3143438	0.846227317	6.441479981	8.393676296	3.102658912	0.71944892	0.909996711	94.20517315	25.38523077	32.28798371	24.99855184	3.299891493	27.28300466	1.764138842	0.516271181	-1.748773025	6.231547667	4.063564742	2.853189637	0.808906255	0.919927995	59.34628722	16.80447595	0.893100838	67.38705453	57.02987089	0.655447772	62.04955138	-0.001408477	1.076623026	7.403052302	NA	NA	NA	NA	NA	NA	NA	NA	NA	NA	NA	NA	NA	NA	NA	NA	NA	NA	NA	NA	NA	NA	NA	NA	NA	NA	NA	NA	NA	NA	NA	10.46538634	19.52998984	73.63302083	66.10005809	41.30734094	57.61060783	NA	NA	NA	NA	NA	NA
wh10090R	wh10090R	4.837895756	61.57890387	19.89635606	109.1228845	78.78404739	30.4219893	2.077482578	44.62830549	115.2825938	36.97061651	13.06489768	38.03569105	2.053520112	27.98578436	3.526998368	37.20620559	19.05037111	65.75031646	96.37685175	2.069009326	10.12384567	64.4012381	-0.055303374	65.70204913	-0.033607778	-1.486730985	29.90974207	0.88785047	11.58200586	13.04746802	3.622293189	0.814582182	0.954536423	98.65736331	13.1830735	59.98697318	38.00801481	9.946458467	36.88342413	1.481649407	1.625644776	7.999790994	8.918428697	7.944583664	3.201565608	0.779256714	0.933429924	87.89345492	16.07374029	0.938785226	43.1437494	62.20016231	-0.011218425	64.95884724	-0.001403842	2.454519357	21.77037023	NA	NA	NA	NA	NA	NA	NA	122744	38899	38364	464900	626499.5	9324.5	8270.5	36907.5	1835263.5	22024	37969	12466	41518	429345.5	594718.5	30528	18396	5893.5	5666	32066	46944.5	7167	131168.5	1772	7.866419756	18.65000177	76.88747565	58.39991993	38.24155378	44.83172708	NA	NA	NA	NA	NA	NA
wh10105R	wh10105R	8.481644733	57.50792941	37.8676913	171.3371334	135.1495423	36.49556458	2.447682968	60.03685761	118.2227909	33.09777683	13.05553663	65.24682989	4.495537858	57.98577915	24.66092118	61.80041398	33.53525548	115.7478505	150.3710999	1.934454301	6.540957384	62.0077519	-0.016918232	61.83098281	-0.016955378	0.189953836	34.43344869	0.900580142	5.031277837	13.06569105	3.729023661	0.825520597	0.950355239	111.8746471	9.344729603	143.6301805	110.0483926	30.84320845	57.87096163	2.180806552	0.41890943	6.396474678	11.81637197	5.368371023	3.482124997	0.826117909	0.94162011	69.5161799	13.54685149	0.944888487	68.10630506	58.72226453	-0.011218808	60.08148797	-0.001404991	2.08604183	33.79353438	NA	NA	NA	NA	NA	NA	NA	NA	NA	NA	NA	NA	NA	NA	NA	NA	NA	NA	NA	NA	NA	NA	NA	NA	NA	NA	NA	NA	NA	NA	NA	8.988863127	19.98669944	74.85423267	50.65254319	37.69975533	46.42389521	NA	NA	NA	NA	NA	NA
wh10113R	wh10113R	6.542254027	60.27407967	41.45835887	156.3496106	125.0020069	31.35596009	0.029409714	41.55810492	154.3659404	32.34645175	14.06534619	50.32625091	7.879190888	54.27744365	5.901142877	45.70001456	26.26573565	93.70601079	118.2661523	0.161429846	9.332284322	68.02191585	-0.025377326	67.72882828	-0.031897847	0.256939448	24.31230538	0.960997541	7.798848032	12.29651404	3.382392741	0.832213954	0.935821425	101.4909607	11.71137521	124.7042984	84.89445632	18.43569559	42.87992793	2.148317672	1.354494582	11.06474948	12.90751312	12.27092024	3.30394273	0.79615747	0.943570189	78.44625299	8.019302701	0.873995493	26.7696543	61.53741391	-0.01121865	62.46893181	-0.0014073	3.762184258	39.91790371	13.80400549	17.67623862	2.19963171	6.814751613	6.745983821	24.10680234	38.6674189	34461	24117	8654	177256	1848159	148454	803	6410	5286643	62514	283893	1803	20165	212886	782589	30632	18099	23462	22359	151502	84968	41049	81476	1395	39.67081016	38.1741912	69.79949373	47.00253745	111.2709744	70.59544042	NA	NA	NA	NA	NA	NA
wh10117R	wh10117R	5.50174283	62.76265805	31.6691684	149.7744664	108.1280996	41.42276092	1.837555462	46.21463887	151.8543596	33.98482059	12.91978553	42.67669422	6.72480947	142.499992	-0.202566877	NA	NA	NA	NA	NA	NA	NA	NA	NA	NA	NA	NA	NA	NA	NA	NA	NA	NA	NA	NA	142.4643769	101.2632213	24.93128187	29.89502944	1.342763111	0.322248368	8.946220033	11.93088153	7.565751224	2.555721759	0.844855487	0.90990001	61.79881977	12.74542379	0.963966665	63.34585444	60.62692929	0.988781428	61.18950275	-0.001403314	1.689928717	41.45046419	NA	NA	NA	NA	NA	NA	NA	NA	NA	NA	NA	NA	NA	NA	NA	NA	NA	NA	NA	NA	NA	NA	NA	NA	NA	NA	NA	NA	NA	NA	NA	11.77528431	12.79999208	77.61574399	64.69998764	51.62026409	36.2606088	NA	NA	NA	NA	NA	NA
wh10127R	wh10127R	11.47367409	59.70461915	31.259635	134.5686146	98.27901706	35.32202704	0.495286088	42.69294068	122.6342661	30.09510233	12.6380349	88.59070947	5.755759725	96.48579371	53.63914062	46.46606387	21.42228783	84.93439013	121.9930292	0.78110938	6.762544637	65.73008429	-0.016918267	66.99910304	-0.018084122	-1.432041431	36.59983483	0.927136977	12.06017017	13.9697691	3.240245859	0.840465545	0.941761696	104.3841463	12.97924787	125.8481736	88.19177776	22.37033339	45.77091151	1.703875308	0.736412584	9.460458213	13.70856198	8.742137789	3.067431844	0.837170437	0.928845628	76.35998181	14.12376248	0.915920889	64.52594205	61.8694423	-0.011218507	63.59171399	-0.001405992	2.700556005	37.36670824	NA	NA	NA	NA	NA	NA	NA	NA	NA	NA	NA	NA	NA	NA	NA	NA	NA	NA	NA	NA	NA	NA	NA	NA	NA	NA	NA	NA	NA	NA	NA	12.20543161	26.08168839	75.84170594	64.85252516	51.85037854	73.85744842	NA	NA	NA	NA	NA	NA
wh10135R	wh10135R	5.481644733	67.00792941	39.8676913	141.8371334	112.1495423	32.49556458	-0.052317032	39.03685761	142.474118	34.63948551	17.09549119	42.24682989	1.406427422	70.23578327	40.2972478	56.55050755	28.31656728	88.38886576	120.4875041	-0.021988797	5.288518008	73.06940021	-0.016918308	72.3706468	-0.014060147	0.57267444	32.32163438	0.893361259	8.872268574	13.59960421	3.34465419	0.844462839	0.932925331	81.21627027	13.83171318	136.3548592	99.87920549	34.66271025	55.68100489	1.759424871	0.202093168	5.066338287	12.24977823	6.85468486	2.943852869	0.833651517	0.929822055	57.83424623	11.7539883	0.923153688	44.31747779	68.5835898	-0.011218539	70.6734311	-0.001405719	0.834086883	36.19850548	NA	NA	NA	NA	NA	NA	NA	NA	NA	NA	NA	NA	NA	NA	NA	NA	NA	NA	NA	NA	NA	NA	NA	NA	NA	NA	NA	NA	NA	NA	NA	14.30489835	18.13669175	75.43956056	62.80252727	60.27613926	47.63937943	NA	NA	NA	NA	NA	NA
wh10137R	wh10137R	10.00174283	64.26265805	36.1691684	142.7744664	107.6280996	34.42276092	0.337555462	33.71463887	140.3543596	32.98482059	14.49234161	77.22669422	4.754840478	60.11077949	26.88314874	47.55003457	29.45319092	78.95342979	110.0285723	0.125579227	4.226818918	70.24667129	-0.0169184	75.03666835	-0.022909114	-4.814836056	31.07854558	0.919713451	10.27831883	13.55571633	3.120528203	0.751743093	0.908130405	78.60509716	13.18004764	121.077871	89.02279635	37.24043628	44.59517311	1.759423433	0.254673862	6.019316878	14.0086468	6.918732603	3.244017486	0.817049758	0.942139254	61.06308969	14.98960214	0.908247624	54.53171499	64.21822606	-0.011218663	65.61555859	-0.001410687	2.095885333	32.18189637	NA	NA	NA	NA	NA	NA	NA	385766.3333	293629	121215.6667	2794609	3834085.333	39746.66667	510.3333333	22557	8800598.667	503030.3333	527272	56017.66667	60954.66667	1282364.333	3356189	97888	43986.66667	46577.66667	53033.33333	42301	139682.3333	322206.6667	1046358	1724.666667	10.10700282	NA	72.77766742	NA	33.50922427	NA	NA	NA	NA	NA	NA	NA
wh10140R	wh10140R	6.981644733	56.00792941	17.8676913	103.3371334	67.14954227	35.99556458	0.447682968	31.53685761	110.7227909	36.59777683	13.05553663	53.74682989	2.449925392	74.86078815	14.99798361	35.82445144	5.760403923	57.87152383	83.73346193	-0.010623417	4.130228195	59.84976179	-0.025377771	56.54093807	-0.032854896	3.294668034	25.51784571	0.862831966	5.880218943	11.58215353	3.673488507	0.774009667	0.937545227	107.0493834	14.09727744	68.49670339	48.29261482	7.759397461	45.4736123	1.717507991	0.414222935	0.932613956	8.153655277	3.318132684	3.233740528	0.808082141	0.937318545	93.77212472	9.258004473	0.940155063	20.07362747	60.28347921	-0.012327867	59.3386444	-0.004506933	2.371537637	20.32863918	14.66607664	17.92215808	1.821538619	6.410803653	6.584554603	20.96063351	34.20756632	NA	NA	NA	NA	NA	NA	NA	NA	NA	NA	NA	NA	NA	NA	NA	NA	NA	NA	NA	NA	NA	NA	NA	NA	19.63856052	28.87420203	76.04508019	66.30254592	82.00233285	89.38874416	NA	NA	NA	NA	NA	NA
wh10163	wh10163	2.85844739	69.33434264	52.21996059	121.6698367	98.27434354	23.26166111	1.063783989	39.15085577	NA	NA	NA	11.87669422	0.134106357	76.22155156	27.79592471	50.97022332	23.83675587	70.8351471	95.5572505	0.543140177	3.900992417	73.70525741	0.004548464	77.77404376	-0.027891886	-3.938799476	24.64700718	0.904315747	8.219414931	12.89602769	3.076946807	0.825955557	0.914693446	68.2626421	18.83057154	106.2159933	77.91668588	23.24188438	51.26177596	1.764143138	0.674688361	4.422817121	10.00230798	7.404584531	2.925835865	0.834580756	0.936978277	65.93405954	13.19033031	0.94733762	37.37436474	74.17777552	-0.011218656	71.66102967	-0.002117025	1.03419638	27.84715744	13.69717533	22.01770819	3.417364298	6.031808183	6.255192295	19.45574154	25.43870006	NA	NA	NA	NA	NA	NA	NA	NA	NA	NA	NA	NA	NA	NA	NA	NA	NA	NA	NA	NA	NA	NA	NA	NA	22.88528431	NA	64.11574399	NA	64.59804187	NA	NA	NA	NA	NA	NA	NA
wh10173V	wh10173V	2.906475695	65.64836439	37.59507993	133.9038805	100.5070372	33.45592234	1.611606205	31.49346972	140.7459424	40.47331534	11.91952026	22.87123249	7.554256323	142.9441192	4.115927876	44.1996373	21.79610128	79.92326348	115.8773919	0.029163534	3.83763962	71.48421343	-0.055303496	70.89505868	-0.019279675	0.476745707	36.39777569	0.987291112	17.53951815	13.15168667	2.414167489	0.849573525	0.910784321	42.2597175	8.706577487	137.277492	101.9307185	31.83917247	40.34201916	1.926095759	0.599265875	6.346887232	12.30132719	16.16111347	3.00185951	0.781518496	0.898142118	60.2567419	15.86456744	0.89653051	57.66652085	64.67781099	-0.011218483	64.70050462	-0.00140632	3.070548516	35.48656355	15.14160468	17.64606199	1.998342683	6.302587923	6.470452313	20.26615388	31.47007167	420014.5	121491	87220.5	2337608	5381133.5	342160.5	1605	3146901.5	9735750.5	88187	480569.5	93524.5	126886.5	2641252.5	7825177.5	132033	94629	439925.5	86184	71181	213299	99635	1064138	3232	3.641041408	22.0999977	76.98131957	66.30001221	9.34755937	65.5786332	NA	NA	NA	NA	NA	NA
wh10216V	wh10216V	5.906475695	59.64836439	27.59507993	100.9038805	75.5070372	24.45592234	1.111606205	48.99346972	98.11003022	38.05640042	16.00750573	45.97123249	NA	NA	-1.457336891	NA	NA	NA	NA	NA	NA	NA	NA	NA	NA	NA	NA	NA	NA	NA	NA	NA	NA	NA	NA	24.20447114	21.07813624	0.436648139	45.57424603	-0.064987376	NA	NA	NA	NA	NA	NA	NA	NA	NA	NA	25.07217973	77.09133314	-0.024655728	77.20862352	-0.002108245	0.804850798	3.008216628	16.11301088	16.22497036	2.234556643	7.308657777	6.263818408	21.55679817	37.2251086	8769	121636	147624	3057862	8666461	188084	841	20074	3548653	77862	436398	61817	170716	1819503	5547888	251417	136848	98410	60961	708958	394580	300445	1584552	13513	NA	NA	NA	NA	NA	NA	NA	NA	NA	NA	NA	NA
wh10231V	wh10231V	3.50174283	63.33434264	22.21996059	131.6698367	99.27434354	31.26166111	0.337555462	16.15085577	93.28259379	35.97061651	14.06489768	27.27669422	0.687706521	58.36078492	-1.243174615	NA	NA	NA	NA	NA	NA	NA	NA	NA	NA	NA	NA	NA	NA	NA	NA	NA	NA	NA	NA	NA	NA	NA	NA	NA	NA	NA	NA	NA	NA	NA	NA	NA	NA	NA	NA	NA	NA	NA	NA	NA	NA	16.31335432	20.68850061	2.064091493	6.28704191	6.440019281	20.45869624	32.76999298	NA	NA	NA	NA	NA	NA	NA	NA	NA	NA	NA	NA	NA	NA	NA	NA	NA	NA	NA	NA	NA	NA	NA	NA	19.70096133	41.26000109	73.93375085	48.10002407	76.56548143	79.49904833	NA	NA	NA	NA	NA	NA
wh11001	wh11001	6.406475695	60.64836439	57.59507993	161.4038805	129.5070372	31.45592234	0.611606205	50.99346972	151.1100302	45.55640042	21.00750573	49.77123249	3.813933441	142.4857695	0.23696776	NA	NA	NA	NA	NA	NA	NA	NA	NA	NA	NA	NA	NA	NA	NA	NA	NA	NA	NA	NA	113.5342494	95.71310166	24.12145356	61.77570136	1.259430825	0.082201781	5.829446994	11.84938072	9.376423264	2.81023259	0.809153334	0.869475466	59.81611755	12.9498159	0.913145939	22.94003819	61.23597119	-0.011218712	66.20852843	-0.001407909	2.406880185	17.96987229	NA	NA	NA	NA	NA	NA	NA	NA	NA	NA	NA	NA	NA	NA	NA	NA	NA	NA	NA	NA	NA	NA	NA	NA	NA	NA	NA	NA	NA	NA	NA	24.94693137	42.07000504	79.86587514	57.89995339	123.1110623	99.92873283	NA	NA	NA	NA	NA	NA
wh11005	wh11005	5.145038269	58.19168358	13.11837622	82.87909613	62.98185558	19.58386072	2.611326934	35.27842197	NA	NA	NA	19.88783306	NA	NA	6.656082872	47.74922946	14.87164624	84.64943838	112.4101409	1.219527117	6.392887695	73.85196793	1.999999538	76.85243263	2.006655738	-3.006289365	28.94430908	0.848638638	3.516232335	9.741344869	3.445284095	0.803526778	0.933587986	116.5538825	15.19654725	97.48111429	63.89745867	3.65703268	48.81218489	1.389141384	2.110311342	6.405627502	10.96641957	5.062258927	3.079844164	0.801790174	0.919024675	72.76359652	10.76906841	0.924591255	14.14550529	68.53518589	1.983172151	71.01398931	1.997888945	1.785460245	33.72057374	NA	NA	NA	NA	NA	NA	NA	NA	NA	NA	NA	NA	NA	NA	NA	NA	NA	NA	NA	NA	NA	NA	NA	NA	NA	NA	NA	NA	NA	NA	NA	NA	NA	NA	NA	NA	NA	NA	NA	NA	NA	NA	NA
wh11008	wh11008	1.145491806	66.69168358	35.64050364	164.9887154	122.4935944	42.49633621	2.707755852	32.12319098	119.4261254	29.99902467	14.91978553	8.337833063	3.163850112	69.50000459	60.83792736	49.38338309	32.13118386	112.2205606	154.3193788	0.088627499	5.381000079	64.50025772	-0.016918511	62.28877903	-0.025229351	2.173330994	41.91775111	0.932165026	5.832622316	13.78772902	3.683379674	0.7968984	0.953685379	91.17259926	12.92914621	153.4514828	115.5827739	35.77506129	47.55179455	2.009428425	0.539925867	6.458294025	13.43649526	4.778822987	3.502562372	0.814920423	0.952458183	77.86918938	10.60630466	0.9409433	76.74400173	64.68457621	-0.011218691	63.90316966	-0.001403223	0.752422759	37.8575694	NA	NA	NA	NA	NA	NA	NA	NA	NA	NA	NA	NA	NA	NA	NA	NA	NA	NA	NA	NA	NA	NA	NA	NA	NA	NA	NA	NA	NA	NA	NA	NA	NA	NA	NA	NA	NA	NA	NA	NA	NA	NA	NA
wh11017a	wh11017a	4.00174283	57.76265805	16.6691684	115.2744664	75.62809956	39.42276092	1.337555462	55.71463887	NA	NA	NA	31.12669422	3.161078511	66.24999663	49.08950119	52.46658756	11.00390496	58.47439891	88.35016412	1.31733125	3.739531953	62.44196543	1.983081391	62.98409489	1.645649745	-0.492861818	30.47689898	0.895877933	5.470320642	9.481784531	3.637433821	0.815104107	0.956694327	116.1536473	12.00456917	70.29091663	42.78674165	5.362029157	59.04900729	1.509428395	0.795031567	1.974045857	8.05480588	3.662299047	2.908967012	0.821952315	0.933523263	70.3152796	11.81383566	0.950714255	33.24423203	61.04441852	0.988781516	61.25603144	0.99859321	2.782748918	27.70490154	NA	NA	NA	NA	NA	NA	NA	NA	NA	NA	NA	NA	NA	NA	NA	NA	NA	NA	NA	NA	NA	NA	NA	NA	NA	NA	NA	NA	NA	NA	NA	NA	NA	NA	NA	NA	NA	NA	NA	NA	NA	NA	NA
wh12001	wh12001	5.981644733	56.50792941	27.8676913	118.8371334	95.14954227	23.99556458	1.447682968	61.03685761	147.7227909	37.59777683	13.05553663	46.04682989	1.695018847	105.1107793	68.32552644	48.63324247	25.61766043	83.11034497	106.1568725	-0.00464783	1.341383271	62.04482533	-0.016918272	62.75087816	-0.019487643	-0.781616164	23.16542452	0.826290301	5.557314476	14.41182754	3.794218212	0.829930768	0.953072957	83.51941701	15.07707544	114.8155318	85.40912682	20.90449863	57.01064626	1.435017124	0.997694619	3.640122163	14.38907109	7.72332501	3.947261287	0.784806788	0.935281853	79.04695886	16.53202462	0.921462812	46.40395979	59.99475846	-0.012327731	60.89946754	-0.00450999	1.756810338	29.15889896	NA	NA	NA	NA	NA	NA	NA	NA	NA	NA	NA	NA	NA	NA	NA	NA	NA	NA	NA	NA	NA	NA	NA	NA	NA	NA	NA	NA	NA	NA	NA	4.438362254	39.03339608	77.31091616	40.90506903	27.36877275	63.448052	NA	NA	NA	NA	NA	NA
wh12004	wh12004	4.645491806	53.19168358	22.64050364	128.9887154	96.49359444	32.49633621	1.207755852	50.12319098	154.6987946	37.77754641	14.9676838	35.28783306	2.666840751	78.36076839	45.4187683	54.13325604	20.45286671	81.19003178	109.7014143	0.344654996	6.886287245	57.56959144	-0.016918412	61.77776694	-0.026809875	-4.158812344	28.61341351	0.892588741	6.096836799	14.90447629	3.669298478	0.840870249	0.934480215	78.20339364	13.36430559	87.87331811	64.51422749	9.047605344	55.91295808	1.259426918	0.186464936	6.982767656	12.17385644	6.177712692	3.030425918	0.842195372	0.918455663	51.3661964	18.80256155	0.948137905	35.92561469	61.20001777	-0.011218408	64.29891334	-0.001401698	1.014397559	23.0936274	NA	NA	NA	NA	NA	NA	NA	NA	NA	NA	NA	NA	NA	NA	NA	NA	NA	NA	NA	NA	NA	NA	NA	NA	NA	NA	NA	NA	NA	NA	NA	9.999364	20.53000281	76.09754918	66.00001735	39.10509539	60.38236177	NA	NA	NA	NA	NA	NA
wh12005	wh12005	4.906475695	61.64836439	40.09507993	160.9038805	125.5070372	35.45592234	2.111606205	43.49346972	142.474118	34.63948551	11.09549119	38.27123249	2.01120938	41.25001432	29.81504577	49.46626707	35.33138631	109.2180285	149.7232951	1.314225718	8.562566788	63.26231237	-0.016918066	63.23915924	-0.019810821	-0.092851921	40.39456202	0.879594029	6.665614215	15.2632802	3.71143098	0.853452924	0.955208074	86.4787187	15.47597748	156.4573792	113.0181296	29.62616612	50.23691334	1.842759807	0.801675576	7.290224777	12.06339273	11.41365813	2.702743469	0.843118051	0.920995157	50.16806385	15.06423592	0.923251481	35.92570889	66.92250014	-0.011218612	67.74948265	-0.001405723	2.354223642	43.73351099	NA	NA	NA	NA	NA	NA	NA	NA	NA	NA	NA	NA	NA	NA	NA	NA	NA	NA	NA	NA	NA	NA	NA	NA	NA	NA	NA	NA	NA	NA	NA	10.80342506	19.05000504	71.98726243	64.89995339	37.66392809	54.27349601	NA	NA	NA	NA	NA	NA
wh12008	wh12008	6.070322768	57.33211856	17.86789228	136.5554624	104.3510894	31.45669396	0.371679088	52.0798031	126.0860339	40.23617001	15.4196529	46.71223566	2.151010152	66.61077359	-0.473767586	NA	NA	NA	NA	NA	NA	NA	NA	NA	NA	NA	NA	NA	NA	NA	NA	NA	NA	NA	NA	105.5128709	78.75248248	13.30768162	54.30342721	1.092762083	0.035431207	3.42056087	11.04596545	7.833258324	3.444743525	0.819655098	0.942439233	78.30800811	12.03678474	0.856710993	27.84278456	66.05530671	-0.011218605	66.45516319	-0.001404993	2.263757655	26.60011361	NA	NA	NA	NA	NA	NA	NA	221244	192897	105549	1890515	4757849	319975.5	941.5	141552	13222217	12557	426835.5	30207.5	57278	654296	2357722.5	77739	175940	77763.5	50845.5	212645	389298.5	102991	895701.5	5385.5	12.12281176	19.94168584	78.4867338	60.2025981	57.83208992	48.4416019	NA	NA	NA	NA	NA	NA
wh12014	wh12014	8.837895756	61.07890387	39.89635606	143.1228845	112.7840474	29.9219893	1.077482578	36.12830549	127.3783559	32.30505101	12.08019443	68.78569105	4.096291227	54.5000209	-0.012572744	NA	NA	NA	NA	NA	NA	NA	NA	NA	NA	NA	NA	NA	NA	NA	NA	NA	NA	NA	NA	108.1566726	76.62756216	19.57789086	47.64341566	1.842756714	1.339245653	5.254052882	12.79068361	5.945228004	3.159776853	0.81939443	0.93609648	78.52318997	17.30603577	0.949961057	38.49271233	61.97843348	0.655448218	64.72501974	-0.001407213	2.715972364	31.53179459	NA	NA	NA	NA	NA	NA	NA	18199	11442	11284	209170	1041871	206836	181	5273	240863	7649	130967	9839	708170	146139	469444	124505	12033	20069	14049	25822	49437	21264	397637	5072	26.53182328	64.01339608	78.26333007	51.60506903	125.2734735	131.8841341	NA	NA	NA	NA	NA	NA
wh12048V	wh12048V	5.117423064	57.63364469	23.23097024	114.2828635	85.64451194	28.89560233	0.365486478	30.1014928	127.9787011	29.38782815	12.61337709	38.95184831	3.483704834	61.86078	-2.769150326	NA	NA	NA	NA	NA	NA	NA	NA	NA	NA	NA	NA	NA	NA	NA	NA	NA	NA	NA	NA	89.6110854	66.85912425	21.32489962	39.38740298	2.009428938	-0.02838616	4.884790017	12.38717089	6.263310079	3.452916712	0.799571579	0.944429261	79.82665292	11.33787913	0.96486541	23.75889081	60.34380004	-0.011218746	60.22816264	-0.001404636	2.662825891	23.04898286	NA	NA	NA	NA	NA	NA	NA	NA	NA	NA	NA	NA	NA	NA	NA	NA	NA	NA	NA	NA	NA	NA	NA	NA	NA	NA	NA	NA	NA	NA	NA	11.01557891	36.99338469	75.5676679	69.80506268	50.50782844	124.6059203	NA	NA	NA	NA	NA	NA
wh13022A	wh13022A	13.00174283	55.26265805	20.6691684	124.2744664	88.12809956	35.92276092	0.837555462	50.21463887	133.8543596	34.48482059	12.49234161	100.3266942	3.535579697	54.36079502	45.89583248	49.99396679	16.80191182	57.24394641	88.64851584	0.310586311	2.086166368	60.5822336	-0.016918483	60.45086807	-0.02116856	0.154343755	31.06483165	0.845561547	3.154772057	13.74319106	3.3985254	0.834189708	0.940611488	82.38462912	19.04368315	75.9599095	50.33854638	6.750499068	59.54966089	1.176092427	-0.266925123	1.334373935	12.64592964	5.561910024	3.259470353	0.758798809	0.911382082	78.38628373	25.53717797	0.879703425	49.396818	63.82806183	-0.011218674	64.62134831	-0.001406152	1.847001139	25.74118787	NA	NA	NA	NA	NA	NA	NA	234277.3333	210291.6667	587682.3333	1469965	7139483.667	279349	399.3333333	65806.66667	23228338.33	1047250.333	277292	55882	80589	1124784.333	3628060.333	46528	16231	55550.33333	36141	165374.6667	98400	70424.33333	922321.6667	3470	18.30559926	25.89669147	73.08709881	61.70258109	68.13171059	66.71191417	NA	NA	NA	NA	NA	NA
wh13037	wh13037	9.50174283	65.26265805	28.1691684	122.2744664	92.62809956	29.42276092	1.837555462	46.71463887	128.8543596	33.98482059	12.99234161	73.37669422	4.346061035	69.86078765	46.87029383	61.6342614	20.48647315	74.25341213	102.1484614	1.317730531	3.831165215	65.15452348	-0.016918125	65.69687819	-0.020215763	-0.498192064	27.49330729	0.893513411	4.920670446	15.6916504	3.177286203	0.817153818	0.928393638	76.22354854	19.95182996	105.3786483	76.98367853	26.11604082	61.9282593	1.648318887	0.720572401	6.272542349	13.81395537	5.024992279	2.859196622	0.827109138	0.93184753	61.62142131	10.58072534	0.873315673	89.89793729	64.48812574	-0.01121857	64.91816103	-0.00140293	1.523637162	28.6355547	NA	NA	NA	NA	NA	NA	NA	5347	270489	25660	1665486	1572855	487518	135124	471228	1485250	112104	90596	533312	84991	1275642	2492223	47544	787220	523954	224201	110750	239885	92099	995896	7764	13.60559926	32.11169147	77.84044677	66.00258109	73.26825916	94.8840711	NA	NA	NA	NA	NA	NA
wh13040	wh13040	3.00174283	57.76265805	32.1691684	135.7744664	110.1280996	25.42276092	1.837555462	55.21463887	128.3543596	34.48482059	12.49234161	23.42669422	2.460884159	72.48578401	23.6080722	54.21610039	21.90829782	88.51425285	114.386435	1.447646319	2.849072538	65.22061451	-0.016918236	66.322494	-0.023061117	-1.124301697	25.46873013	0.792579607	7.425819856	12.65939739	3.613686185	0.825244986	0.943665576	82.94193733	14.26928212	115.6206922	86.87900669	21.0362921	50.15211178	1.453872046	0.675691304	3.78610784	11.55913116	5.110396403	3.020027364	0.814055017	0.921515236	68.13896569	15.23706656	0.87813962	44.5867435	64.65492154	-0.01121864	67.17929474	-0.001407842	0.717782138	28.35250982	NA	NA	NA	NA	NA	NA	NA	57007	59481	43023	692912	1409219	1037932	833997	15064	2156788	74407	21427	50484	20266	527512	869904	4362	24544	22463	1370	38645	30190	54688	869882	2117	NA	NA	NA	NA	NA	NA	NA	NA	NA	NA	NA	NA
wh13041	wh13041	9.617423064	59.63364469	19.73097024	137.2828635	101.1445119	35.89560233	2.865486478	47.1014928	149.4787011	33.88782815	12.11337709	73.50184831	5.233704834	150.48578	58.58506895	46.13317545	16.88563636	79.35624557	116.888857	1.183234761	5.910559224	60.7479589	0.64974851	60.34130284	-0.017249783	0.241809256	37.84999751	0.925480863	11.32830377	16.44471057	3.562610642	0.808255407	0.932955393	94.79583981	14.8421925	102.3276872	69.86400591	14.00545321	49.12375575	1.426095973	1.237196941	4.307220869	12.96626542	12.41660603	2.856685306	0.778062976	0.879805677	63.84988269	16.54998497	0.910568187	49.63089518	61.3699583	-0.011218554	61.04581637	-0.001407036	1.831405419	32.54207617	NA	NA	NA	NA	NA	NA	NA	NA	NA	NA	NA	NA	NA	NA	NA	NA	NA	NA	NA	NA	NA	NA	NA	NA	NA	NA	NA	NA	NA	NA	NA	25.39935901	48.39000169	74.53463326	60.70000452	99.70601792	123.1297788	NA	NA	NA	NA	NA	NA
wh13048	wh13048	3.817344123	61.00792941	17.3676913	103.3371334	78.64954227	23.99556458	1.947682968	43.03685761	111.7227909	32.59777683	12.55553663	15.29682989	5.239324535	108.9857829	-0.832393692	NA	NA	NA	NA	NA	NA	NA	NA	NA	NA	NA	NA	NA	NA	NA	NA	NA	NA	NA	NA	95.8647244	71.68287624	7.03294649	53.65706249	2.421630178	1.69297592	19.02646794	9.382028843	18.52777221	2.619782168	0.826458087	0.900066889	61.63872303	15.42339752	0.879541555	13.57572546	62.8845748	-0.004500331	63.43793764	0.002404442	3.133744003	24.6372174	NA	NA	NA	NA	NA	NA	NA	NA	NA	NA	NA	NA	NA	NA	NA	NA	NA	NA	NA	NA	NA	NA	NA	NA	NA	NA	NA	NA	NA	NA	NA	4.784900842	4.351692304	79.92101852	69.40253368	23.40725556	13.08994974	4.042474432	3.575876576	80.03397876	69.5689965	19.92398646	10.56511375
wh13053	wh13053	8.995607267	60.47326366	43.61740834	141.2318288	111.7203232	29.32952721	2.132031242	30.88118423	112.7459424	34.47331534	15.91952026	69.23996269	3.58976727	72.4857719	9.317648148	36.85745241	7.889124088	43.59203411	75.89414053	2.950678836	-0.571159957	73.70525741	0.004548464	73.77404376	-0.027891886	0.061200524	32.30592562	0.985912444	6.46301607	12.15900349	3.211282317	0.871420631	0.949337256	75.74136721	15.56092205	111.1821259	84.29296384	27.10775016	45.70630677	1.092764097	0.972330121	6.9664526	10.98366754	7.275451986	3.045702677	0.835624816	0.948222108	75.93484819	13.10457591	0.917414943	69.01586443	62.15762082	-0.01121853	62.86061815	-0.001404536	1.376129656	26.81339333	NA	NA	NA	NA	NA	NA	NA	99414	50705	79449	858745	2311203	61905	2766	888822	3992671	59679	27766	43217	18970	1244906	1707949	21109	18746	87808	6235	224151	137727	39496	293934	759	29.33806519	25.22669148	71.76717105	61.90256557	100.0515956	64.4892689	NA	NA	NA	NA	NA	NA
wh13063A	wh13063A	5.473674088	65.20461915	23.759635	112.5686146	84.77901706	26.82202704	0.995286088	52.69294068	107.1342661	31.09510233	14.1380349	42.44070947	4.715426849	96.11077937	21.85470985	63.05404532	15.9296096	82.28882983	105.9864937	0.977466543	0.635538975	66.96790869	0.002274351	68.39660607	-0.013272153	-1.441705605	24.10351918	0.861481383	11.97830507	11.94436229	3.406766151	0.783977956	0.94714329	77.78419849	8.927567225	84.86351826	61.15650407	10.91564008	67.54975762	1.50942441	1.434689463	1.932172982	8.570388159	4.903881588	2.629194853	0.854162071	0.913235259	69.97364215	18.79300234	0.911107047	36.29346121	62.00374544	-0.011218771	64.03191085	-0.001408742	1.991292598	23.79048544	NA	NA	NA	NA	NA	NA	NA	NA	NA	NA	NA	NA	NA	NA	NA	NA	NA	NA	NA	NA	NA	NA	NA	NA	NA	NA	NA	NA	NA	NA	NA	8.48096133	38.22000109	73.23375085	41.80002407	32.61325978	65.67011481	NA	NA	NA	NA	NA	NA
wh13064	wh13064	6.906475695	58.64836439	24.09507993	119.9038805	91.5070372	28.45592234	2.611606205	52.49346972	97.11003022	40.55640042	16.00750573	53.62123249	3.289539168	105.7357856	9.2718088	49.82623158	18.5652431	70.08509315	93.21610254	0.476320298	2.623048107	69.17848926	-0.0253775	69.37234371	-0.029998731	-0.18329321	22.98628176	0.875707579	9.934429689	12.50750467	3.820150643	0.822078983	0.951569291	104.7009094	9.786494218	72.90026759	45.28128173	12.82228388	NA	NA	2.955167685	-1.679730828	7.040000685	5.092306788	0.969740391	0.785070647	0.837662254	22.71692963	12.94721087	0.983596333	8.368614478	NA	-0.009000221	73.65323369	0.0048005	3.94458914	27.84712148	NA	NA	NA	NA	NA	NA	NA	NA	NA	NA	NA	NA	NA	NA	NA	NA	NA	NA	NA	NA	NA	NA	NA	NA	NA	NA	NA	NA	NA	NA	NA	43.05342506	29.64670056	73.89908929	62.55251121	159.4753013	79.44977654	NA	NA	NA	NA	NA	NA
wh13070	wh13070	2.15E+00	59.1923937	36.16263107	115.0983346	84.00533331	31.40881169	0.804184769	40.96796	132.9714638	38.55606815	14.01558206	8.337833063	4.641505486	76.77744725	3.081215462	32.60424414	6.718071401	48.20738469	72.74072913	1.50241572	6.950987248	71.34728396	-8.17E-08	73.42415214	-0.003295515	-2.034378981	24.4024998	0.906245823	12.56927663	11.36911479	2.748199554	0.860649854	0.927120136	91.42238517	11.93330419	77.18964717	56.53437695	15.24240145	19.98265716	1.499998563	1.345824698	13.56198964	11.38529081	10.57617561	3.407404483	0.811993037	0.939878813	87.2039134	16.03287325	0.887131096	22.27032923	62.28905222	-0.012327865	62.37678087	-0.0045112	3.379315151	20.70329483	NA	NA	NA	NA	NA	NA	NA	NA	NA	NA	NA	NA	NA	NA	NA	NA	NA	NA	NA	NA	NA	NA	NA	NA	NA	NA	NA	NA	NA	NA	NA	NA	NA	NA	NA	NA	NA	NA	NA	NA	NA	NA	NA
wh13074A	wh13074A	9.981644733	57.50792941	26.3676913	115.3371334	90.14954227	25.49556458	1.447682968	39.53685761	124.2227909	33.09777683	14.05553663	76.79682989	3.958071198	72.23576806	2.938139355	40.19314694	8.960327811	50.68173846	67.74879583	2.131869297	4.142017479	69.94675895	0.004548784	68.88849249	-0.033199648	1.073455451	16.57776023	0.88357191	3.465196428	7.718675503	3.243096217	0.807827234	0.918247772	86.59518297	36.32170241	46.12139935	31.89740054	10.19613534	41.82293274	1.176095527	1.274522466	7.058492853	7.878118378	6.072512104	2.892082204	0.768673817	0.911687113	83.55082887	14.81535531	0.957853998	46.43696641	62.28316235	-0.011218516	61.9682358	-0.001404732	0.916160068	14.09628188	NA	NA	NA	NA	NA	NA	NA	NA	NA	NA	NA	NA	NA	NA	NA	NA	NA	NA	NA	NA	NA	NA	NA	NA	NA	NA	NA	NA	NA	NA	NA	12.78886313	13.54669944	73.50423267	58.05254319	49.94481487	30.99430978	NA	NA	NA	NA	NA	NA
wh14022B	wh14022B	NA	NA	NA	NA	NA	NA	NA	NA	NA	NA	NA	NA	NA	NA	23.82759739	43.02214462	14.58933102	52.59305141	80.46064144	0.59651774	4.924884716	62.64632056	-0.016918231	61.15020424	0.313202129	1.258619108	27.59919426	0.873615204	4.651006669	7.205509536	2.952564983	0.767718965	0.913340159	74.95354542	19.96645072	69.20447114	46.07813624	0.436648139	44.9776127	1.843264773	0.50310839	-1.721595838	10.1309172	3.886622579	3.149799924	0.656971925	0.890088111	64.44103482	19.52096595	0.975781989	31.34303406	61.28778046	0.483172075	61.00137469	0.497890019	2.804850798	23.00821663	NA	NA	NA	NA	NA	NA	NA	NA	NA	NA	NA	NA	NA	NA	NA	NA	NA	NA	NA	NA	NA	NA	NA	NA	NA	NA	NA	NA	NA	NA	NA	NA	NA	NA	NA	NA	NA	NA	NA	NA	NA	NA	NA
wh14082V	wh14082V	NA	NA	NA	NA	NA	NA	NA	NA	NA	NA	NA	NA	NA	NA	62.85299617	43.6996373	29.67110128	82.04826348	107.2523919	0.195388217	15.56950866	60.3634065	-0.016918084	60.0304192	-0.011899287	0.21664099	25.64777569	0.857937989	7.217367578	9.94879824	3.274716829	0.815406481	0.936873238	84.57895307	16.88230744	96.09447637	67.43934103	18.55593335	47.78924494	1.676094983	0.851243298	20.87648652	8.577811702	9.072596699	2.732684583	0.79710698	0.902923207	57.69276524	15.66169351	0.986344272	74.3974803	57.91957616	-0.011218383	60.16290965	-0.001403233	4.443040151	28.40836573	NA	NA	NA	NA	NA	NA	NA	NA	NA	NA	NA	NA	NA	NA	NA	NA	NA	NA	NA	NA	NA	NA	NA	NA	NA	NA	NA	NA	NA	NA	NA	NA	NA	NA	NA	NA	NA	NA	NA	NA	NA	NA	NA
wh14101V	wh14101V	NA	NA	NA	NA	NA	NA	NA	NA	NA	NA	NA	NA	NA	NA	16.31667124	34.91079497	16.79270078	86.98717316	118.9876581	0.447835725	6.015249779	72.26810462	-0.016918566	75.13142501	-0.02476613	-2.825824549	32.15993343	0.860275663	11.75671711	11.89990403	2.986172003	0.77951533	0.893587579	63.32468763	14.29702039	147.1882886	109.0604858	24.17612749	42.80029563	2.046634066	-0.041744198	8.751699357	13.31314569	7.844249384	3.228323949	0.81466808	0.925186197	80.30408446	9.480532012	0.938277041	29.82614396	68.52535254	-0.004500038	68.4266436	0.002405229	1.126188932	38.18757336	NA	NA	NA	NA	NA	NA	NA	NA	NA	NA	NA	NA	NA	NA	NA	NA	NA	NA	NA	NA	NA	NA	NA	NA	NA	NA	NA	NA	NA	NA	NA	NA	NA	NA	NA	NA	NA	NA	NA	NA	NA	NA	NA
wh14102V	wh14102V	NA	NA	NA	NA	NA	NA	NA	NA	NA	NA	NA	NA	NA	NA	18.60285734	40.88306905	16.79663922	82.9603853	116.8435468	1.303278907	7.257665184	71.03161982	-0.027651746	72.27401544	-0.011224423	-1.257283588	33.92691879	0.897795242	8.363866387	14.95341228	3.31501894	0.829970794	0.915121051	81.56317632	16.82593086	145.0466669	106.5854069	29.4006149	42.5469794	1.671634329	0.567738995	9.522235045	15.67199713	8.860128052	3.272300248	0.803370017	0.90834082	73.27509018	17.10480352	0.921536414	10.81112027	68.48698756	-0.004500196	69.77848005	0.002397887	1.571833257	38.44761653	NA	NA	NA	NA	NA	NA	NA	NA	NA	NA	NA	NA	NA	NA	NA	NA	NA	NA	NA	NA	NA	NA	NA	NA	NA	NA	NA	NA	NA	NA	NA	NA	NA	NA	NA	NA	NA	NA	NA	NA	NA	NA	NA
wh14113V	wh14113V	NA	NA	NA	NA	NA	NA	NA	NA	NA	NA	NA	NA	NA	NA	25.78022727	51.59745458	35.50128552	100.4757239	134.5686774	0.476471534	11.97114252	68.83256616	0.002274185	68.79467303	-0.01664767	0.063935817	33.87735831	0.897336256	6.39989231	13.4408184	3.530645952	0.825064425	0.927814582	81.48453126	17.63247037	131.2277166	97.20486997	33.27816458	53.74204873	1.898318872	0.90707872	17.92471725	14.67397852	6.381625542	3.31334029	0.803160681	0.904723187	39.3131708	14.1919371	0.980626518	41.69809619	60.27391009	-0.011218461	60.49437468	-0.001404645	1.24530715	34.50430003	NA	NA	NA	NA	NA	NA	NA	NA	NA	NA	NA	NA	NA	NA	NA	NA	NA	NA	NA	NA	NA	NA	NA	NA	NA	NA	NA	NA	NA	NA	NA	NA	NA	NA	NA	NA	NA	NA	NA	NA	NA	NA	NA
wh14119V	wh14119V	NA	NA	NA	NA	NA	NA	NA	NA	NA	NA	NA	NA	NA	NA	-0.039238973	51.19198111	12.4006791	59.05935079	91.13881868	1.052680775	3.512063152	65.19986723	0.004549123	69.14451113	-0.023517246	-3.905849733	32.3143438	0.751102175	9.279904166	16.094953	2.790624314	0.904707597	0.939467279	50.57573457	34.35197536	113.802336	81.00488419	23.07080422	31.79790044	1.671634443	0.037369246	14.27820018	15.4005117	5.622742685	3.505323058	0.825625472	0.899534764	62.24203243	21.41833597	0.855904664	56.13857849	56.05100735	-0.011218376	56.22480259	-0.001407584	1.024783635	33.3577343	NA	NA	NA	NA	NA	NA	NA	NA	NA	NA	NA	NA	NA	NA	NA	NA	NA	NA	NA	NA	NA	NA	NA	NA	NA	NA	NA	NA	NA	NA	NA	NA	NA	NA	NA	NA	NA	NA	NA	NA	NA	NA	NA
wh14202N	wh14202N	NA	NA	NA	NA	NA	NA	NA	NA	NA	NA	NA	NA	NA	NA	26.69909189	53.21623915	23.18358089	82.6771675	111.7796508	-0.013140207	7.228098013	63.80667694	-0.016918265	63.56275694	-0.01527466	0.197778166	29.59052643	0.957833646	7.612094234	13.07206778	3.764660073	0.837584167	0.956284636	110.843815	10.63845797	102.7451135	72.16471033	21.68419156	63.80006539	1.717510573	0.023418449	4.931531099	11.3999136	6.33140152	3.65680572	0.844737086	0.953450039	95.0575774	10.50634441	0.899805249	37.02748183	60.63904648	-0.012327815	61.67518427	-0.004506536	0.610801772	30.75063952	NA	NA	NA	NA	NA	NA	NA	NA	NA	NA	NA	NA	NA	NA	NA	NA	NA	NA	NA	NA	NA	NA	NA	NA	NA	NA	NA	NA	NA	NA	NA	NA	NA	NA	NA	NA	NA	NA	NA	NA	NA	NA	NA
wh14210N	wh14210N	NA	NA	NA	NA	NA	NA	NA	NA	NA	NA	NA	NA	NA	NA	34.68856837	54.38343485	21.11261552	77.39605305	108.0936249	0.528649152	4.724021198	64.94756056	-0.016918199	63.93989584	-0.023332233	0.889432146	30.40270466	0.911731589	4.795100655	11.95451913	3.704516979	0.831615365	0.951109976	91.67111723	15.45399164	99.22980242	63.26918421	10.81670956	66.89987577	1.546636383	-0.100951374	4.205492387	10.5278964	4.864180654	3.352048622	0.823684246	0.944613423	92.26667768	12.99247041	0.912142298	22.62468358	61.94922682	-0.004500029	63.81136586	0.002402838	0.539077863	35.89974073	NA	NA	NA	NA	NA	NA	NA	NA	NA	NA	NA	NA	NA	NA	NA	NA	NA	NA	NA	NA	NA	NA	NA	NA	NA	NA	NA	NA	NA	NA	NA	NA	NA	NA	NA	NA	NA	NA	NA	NA	NA	NA	NA
wh92047	wh92047	5.48E+00	61.50792941	38.8676913	130.3371334	107.6495423	22.49556458	1.947682968	36.03685761	139.7227909	36.09777683	15.05553663	42.19682989	1.692973339	54.23578289	3.8186647	50.33365783	31.47957466	88.22666031	110.3264467	0.65756515	1.706544005	67.30985882	2.16E-07	67.4207626	-0.002504027	-0.028533889	22.26641983	0.848224932	6.933947826	14.23792146	3.095706569	0.839486215	0.933219948	86.40662802	11.57533959	119.236039	94.64855134	35.97351336	49.06142699	1.592511207	0.119336705	7.616927113	12.54820146	5.684727072	3.369841742	0.787316185	0.921630548	73.36219306	14.280206	0.815845638	35.90938904	61.54307997	-0.01232786	62.55415774	-0.004508145	0.594050656	24.59014298	15.50872906	18.73235134	2.236230698	10.14971988	6.61045154	15.82466089	22.42853724	NA	NA	NA	NA	NA	NA	NA	NA	NA	NA	NA	NA	NA	NA	NA	NA	NA	NA	NA	NA	NA	NA	NA	NA	29.94989835	32.07000169	78.03956056	62.20000452	144.7772515	84.84127766	NA	NA	NA	NA	NA	NA
wu07812	wu07812	8.481644733	56.50792941	26.3676913	142.3371334	117.1495423	24.99556458	-0.052317032	44.53685761	102.7227909	30.09777683	13.05553663	65.24682989	6.578641659	125.11078	79.83635767	33.88396195	29.92287863	103.7182542	128.1444375	-0.066915895	9.914296042	57.31407028	-0.016918264	57.58399331	-0.021597747	-0.17158298	24.94286438	0.941423255	6.136415325	12.17555748	3.373045255	0.86050278	0.958501024	87.26869441	14.54634707	114.5561048	83.28348367	19.05090356	46.77826521	1.842764578	0.254225804	7.883349873	10.59025773	10.07823721	3.134039233	0.837994668	0.938670226	74.55537676	12.77499294	0.95736646	66.95340719	58.58366956	-0.011218643	61.22597176	-0.001406677	3.060342831	31.06367634	NA	NA	NA	NA	NA	NA	NA	NA	NA	NA	NA	NA	NA	NA	NA	NA	NA	NA	NA	NA	NA	NA	NA	NA	NA	NA	NA	NA	NA	NA	NA	69.19590227	71.47169996	71.08261398	58.75250769	239.2157509	174.0983085	69.51533075	70.69598559	71.23815842	58.91894328	238.0732642	171.5736223
wu10802R	wu10802R	11.57032277	54.83211856	30.86789228	122.5554624	93.85108937	28.45669396	0.371679088	51.0798031	102.5860339	33.23617001	13.4196529	88.96223566	4.893137227	130.8607825	43.22855228	60.88247205	29.02423215	80.98636854	106.0586038	0.030405739	4.842932172	62.15102442	-0.016918238	60.8996643	-0.016823095	1.200376639	25.30613165	0.963617659	8.918944909	10.33212304	3.196001258	0.850005458	0.945190201	99.95369073	13.38284337	101.747816	76.00459054	17.72980324	65.95989651	1.176094514	-0.035232901	7.56956473	10.03524129	7.788342351	2.985697179	0.788053209	0.92895851	88.93417552	13.27194831	0.978025659	69.06307322	60.31939266	-0.011218595	61.13508391	-0.001407846	0.808774024	25.20973505	NA	NA	NA	NA	NA	NA	NA	NA	NA	NA	NA	NA	NA	NA	NA	NA	NA	NA	NA	NA	NA	NA	NA	NA	NA	NA	NA	NA	NA	NA	NA	81.89584828	NA	75.8637726	51.60507765	337.0337093	NA	81.62390723	NA	75.9303474	51.93796034	337.5766593	NA
wu10804R	wu10804R	5.042254027	65.27407967	41.45835887	122.3496106	89.00200687	32.85596009	1.029409714	33.05810492	104.3659404	35.84645175	13.56534619	38.82625091	2.138227467	60.86077211	27.56235343	39.60374733	31.60470653	80.47127337	115.5063964	0.969527117	7.140623619	70.82280503	1.972347847	72.06371434	1.984545826	-1.263626353	35.76614903	0.874874005	7.72379495	11.80636226	3.37105634	0.831321397	0.936505544	65.19157458	20.00838612	NA	NA	NA	NA	NA	NA	NA	NA	NA	NA	NA	NA	NA	NA	NA	NA	NA	NA	NA	NA	NA	NA	NA	NA	NA	NA	NA	NA	NA	NA	NA	NA	NA	NA	NA	NA	NA	NA	NA	NA	NA	NA	NA	NA	NA	NA	NA	NA	NA	NA	NA	NA	NA	86.97342506	NA	65.38726243	NA	251.5691798	NA	86.50512656	NA	65.30155004	NA	249.856029	NA
wuh07177i	wuh07177i	8.481644733	55.00792941	27.3676913	130.8371334	102.1495423	28.49556458	0.447682968	44.53685761	124.2227909	40.59777683	17.55553663	65.24682989	0.079598706	48.48578156	1.964512676	50.19147401	6.909421084	53.1246396	26.9697563	0.000742583	0.617516903	69.04409576	0.004549254	68.69722466	-0.021284322	0.167364114	NA	0.823127241	2.874476864	7.303582818	3.421965835	0.864035813	0.963061257	102.7751318	12.99578677	75.16035342	50.50704247	12.45809799	41.68298553	1.148317483	0.521776653	2.730653531	10.5441287	5.783190531	3.890749732	0.782073602	0.939839981	104.1621422	16.22608272	0.897379434	38.74311464	59.11942892	-0.011218593	59.19578144	-0.001406065	1.136089543	24.66163191	24.26344842	28.82641441	1.57420201	5.421793679	5.306419717	15.5243891	23.11714111	NA	NA	NA	NA	NA	NA	NA	NA	NA	NA	NA	NA	NA	NA	NA	NA	NA	NA	NA	NA	NA	NA	NA	NA	9.963702385	26.48419681	68.98530849	59.25249854	29.2166268	63.68533269	NA	NA	NA	NA	NA	NA
wuh07182i	wuh07182i	9.570322768	52.33211856	14.36789228	115.5554624	86.85108937	28.45669396	1.371679088	62.5798031	98.58603391	32.73617001	12.4196529	73.56223566	4.582063083	86.56910982	63.96798682	61.13328745	11.91397629	85.66346089	108.6864186	0.619073586	7.905904923	56.00678472	-0.016918296	55.39533075	-0.022354294	0.521825332	22.80639942	0.886318341	6.05419479	11.82058116	3.263093436	0.802348037	0.916514724	85.99893467	17.0382717	106.5165042	78.52634844	11.17890029	61.36675504	1.42609452	1.528464245	6.919802406	9.413514526	4.782826269	3.134715688	0.81385543	0.939577977	84.26194082	15.43078839	0.932677181	76.18432715	55.5935216	-0.011218719	57.26624864	-0.001403401	2.673634347	28.31144972	15.20721442	16.10333715	4.611147431	6.024426859	5.830440661	20.18395722	35.42536301	267044.6667	67819	114965	666382.6667	1582850.333	87773	535.3333333	32955.33333	3337728.667	32868.33333	129479.6667	595618.6667	382473.6667	337756.3333	984892.3333	102704.6667	19255.33333	342131	43371.66667	93940.66667	74074.33333	57559.66667	428953.6667	2630	16.76538634	35.67998984	76.33302083	52.20005809	72.7529681	74.64433982	NA	NA	NA	NA	NA	NA
wuh07186i	wuh07186i	8.406475695	57.14836439	24.09507993	126.4038805	97.5070372	28.45592234	0.611606205	47.99346972	120.7459424	34.47331534	13.91952026	65.12123249	5.231361988	84.48577442	66.36755601	48.30006696	12.69630699	70.19493238	87.14717696	0.09183699	2.989431405	62.57618002	-0.016918228	69.02936484	-0.019852501	-6.472364668	17.32206209	0.886893002	4.183230324	12.93956176	3.111027951	0.855989247	0.936289035	82.72215397	12.83296877	93.46900272	66.83821752	9.820804224	52.96456711	1.509426771	0.037369246	3.944866844	11.63790723	9.03147717	2.989997489	0.817338047	0.925645293	86.6364624	11.75632626	0.886900919	81.77960413	59.38434069	-0.011218376	65.22813403	-0.001407584	2.941450302	27.19106764	20.87833147	22.24715928	3.397166943	5.813290818	5.550226888	15.33184126	29.19537764	NA	NA	NA	NA	NA	NA	NA	NA	NA	NA	NA	NA	NA	NA	NA	NA	NA	NA	NA	NA	NA	NA	NA	NA	12.58104141	41.98168975	72.48131957	58.50253111	41.04296625	90.74726427	NA	NA	NA	NA	NA	NA
wuh07422i	wuh07422i	7.145038269	59.19097346	21.11837622	102.8790961	75.98185558	25.58386072	1.611326934	43.27842197	129.4261254	36.99902467	16.91978553	54.78450863	3.410320157	42.7357732	6.792339898	45.20729348	20.19152345	82.78717618	108.9492985	1.672312961	9.496549422	57.48421343	-0.055303496	58.89505868	-0.019279675	-1.523254293	26.81454092	0.895758206	5.242041165	12.48920106	3.5275918	0.822182453	0.949794489	97.44129472	12.92701198	103.0456051	69.64509832	12.93791743	48.423423	1.620534341	1.228131193	10.46439957	12.27675023	6.56277672	3.248724217	0.815308293	0.932676335	66.49737143	11.37723497	0.888278221	63.24121286	58.08852988	-0.011218775	60.24999773	-0.001410509	2.655767052	33.62977101	16.28799587	16.44721898	2.256849028	4.901662817	5.89298356	17.51586546	29.27830598	NA	NA	NA	NA	NA	NA	NA	NA	NA	NA	NA	NA	NA	NA	NA	NA	NA	NA	NA	NA	NA	NA	NA	NA	12.12875878	NA	77.12924423	NA	56.30206048	NA	12.78872214	NA	77.16896992	NA	56.21799508	NA
wuh07428i	wuh07428i	7.406475695	54.14836439	12.59507993	83.90388054	58.0070372	25.45592234	1.111606205	42.99346972	89.61003022	28.55640042	8.507505725	57.42123249	0.138463913	20.73578912	57.07307049	49.80041349	17.14663427	60.93370761	82.53145741	0.373334029	2.192975146	54.54943972	-0.01691838	51.8111201	-0.026502711	2.830623766	21.59282316	0.890236513	3.801818834	9.273195116	2.982234671	0.870112458	0.94727883	77.57764074	13.79812508	87.41065603	60.5709184	16.10029237	57.9065186	1.676091523	0.342809363	1.629599692	9.907396696	3.559360194	3.264611197	0.839597254	0.952045137	77.87288083	11.32725976	0.97710376	61.80696574	51.75952121	-0.0112188	52.18458303	-0.001405333	0.66529424	27.27949658	NA	NA	NA	NA	NA	NA	NA	NA	NA	NA	NA	NA	NA	NA	NA	NA	NA	NA	NA	NA	NA	NA	NA	NA	NA	NA	NA	NA	NA	NA	NA	NA	NA	NA	NA	NA	NA	NA	NA	NA	NA	NA	NA
wuh07429i	wuh07429i	5.617423064	54.63364469	20.23097024	115.7828635	87.64451194	28.39560233	1.365486478	50.1014928	78.47870108	28.38782815	11.11337709	42.80184831	3.096297489	85.61076913	21.33609905	57.74387124	20.58840127	68.51152695	95.24675556	0.508221135	1.403362427	65.11695582	-0.016918614	65.30049081	-0.019600078	-0.155350728	27.22385234	0.90539397	7.19827978	10.48452739	2.919735526	0.835631011	0.953723056	91.23705664	9.594040401	90.49919754	64.38165357	13.77401793	49.43546347	1.296637815	0.043868063	3.939052004	8.93066931	6.113185349	2.930959586	0.814925588	0.939637222	74.33065536	10.95159554	0.929889272	45.23320617	64.10049983	-0.004500099	65.00488012	0.002401464	1.20456417	26.53390334	17.81521148	17.67567625	2.606395068	4.899774172	5.474772416	16.14365885	29.50488914	NA	NA	NA	NA	NA	NA	NA	NA	NA	NA	NA	NA	NA	NA	NA	NA	NA	NA	NA	NA	NA	NA	NA	NA	33.86722649	45.84169404	75.92528585	66.80256814	135.5633563	139.8822594	32.75208612	45.06594683	75.9675072	66.96901882	131.962525	137.3576003
wuh07466i	wuh07466i	NA	NA	NA	NA	NA	NA	NA	NA	NA	NA	NA	NA	NA	NA	50.09123612	50.71625243	16.8401382	82.8801677	106.7276784	0.030066488	10.79452155	56.61257665	-0.016918264	56.33604054	-0.023216769	0.213312991	23.70656841	0.906337367	4.32828728	12.28082673	3.497806843	0.835324515	0.941946258	107.4179279	10.04094924	94.34150089	69.8416565	10.97013337	54.56900609	1.176092587	0.447109905	9.717070561	11.37917721	5.500371142	3.243267918	0.816234611	0.930616651	82.60212393	10.64707402	0.93516743	57.14239466	54.22590245	-0.011218793	56.34736141	-0.001408649	1.658686419	24.38366019	18.44743505	14.53476074	3.909817879	5.806103065	5.561784422	19.28038842	32.56378812	NA	NA	NA	NA	NA	NA	NA	NA	NA	NA	NA	NA	NA	NA	NA	NA	NA	NA	NA	NA	NA	NA	NA	NA	NA	NA	NA	NA	NA	NA	NA	NA	NA	NA	NA	NA
wuh07469i	wuh07469i	5.042254027	59.27407967	19.45835887	117.3496106	99.50200687	24.35596009	0.529409714	45.05810492	147.8659404	28.84645175	11.06534619	38.77625091	4.140492283	46.86078821	22.84859883	57.18830168	23.04288319	85.34584796	116.3903043	0.578328951	10.14247621	57.87907022	-0.016918489	56.51004468	-0.016741911	1.237473489	31.3188652	0.971625036	6.450601339	12.98413348	3.095566292	0.852376158	0.944932023	77.81069024	11.09149586	110.4010133	79.17416127	12.19892076	61.99473644	2.009427198	1.335210241	9.4175766	11.09091683	7.121704136	3.380891581	0.809996109	0.936932508	81.33007946	15.93011521	0.950029338	40.0948544	55.77917224	-0.011218376	57.63943341	-0.00140546	2.822485922	30.73163208	20.26448264	21.79858992	2.353771326	5.437430346	5.033745565	15.05524812	30.52242032	NA	NA	NA	NA	NA	NA	NA	NA	NA	NA	NA	NA	NA	NA	NA	NA	NA	NA	NA	NA	NA	NA	NA	NA	41.60557891	67.74338469	72.9676679	55.30506268	156.173984	152.1001732	42.90917916	66.19188067	73.00011838	55.63793982	159.5761923	147.0507041
wuh07481i	wuh07481i	9.117423064	54.63364469	25.73097024	127.7828635	97.14451194	30.39560233	0.365486478	54.6014928	120.4787011	37.38782815	16.11337709	69.65184831	-0.047276966	37.11077467	46.67599754	58.63439145	26.53011262	88.7481854	117.6633355	0.408022396	13.94354819	56.48625815	-0.016918492	57.62144737	-0.023619809	-1.131030569	28.8642352	0.980434493	5.464077687	13.55113131	3.814059391	0.854414133	0.956064496	90.46601851	19.98813908	112.3786483	81.31701186	24.50492971	50.40048152	1.592763332	0.192794623	8.855875682	11.80864339	6.736724967	3.658792441	0.813883206	0.92752262	84.74220397	16.49642364	0.907270513	74.5133219	56.48812574	0.655448097	57.25149436	0.665263737	1.495859384	31.30222137	16.66695984	17.79465061	2.159113738	6.619656761	6.03001207	17.45691996	34.64303962	NA	NA	NA	NA	NA	NA	NA	NA	NA	NA	NA	NA	NA	NA	NA	NA	NA	NA	NA	NA	NA	NA	NA	NA	16.23557891	74.66338469	76.0676679	58.40506268	73.10855923	181.2820896	17.53917916	73.11188067	76.10011838	58.73793982	76.51076752	176.2326205
wuh07492i	wuh07492i	5.337895756	54.57890387	13.39635606	108.6228845	75.28404739	32.9219893	2.077482578	59.12830549	110.8783559	25.80505101	9.080194434	41.93569105	3.44435914	50.6941202	33.44998324	66.46659416	15.49654057	82.05358375	110.3528808	1.034714922	5.852900476	55.67590402	-0.016918308	53.74854124	-0.02240893	1.872006665	28.26706276	0.97891164	5.24457513	11.2568572	2.994738202	0.829661149	0.923384549	82.47958522	14.07421645	105.5416605	73.75244861	14.37416308	60.37482606	1.314985755	1.747304984	7.514261821	11.45689018	4.742482392	2.979125472	0.803722705	0.925252698	67.51939717	7.860479233	0.931175397	26.33032575	54.39753676	-0.011218602	50.77548506	-0.001404386	1.873205751	31.92679984	NA	NA	NA	NA	NA	NA	NA	482013	64177	108589	457234	1566337	27757	1296	16405	1289113	52825	623234	19908	303234	1476611	553344	72117	1189649	82211	150756	174940	559098	184869	96561	10052	12.00239101	30.67000177	74.7991959	69.39991993	52.36336979	100.2287545	NA	NA	NA	NA	NA	NA
wuh08127ia	wuh08127ia	10.40647569	54.64836439	37.09507993	149.9038805	117.5070372	32.45592234	1.611606205	48.49346972	118.1100302	36.55640042	16.50750573	80.52123249	0.004874509	53.11077409	-0.647008592	NA	NA	NA	NA	NA	NA	NA	NA	NA	NA	NA	NA	NA	NA	NA	NA	NA	NA	NA	NA	81.0853191	64.25281346	16.07816336	43.43252332	1.176095232	0.322782323	4.867454836	10.4938073	6.252944319	3.521291528	0.772695306	0.940958479	91.13095993	25.18773107	0.888454471	74.96829366	59.05558557	0.322114652	57.18593423	0.331923622	1.086906043	16.34892346	25.11223748	30.54923904	2.094319655	5.052243255	5.220306086	15.26481024	22.56093573	382086.3333	66889	28629.33333	384095.3333	645822.3333	12109.66667	44531.33333	3740.666667	604424	10848.33333	59718.66667	6419.333333	24485.33333	270833.3333	913423.6667	28163.66667	18807.33333	36336.66667	17056	204831.3333	102513.6667	7947	44967.66667	2334.666667	3.98921605	35.86669089	71.28450228	57.15252533	16.69512708	82.89058805	4.196378647	35.09081218	71.42228438	57.31899732	16.28520348	80.36572534
wuh09093i	wuh09093i	9.570322768	52.83211856	23.86789228	138.5554624	104.3510894	33.95669396	1.371679088	58.0798031	129.0860339	31.73617001	11.4196529	73.56223566	3.06650215	57.98576901	72.21441881	60.38248616	26.39231412	91.71623312	123.2742099	0.840751706	11.00614468	53.15125982	-0.016918331	53.63341501	-0.021598393	-0.486636481	31.25308135	0.907811523	3.704187943	12.68968014	3.359018462	0.858716516	0.937214562	86.55351212	12.90332785	108.4415368	75.32375993	11.89793985	61.06627556	1.509423106	0.960485727	4.8709338	11.53152691	4.194027505	3.372562834	0.819933595	0.930570652	77.26020783	12.77227402	0.910972572	80.4138087	52.0462733	-0.011218518	51.92478215	-0.001403058	2.573655159	33.19989746	16.26962175	18.86306972	1.708650232	6.534603629	6.178491316	20.90040017	37.41976061	NA	NA	NA	NA	NA	NA	NA	NA	NA	NA	NA	NA	NA	NA	NA	NA	NA	NA	NA	NA	NA	NA	NA	NA	28.21281176	85.72168584	78.2867338	57.9025981	130.4550981	203.955995	28.04040866	84.94571933	78.35122563	58.0690618	129.7971618	201.4309886
wuh09097i	wuh09097i	NA	NA	NA	NA	NA	NA	NA	NA	NA	NA	NA	0.51223566	NA	NA	26.51957269	40.88382867	7.303834765	36.78163531	57.40093241	0.940740846	3.302779619	62.25925589	-0.016918363	62.39615033	-0.019477527	-0.140754933	20.54230393	0.897422173	3.65161242	11.87159495	3.215160454	0.848586813	0.946986872	90.20170276	16.25966547	102.3552528	65.40062356	11.81097839	44.51943304	1.509429234	1.353075347	8.429143206	11.13582092	7.578431098	2.74112401	0.82529577	0.930441245	56.17406236	10.16301866	0.898421679	44.92209565	52.07470252	-0.011218467	52.11953013	-0.001405632	2.076101503	37.19353007	18.77696143	14.46333055	2.057439997	5.101937673	5.51898648	20.04183926	33.33391011	NA	NA	NA	NA	NA	NA	NA	NA	NA	NA	NA	NA	NA	NA	NA	NA	NA	NA	NA	NA	NA	NA	NA	NA	NA	NA	NA	NA	NA	NA	NA	NA	NA	NA	NA	NA
wuh09098i	wuh09098i	2.817344123	54.82346511	14.57275153	144.5759323	111.2937512	33.58231748	1.091181167	41.10575522	138.474118	43.63948551	14.09549119	22.60250229	3.143137227	55.11078253	16.07571756	44.7163787	19.76986267	96.3828452	131.9461488	1.971754104	6.580278145	62.33953256	-0.016918378	62.48051763	-0.019255967	-0.143065506	36.30990372	0.852049628	9.192179734	13.18453835	4.054193295	0.831074522	0.958410776	89.6147002	19.05952709	125.0284495	89.12004764	42.39089835	46.8769935	1.842763089	0.755040142	12.90419474	13.49983367	6.557298973	3.705242049	0.807144026	0.926258866	84.48564835	23.11943094	0.923420566	57.40059868	57.31763501	-0.011218387	58.51673355	-0.001407926	1.759009881	35.6209164	15.93466791	19.37935251	2.212088532	6.347625695	6.371759786	21.33304642	39.20499034	NA	NA	NA	NA	NA	NA	NA	NA	NA	NA	NA	NA	NA	NA	NA	NA	NA	NA	NA	NA	NA	NA	NA	NA	NA	NA	NA	NA	NA	NA	NA	NA	NA	NA	NA	NA
wuh09144i	wuh09144i	6.906475695	57.64836439	23.09507993	110.9038805	78.5070372	32.95592234	3.111606205	49.49346972	118.1100302	34.05640042	13.00750573	53.62123249	3.07972844	61.98577008	65.00354517	54.96635034	25.3971842	77.13358953	113.6119706	0.56657955	7.903553568	59.77090954	-0.01691816	59.49651921	-0.022390167	0.198460208	36.10965012	0.950513725	5.567128828	13.74061129	3.665769354	0.847594615	0.953172734	121.5751998	17.86437402	106.0375461	72.15298072	16.97567087	59.0165931	1.592763007	0.72381679	6.398519686	12.63721096	5.577032994	3.304616981	0.842350405	0.950320691	89.78635946	9.82393168	0.973431705	65.00548293	57.17447422	-0.011218758	57.56496983	-0.001405521	2.415636688	33.96893855	15.31961781	17.26832096	1.987479872	7.232181813	6.534537642	18.32084889	34.14374876	NA	NA	NA	NA	NA	NA	NA	NA	NA	NA	NA	NA	NA	NA	NA	NA	NA	NA	NA	NA	NA	NA	NA	NA	46.07823541	48.92669849	76.06162308	65.55247298	193.9864301	138.9366173	45.83353296	48.1509773	76.15444848	65.71892613	192.0294007	136.4118488
wuh09149i	wuh09149i	4.981644733	55.50792941	7.867691299	87.83713345	60.14954227	27.99556458	1.447682968	49.53685761	126.2227909	36.09777683	12.05553663	38.39682989	4.983704834	63.61078	57.22222581	46.04994443	21.69064561	77.64107369	106.2036942	0.207967452	12.55939612	56.55103857	-0.016918324	58.6687305	-0.023513603	-2.128075434	28.47918104	0.94718075	4.368308119	13.72526049	3.581715856	0.860956512	0.955649441	85.74226179	19.49710452	87.22029384	60.47948095	9.881573075	48.98280355	1.259429618	0.073332541	8.002400813	11.71113749	3.64966859	3.122788093	0.806255002	0.945157112	82.15375773	12.03242052	0.886150932	59.47277598	59.37292211	-0.011218735	61.60525443	-0.001410953	3.139288153	26.55016505	15.20995232	18.32165403	2.502279661	6.124205688	6.188372331	17.20614042	29.25503286	NA	NA	NA	NA	NA	NA	NA	NA	NA	NA	NA	NA	NA	NA	NA	NA	NA	NA	NA	NA	NA	NA	NA	NA	50.71620239	53.79339194	72.83530849	60.90499257	186.824053	138.5025772	50.88706688	52.24189274	73.03752357	61.23788425	186.772116	133.4531895
wuh09150i	wuh09150i	6.973674088	53.20461915	16.259635	120.0686146	89.77901706	29.82202704	-0.004713912	55.19294068	114.1342661	36.09510233	14.1380349	53.99070947	3.998897942	70.99998646	24.2999567	50.05044105	15.45297324	76.40747973	103.6811335	-0.03414683	6.611293619	57.599463	-0.016918229	57.41085127	-0.021542948	0.186000993	27.23000997	0.972166685	3.065177791	11.4569842	3.754115608	0.821645633	0.945435354	111.463288	24.82787425	92.66413057	60.40697462	9.468620382	51.48569253	1.342758749	0.008154973	2.376226975	10.49277353	2.683015729	3.548011102	0.832896945	0.92858272	93.54218558	26.03572224	0.922921014	48.49432949	55.90028626	-0.011218735	57.09484093	-0.001407403	2.024355659	32.48925829	NA	NA	NA	NA	NA	NA	NA	305754.6667	251886	168109.3333	3045408	3273243.667	202210.6667	484.3333333	110222.6667	6460341.667	16503.66667	126038.3333	5040.333333	55436.66667	445350.3333	1521632	35313.66667	24318	369328	13845.33333	87175.33333	109697.3333	80565.33333	808769	5878.333333	16.05592361	82.47169169	79.04630849	62.7524772	81.45185124	229.1955599	16.3864087	81.69591645	79.04438303	62.91891774	83.60234704	226.6707069
wuh09153i	wuh09153i	7.617423064	61.63364469	29.23097024	112.2828635	81.64451194	30.89560233	0.365486478	43.6014928	152.9787011	34.88782815	13.61337709	58.10184831	4.96476727	70.6107719	31.43858192	48.96651517	31.68491342	79.66091972	105.3637755	0.150349516	15.91091394	64.12540621	-0.016918586	64.99681135	-0.021921709	-0.845964493	25.96765831	0.901628306	5.712681142	18.11999634	4.156169691	0.815729216	0.942966964	120.4879577	23.38929015	81.38673979	48.80630504	42.42236957	48.13267781	1.426094319	0.169494243	6.696384832	16.67487169	5.253474436	3.227665695	0.805598663	0.902127516	64.42540776	12.58397193	0.940195232	23.15443817	66.71025978	-0.011218552	65.75041101	-0.001407774	1.401328301	32.96246263	18.56197117	21.03838209	2.245301673	5.332302309	5.778107174	17.46736956	34.64659827	NA	NA	NA	NA	NA	NA	NA	NA	NA	NA	NA	NA	NA	NA	NA	NA	NA	NA	NA	NA	NA	NA	NA	NA	46.61716885	66.40169634	79.44845606	63.05254274	229.9931591	179.4108506	47.59895065	65.62597955	79.48454415	63.21897107	231.6522306	176.8861237
wuh09164i	wuh09164i	4.645491806	56.69168358	12.14050364	87.98871535	59.49359444	27.49633621	0.707755852	45.62319098	115.6987946	29.27754641	12.9676838	35.28783306	4.119872106	71.48577965	51.99275444	53.04983954	16.90199235	71.9406141	99.15366492	-0.022288628	9.644376385	56.52379477	-0.016918478	55.75226071	-0.018494772	0.837846952	27.70137707	0.848757874	6.869856333	13.68050483	3.379832182	0.850721914	0.946641692	90.67652587	15.04251558	82.65265797	60.5155471	8.901819255	56.31191172	1.120541776	0.03483342	4.91897259	9.807434289	5.167083516	2.834122907	0.75245038	0.895169991	58.78282443	19.83784285	0.880281532	38.2713846	58.50479724	-0.011218593	59.48251533	-0.001405413	1.234083794	22.52184442	14.55004678	12.89887685	2.143720606	7.229476202	6.413462459	20.41404301	35.28420631	NA	NA	NA	NA	NA	NA	NA	NA	NA	NA	NA	NA	NA	NA	NA	NA	NA	NA	NA	NA	NA	NA	NA	NA	NA	NA	NA	NA	NA	NA	NA	NA	NA	NA	NA	NA
wuh09170i	wuh09170i	6.570322768	53.83211856	15.36789228	112.5554624	81.85108937	29.95669396	0.871679088	56.5798031	129.0860339	32.73617001	11.9196529	50.51223566	3.965426849	62.98577937	48.17857067	56.38335877	17.74801733	84.85779755	108.9650056	0.330481527	6.005347562	55.37518507	-0.016918284	54.8186791	-0.018346998	0.532952406	24.2830147	0.968209791	5.407268018	12.36759582	3.254180939	0.830649436	0.939960214	90.37184734	12.26757475	104.4388991	78.44962608	14.88612738	56.6401234	1.398314032	0.537810208	4.672149194	11.78619495	4.601215759	3.126415341	0.79945012	0.941852959	78.41808994	8.96908708	0.973383814	51.17781566	55.24350886	-0.011218802	56.61033668	-0.001406766	2.33463577	26.41806423	15.33482808	16.55180043	2.551306773	6.830328416	6.151008431	18.12613427	31.29029666	NA	NA	NA	NA	NA	NA	NA	NA	NA	NA	NA	NA	NA	NA	NA	NA	NA	NA	NA	NA	NA	NA	NA	NA	14.55342506	44.79000504	77.58726243	67.89995339	63.50782927	139.532702	14.08512656	44.79006186	77.50155004	67.89996801	61.79467845	139.5325528
wuh09174i	wuh09174i	8.337895756	53.07890387	25.39635606	144.1228845	109.7840474	33.9219893	0.077482578	43.62830549	140.3783559	33.30505101	13.08019443	64.93569105	6.474838819	96.48578058	6.862353065	47.85413267	19.54375616	80.91450157	115.5978817	1.007842188	9.089313405	62.33272846	-0.027651788	63.98260883	-0.017917963	-1.744293368	34.60428951	0.879710497	5.926253166	15.62289098	3.041923268	0.831884076	0.906656405	72.58500322	18.82233755	112.6706048	83.00239018	15.19727542	49.61147078	1.676090237	0.496543541	16.65169752	15.36718267	6.847104226	3.171987131	0.837323541	0.93630677	68.08785869	14.54774219	0.954391839	78.50672212	55.20457691	-0.011218532	57.55831787	-0.001407128	4.456096273	29.7290955	19.55948905	19.99532377	2.538542846	4.553240609	5.554881044	16.19731159	32.28786237	47231	399277	459833	3407452	3514730	668474	551	52950	4971944	343639	176035	33640	15995	1488208	2714564	34708	63603	1284230	41937	467995	258701	669110	2090425	5912	28.47416503	87.51669201	76.65086386	62.7524901	140.0735779	236.4998557	28.13161271	86.74088866	76.73118098	62.91892775	137.0084438	233.9750824
wuh09183i	wuh09183i	11.14549181	54.19168358	22.14050364	98.98871535	74.49359444	23.49633621	0.707755852	47.62319098	141.6987946	28.77754641	11.4676838	85.23783306	3.433033207	63.48579151	1.89417811	48.20802114	9.782028978	53.94175393	66.76315431	1.002264484	8.102892839	58.03913014	-0.055303451	57.57949349	-0.029997637	0.471162965	12.76142325	0.840860642	10.49363314	15.17138164	3.588596014	0.844603927	0.956510768	85.007454	10.66099339	86.4752187	66.44489164	14.66334751	48.7069828	1.25942899	0.195351748	11.29697396	13.20040872	5.178432527	3.095073827	0.801614616	0.933409109	77.08735658	10.32483459	0.967498498	74.78275757	53.85976518	-0.011218388	54.8014858	-0.001406709	2.120430419	19.58481005	18.83938428	18.40044619	2.330538902	4.962750273	5.6699259	17.32155131	30.68693519	NA	NA	NA	NA	NA	NA	NA	NA	NA	NA	NA	NA	NA	NA	NA	NA	NA	NA	NA	NA	NA	NA	NA	NA	29.29700282	74.6716995	74.80345582	48.3025393	126.2637385	141.9250574	28.54362248	73.8960438	74.9036639	48.46895168	128.2977268	139.4004391
wuh09191i	wuh09191i	4.570322768	57.83211856	36.36789228	155.5554624	116.8510894	37.45669396	1.871679088	64.0798031	137.0860339	39.23617001	15.4196529	35.16223566	6.640492283	61.36078821	15.58709498	61.7997665	25.72852913	111.2541483	139.4708333	0.722985417	10.64563264	59.02361484	-0.016918554	59.96044693	-0.023256354	-0.839262572	27.95473609	0.945979691	8.338014567	12.58569438	4.252176096	0.836006191	0.939664967	136.7430698	14.05214548	123.0671618	94.79149309	14.34088387	67.64719224	1.509424846	0.340442335	3.542274596	11.42210428	9.433860908	3.537588661	0.825783605	0.955443621	76.3103474	14.25707576	0.950740697	42.7240556	59.73888546	-0.011218556	61.48809498	-0.001407147	3.254815469	28.01530357	13.63591646	13.83384016	2.39192056	6.359855126	6.45039585	21.70988959	40.77670467	109664	271188.5	72983	725540	1194913	69150	267	10699.5	3187571.5	12090	486623.5	7681	51578.5	152889	605077.5	25206.5	49441.5	501442	60204	232652.5	171922.5	10732	322997	1996	NA	NA	NA	NA	NA	NA	NA	NA	NA	NA	NA	NA
wuh11801i	wuh11801i	11.57032277	52.83211856	29.86789228	130.0554624	100.3510894	28.95669396	0.371679088	45.5798031	136.0860339	33.73617001	14.4196529	88.96223566	6.054457914	98.11077179	50.42613842	53.68860598	27.54560597	75.98003518	105.5777002	0.102466543	12.92720564	56.9590348	-0.016918274	56.72076403	-0.022909246	0.201638179	29.64020193	0.924784605	6.519434553	14.40348115	3.362387985	0.872419707	0.951774805	104.2166186	13.33423183	97.45604464	71.16583207	16.91871825	63.26877889	1.342757489	0.13351774	10.45162682	13.11865757	7.761042658	3.078805091	0.79563305	0.937849931	90.70105234	13.56256543	0.900757639	79.52597912	55.79087409	-0.01121847	58.60937877	-0.001403208	3.805640618	26.31723327	NA	NA	NA	NA	NA	NA	NA	49528	194146.5	99028.5	1383184	1329001.5	176212.5	445461	3054.5	2545569.5	21576.5	42916	8483	35789.5	535800	1269691	68593.5	47250.5	791749	10536.5	168521	102760.5	137491	989407.5	4840	38.29104141	NA	71.28131957	NA	129.3700042	NA	36.50420126	NA	71.25902892	NA	125.7003901	NA
wuh11809i	wuh11809i	NA	NA	17.57275153	98.57593232	80.29375124	17.58231748	0.091181167	34.10575522	NA	NA	NA	-0.414308948	0.096291227	48.0000209	5.593624326	47.20015802	17.96654702	79.41666039	107.0905928	1.328029463	5.046311923	70.95717822	-0.01691846	67.85405119	-0.025238793	3.144672301	27.47933292	0.961990883	7.577133126	14.39094313	3.371793145	0.840490142	0.948482621	81.91114903	19.27885754	136.2183126	102.5443552	32.69529679	51.53217706	1.592760871	1.261630621	11.38296261	15.23595583	6.827902263	3.523546851	0.83720658	0.948970383	79.95696458	15.93191619	0.927787743	55.21064929	56.72155443	-0.011218606	55.99963638	-0.001405716	1.568161542	33.91074621	NA	NA	NA	NA	NA	NA	NA	NA	NA	NA	NA	NA	NA	NA	NA	NA	NA	NA	NA	NA	NA	NA	NA	NA	NA	NA	NA	NA	NA	NA	NA	NA	NA	NA	NA	NA	NA	NA	NA	NA	NA	NA	NA
wuh11810i	wuh11810i	10.83789576	58.07890387	34.39635606	139.1228845	103.2840474	35.4219893	1.077482578	40.12830549	112.8783559	36.30505101	13.08019443	84.18569105	5.031427422	82.36078327	26.77918938	49.10512583	20.98774549	78.15163217	108.561063	0.608321596	14.98661408	69.16518595	-0.016918408	70.54836025	-0.024209423	-1.450728899	30.26304183	0.88335839	9.123032245	13.51928426	3.281175101	0.847398131	0.945645939	88.80181439	12.24160932	106.2497142	77.2918296	21.33917247	50.56424138	1.314984648	0.932599208	20.0135539	12.04657504	6.717806945	2.961908799	0.825538596	0.948975858	66.39219803	13.1491277	0.917355205	60.23062341	62.34447766	-0.011218483	65.70050462	-0.00140632	2.653881849	29.09767466	NA	NA	NA	NA	NA	NA	NA	349002	673028	348579	9757274	10044095	586485	397	154881	14420331	49950	653275	137329	258207	3601607	9341607	320580	1036972	587161	78354	207659	672734	764841	2776216	12486	47.08836225	74.83339608	75.31091616	64.50506903	195.1165988	214.9031092	48.15457145	73.28198685	75.17293958	64.83794916	198.3934474	209.85377
wuh11811i	wuh11811i	10.14549181	54.19168358	25.64050364	126.4887154	91.99359444	34.49633621	0.207755852	47.62319098	130.1987946	40.77754641	16.9676838	77.53783306	6.19150215	154.110769	65.06106138	55.04975801	14.55286674	61.03004561	83.40297737	0.235170092	5.915827069	60.69722384	-0.016918356	61.59256313	-0.020395013	-0.834005164	22.28697507	0.91757189	7.228487719	12.37460655	3.429071649	0.861504309	0.949650524	97.84682536	18.3710264	86.88305865	58.01815479	9.199629813	59.16238012	1.426091975	0.020623707	8.370763326	11.62179476	9.442495811	3.30777414	0.818661989	0.941606009	77.66696304	17.08964005	0.905244336	80.73469897	57.00402488	0.32211512	59.2847331	0.331929478	3.961099419	28.35020782	NA	NA	NA	NA	NA	NA	NA	NA	NA	NA	NA	NA	NA	NA	NA	NA	NA	NA	NA	NA	NA	NA	NA	NA	NA	NA	NA	NA	NA	NA	NA	13.62023719	27.01338184	77.54044677	70.20513811	60.83714272	91.52321886	12.83999938	25.46170704	77.6652294	70.53801321	58.14020932	86.47354372
wuh11812i	wuh11812i	10.85844739	55.33434264	20.21996059	94.66983667	72.27434354	22.26166111	1.063783989	50.15085577	119.2825938	39.97061651	18.06489768	84.26887981	4.470922989	108.7357858	59.45761087	53.13338061	15.90208751	61.01348764	86.59838952	0.312161921	16.41333463	59.36492046	-0.016918303	61.49286017	-0.027369548	-2.148139769	25.57623422	0.881066566	6.22278465	11.55761042	3.667013525	0.848940619	0.955008766	109.4541406	18.11717264	84.01058112	56.23598348	14.02992943	59.1761429	1.509425794	0.210081695	15.80392988	11.78666891	9.722866928	3.439128098	0.861027515	0.957317294	88.52273394	13.63808662	0.826825483	86.07307078	56.07562426	-0.011218642	58.74100514	-0.00140894	3.428361378	27.31336583	NA	NA	NA	NA	NA	NA	NA	109047	374380	155046.6667	3290346.333	2908992	198284.6667	432029	174135	6554934	23207.33333	394448.6667	27266	98132.33333	1180726.333	3005412.333	75041.66667	88922.33333	54676.66667	62446	357166.6667	220926	59661	968863	5926	69.31450355	99.79500109	74.58375085	64.05002407	212.8912185	286.9089246	69.69685924	NA	74.6761965	NA	216.20886	NA
wuh11813i	wuh11813i	9.145491806	50.19168358	20.64050364	114.4887154	87.49359444	26.49633621	0.707755852	43.62319098	104.6987946	40.27754641	14.9676838	69.83783306	1.379840478	59.86077949	4.685222739	54.69995332	7.343970886	45.37454861	61.71415279	-0.055007386	2.42397337	71.08331488	-0.025377336	72.29456013	-0.032211819	-1.211453577	16.86770104	0.882620267	3.317062613	9.356703322	2.463865358	0.828218972	0.906802793	61.72616702	21.84972474	41.36283742	24.13615984	4.483115867	44.18303759	1.370537149	0.451138627	3.852765788	10.90647819	5.282343345	3.325503653	0.792451305	0.940758193	84.35877366	22.01077733	0.894625768	48.52010116	55.2905616	-0.01121872	57.72571614	-0.001407863	0.66181024	17.44986363	NA	NA	NA	NA	NA	NA	NA	NA	NA	NA	NA	NA	NA	NA	NA	NA	NA	NA	NA	NA	NA	NA	NA	NA	NA	NA	NA	NA	NA	NA	NA	42.1997981	78.32669177	79.48754001	62.55257132	203.7037051	212.1153675	41.9910969	NA	NA	NA	NA	NA
wuh11816i	wuh11816i	0.817344123	NA	45.57275153	158.5759323	126.2937512	32.58231748	2.091181167	37.10575522	NA	NA	NA	3.746829893	NA	NA	10.29762738	45.68817142	35.63403485	91.12930912	129.1897881	1.402342659	10.28079565	71.39337718	-0.016918082	75.16651082	-0.020098065	-3.794631201	37.84850265	0.898394434	7.512898612	10.39608803	3.375675226	0.814215628	0.916748459	79.0908621	22.4872652	140.8437771	103.6165118	32.79376038	38.815254	1.426098746	0.316852308	10.70017117	10.12671373	5.807009899	3.1444548	0.837288824	0.924631241	65.81264355	11.81342239	0.974995708	66.75690889	65.00788473	-0.011218561	67.48405625	-0.001406493	0.152736605	37.13830647	NA	NA	NA	NA	NA	NA	NA	NA	NA	NA	NA	NA	NA	NA	NA	NA	NA	NA	NA	NA	NA	NA	NA	NA	NA	NA	NA	NA	NA	NA	NA	NA	NA	NA	NA	NA	NA	NA	NA	NA	NA	NA	NA
wuh12018i	wuh12018i	7.981644733	56.50792941	29.8676913	133.8371334	103.6495423	29.99556458	1.447682968	58.03685761	129.2227909	38.59777683	14.05553663	61.39682989	4.105637855	22.00000773	0.94380632	NA	NA	NA	NA	NA	NA	NA	NA	NA	NA	NA	NA	NA	NA	NA	NA	NA	NA	NA	NA	NA	NA	NA	NA	NA	NA	NA	NA	NA	NA	NA	NA	NA	NA	NA	8.778087097	NA	NA	NA	NA	NA	NA	NA	NA	NA	NA	NA	NA	NA	NA	NA	NA	NA	NA	NA	NA	NA	NA	NA	NA	NA	NA	NA	NA	NA	NA	NA	NA	NA	NA	NA	NA	NA	16.20856052	48.11670203	78.47008019	67.10254592	80.24109747	146.5860816	NA	NA	NA	NA	NA	NA
wuh12019i	wuh12019i	6.070322768	57.83211856	18.86789228	98.55546244	73.35108937	24.95669396	1.371679088	49.0798031	106.0860339	27.23617001	9.419652896	46.66223566	4.107319034	56.61077602	38.37318336	43.96650301	17.39209263	75.7672079	102.5590325	0.841288708	5.82983041	57.65249709	-0.016918257	57.62603748	-0.024366801	-0.098293932	26.1736431	0.923503647	4.81395863	11.13829621	3.083561442	0.850427183	0.935588806	77.51825133	9.788415302	93.45829656	55.72760627	44.39501704	51.51696144	1.953873399	1.140585963	9.793918052	12.31839282	5.107345014	3.485457034	0.821076395	0.946024304	104.5266326	11.33536706	0.926529272	69.83041213	55.81284778	-0.011218453	56.48773724	-0.001409334	2.153423218	37.81345435	NA	NA	NA	NA	NA	NA	NA	NA	NA	NA	NA	NA	NA	NA	NA	NA	NA	NA	NA	NA	NA	NA	NA	NA	NA	NA	NA	NA	NA	NA	NA	25.99538634	NA	79.03302083	NA	126.2369946	NA	NA	NA	NA	NA	NA	NA
wuh12020i	wuh12020i	6.481644733	58.50792941	15.3676913	82.33713345	60.14954227	21.99556458	0.947682968	40.03685761	NA	NA	NA	49.89682989	5.958071198	58.86076806	54.79912695	36.21677345	19.93326327	65.80824902	82.41150479	0.003434738	9.489392019	56.29335573	-0.016918415	56.05051328	-0.020869148	0.202243636	16.89186995	0.935031583	4.900329617	11.52411485	3.536190902	0.841712115	0.960904535	88.45414187	11.60233843	80.17753497	59.29565492	14.69663677	44.07700562	1.342762687	0.255622905	7.116665898	11.89645029	5.146847303	3.274479745	0.794908056	0.937268663	82.77272162	13.67321001	0.96204271	85.43897785	56.35784776	-0.011218605	56.87350221	-0.001401254	2.69109676	21.21677674	NA	NA	NA	NA	NA	NA	NA	NA	NA	NA	NA	NA	NA	NA	NA	NA	NA	NA	NA	NA	NA	NA	NA	NA	NA	NA	NA	NA	NA	NA	NA	107.2562049	87.77000281	68.66676646	54.75001735	338.7822967	190.5568794	NA	NA	NA	NA	NA	NA
wuh12027i	wuh12027i	2.645491806	53.69168358	39.14050364	90.48871535	69.49359444	20.49633621	0.207755852	39.62319098	139.6987946	34.27754641	11.4676838	19.88783306	4.435708842	56.15244632	46.97887001	39.1331435	11.05950445	67.60252139	88.41756374	0.019501948	5.064853391	55.66524753	-0.016918438	56.3600731	-0.020127105	-0.779442228	20.971931	0.919650055	6.148670438	15.38540531	3.433878412	0.869925392	0.957558067	85.56735348	14.13930042	77.26300408	59.10946147	13.28421465	48.07133004	1.342765859	0.397947032	3.018041133	13.61157982	4.028974445	2.967641075	0.845819013	0.933718171	62.58651544	9.697220903	0.927215371	27.27831046	61.04009907	-0.011218647	61.92051639	-0.001405263	0.794230151	18.23135804	NA	NA	NA	NA	NA	NA	NA	NA	NA	NA	NA	NA	NA	NA	NA	NA	NA	NA	NA	NA	NA	NA	NA	NA	NA	NA	NA	NA	NA	NA	NA	NA	NA	NA	NA	NA	NA	NA	NA	NA	NA	NA	NA
wuh12035i	wuh12035i	7.973674088	53.70461915	23.759635	103.5686146	80.77901706	22.82202704	-0.004713912	59.15085577	107.1342661	26.59510233	11.6380349	61.69070947	0.203641659	44.98577997	24.17502093	57.46659983	9.901617614	48.84681288	64.02991559	-0.021546295	2.914682447	61.39864604	-0.016918385	60.21044551	-0.020006058	1.192187203	15.2139013	0.88160327	4.848074873	9.386686581	2.661479559	0.857464115	0.947246038	66.70732311	12.91321757	102.8259123	76.79274154	24.95728005	51.31108253	1.759427246	0.49571457	6.700488545	11.27100849	6.739879878	3.151293563	0.833232323	0.947385984	63.09689373	11.20478337	0.882867061	82.06019084	55.71798646	0.655448027	55.22946143	0.665260705	1.360732082	26.19359954	NA	NA	NA	NA	NA	NA	NA	1434.5	22402	41160	300530	513975.5	5714	394096.5	84230.5	1691162.5	14918	50856	6289.5	35853.5	139273.5	470831.5	40144	382545	270973.5	11827.5	232288	213952	4316.5	228507	749.5	97.11542746	119.7233816	70.20514133	57.00503448	321.2588687	282.8426636	NA	NA	NA	NA	NA	NA
wuh12037i	wuh12037i	10.04225403	59.27407967	15.95835887	116.3496106	85.00200687	31.35596009	1.029409714	55.05810492	96.86594041	26.84645175	12.06534619	77.22625091	3.596061035	51.90245432	12.54632908	62.575428	11.60240295	75.49971186	104.2875483	1.322496277	9.392399599	66.72555252	-0.025377303	66.90420083	-0.030666665	-0.20380902	28.82322678	0.840211665	8.085261632	13.4797605	3.282572004	0.849088958	0.946665068	79.65950028	15.47562197	112.5404078	85.59784905	17.35266588	57.9421595	1.231650159	1.721253913	9.596286513	13.02121575	7.716803607	3.08888722	0.804617391	0.920982447	71.41752	11.08826266	0.915886916	55.88749397	58.6402883	1.322114935	58.76598451	1.331926543	2.321840354	26.82547662	NA	NA	NA	NA	NA	NA	NA	347043.3333	143288.6667	190828.6667	1929617.333	3175887.667	42956.33333	60968.33333	31477.33333	9625347.667	94365	570398	114746	183170.6667	3166134.667	3686039.333	121884.3333	394790.3333	360947	59006.33333	128044.6667	403131.6667	16467.66667	531320.3333	4996.666667	6.960482628	27.32668727	75.60034437	70.30256038	31.61766144	92.59048175	NA	NA	NA	NA	NA	NA
wuh12039i	wuh12039i	7.042254027	56.77407967	18.45835887	106.3496106	80.50200687	24.85596009	0.529409714	26.88118423	110.8659404	34.34645175	12.56534619	54.17625091	5.960884159	76.36078401	6.806227883	48.1916047	-3.393325195	27.91505358	48.16671128	NA	2.021393987	74.50644422	0.004548462	77.29080635	-0.023418492	-2.862106849	20.39818442	0.851922235	2.66428793	7.057872202	2.485604971	0.686912714	0.889628837	101.8228369	16.58166277	33.45954162	20.14498245	9.893123853	33.38696455	1.537201075	1.017592237	2.60908384	11.17331455	7.623140789	3.279994186	0.82581422	0.936874344	77.75172932	13.89562896	0.931691201	44.80225488	55.28368432	-0.01121896	55.80596015	-0.001406407	3.256852076	13.7639891	NA	NA	NA	NA	NA	NA	NA	NA	NA	NA	NA	NA	NA	NA	NA	NA	NA	NA	NA	NA	NA	NA	NA	NA	NA	NA	NA	NA	NA	NA	NA	68.37342506	76.47000504	NA	65.09995339	NA	219.1117396	NA	NA	NA	NA	NA	NA
wuh98032	wuh98032	NA	64.82346511	16.89635606	120.6228845	94.28404739	26.4219893	3.077482578	54.62830549	NA	NA	NA	-0.414308948	3.670121344	27.27744218	38.16886002	52.05018471	18.18942207	86.92710256	116.4089533	0.145454932	3.54415534	61.9620127	-0.016918247	62.04278814	-0.021324832	-0.125983759	28.90052989	0.934033537	6.456891753	10.23259971	3.683319742	0.833177616	0.954442025	92.65231342	14.97552644	115.6847617	84.60244492	12.43350098	56.39050892	1.509425171	0.230981848	1.766809037	10.95346802	9.660041193	3.405900646	0.801258526	0.939266583	63.24620824	9.898541467	0.906063842	43.88396554	60.410886	-0.011218772	60.52549682	-0.001406357	2.932924923	31.14038777	12.98523027	12.42403217	2.320004565	7.061598198	6.765622741	23.10760319	43.4585001	NA	NA	NA	NA	NA	NA	NA	NA	NA	NA	NA	NA	NA	NA	NA	NA	NA	NA	NA	NA	NA	NA	NA	NA	NA	NA	NA	NA	NA	NA	NA	NA	NA	NA	NA	NA